document_id,terms
820d93,panalpina|logistics centre|multimodal transport|last-mile delivery|ocean freight
a8b94f,qatar airways|qatar airways cargo|airways cargo|qatar|airways
fb38a3,flower|data sharing|scmp|air waybills|holland flower
bea2db,turkish cargo|turkish|square metre|cargo operations|healthcare products
a831f9,global perishables|perishables|cfi|acquisitions|perishables network
e274b8,lug|health care|hcc|health care center|care center
87fc49,kale logistics|kale|cargonaut|india|air cargo
69b452,e-booking platform|rigel|air cargo|e-booking|india
c6aaab,lufthansa cargo|air cargo|lufthansa|startup|air freight
a97d6b,hyderabad|hyderabad airport|cargo charter|charter|gmr
c294f0,supply chain|dhl supply|dhl supply chain|emerging technologies|dhl
e244dc,cargo eye|eye|finnair cargo|finnair|cargo eye solution
475262,frankfurt airport|swissport|cargo services|senior vice|senior vice president
f3dd3b,gavi|vaccine|supply chains|immunisation|deutsche post
5d2b59,air cargo|liege airport|liege|nallian|open data
1320c0,lhr|american|room|american airlines|american airlines cargo
f28883,dangerous goods|lufthansa cargo|dangerous|infr8|dangerous goods declaration
2c6e56,lufthansa cargo|cool centre|square metres|lcc|starts work
d9887b,delta|delta cargo|bluetooth tracking|tracking technology|tracking
a4c7fa,teleport|zeal global|zeal|zeal global services|global services
a2bc85,airbridgecargo airlines|pharmaport 360|sonoco thermosafe|sonoco|360
f41808,cbsa|tgc|champ|champ cargosystems|customs authority
a5efcf,supply chain|waste|cool chain|cool chain association|chain association
98a4d1,food waste|food|cool chain|schuler|nfc
26b147,uld|air cargo|ideas|aerotherm|finalists
c2ad22,sky fresh|abc|sky|fresh|app
aeeee3,trailers|temperature-controlled trailers|kn pharmachain|pharmachain|luxembourg
29841a,cargologic|iata ceiv|ceiv pharma|pharmaceutical products|zurich airport
19ff0e,amerijet|all-cargo airline|temperature controlled|earn iata|earn iata ceiv
98b9ec,san juan|juan|san|puerto rico|puerto
93df09,asiana|ibs|asiana airlines|asiana cargo|icargo
c52eba,express imports|click2ship express|click2ship|click2ship express imports|ami
163c16,cool center|lufthansa cargo|lufthansa cargo cool|lufthansa cargo cool center|cargo cool
21d37f,etihad cargo|etihad|control center|cargo control|cargo control center
12d2ef,stretton|crane worldwide|new customer|stretton said|crane
4c6f85,air cargo|air cargo community|cargo community|air cargo community frankfurt|cargo community frankfurt
89f9b2,aisats|aisats coolport|perishable cargo|india|coolport
3f384d,unilode|onasset|readers|bluetooth|aviation industry
b2c3f3,supply chain|supply chain management|chain management|end-to-end supply|end-to-end supply chain
e6a436,temperature-controlled cargo|brazil|panalpina brazil|cold chain|tonet
99bc51,square meters|meters|swissport|brussels airport|pharmaceutical center
541517,life sciences|competence center|pharmaceutical products|degrees celsius|section
c8ad4e,free airport|brussels airport|mvd free|mvd free airport|mvd
eb9bd6,booking|air cargo|iag cargo|air cargo industry|cargo industry
ef7aa5,cold chain|tnt|medpak|packaging|new cold
370b99,ups|sq ft|distribution space|distribution network|healthcare operations
ab0922,air cargo|supply chain|tiaca|jan de|jan de rijk
3facbd,brussels airport|air cargo|data sharing|app|brucloud
04e2dd,air cargo|logitrans|istanbul|turkey|new airport
3cb955,lug aircargo|lug aircargo handling|aircargo handling|health care|dominik misskampf
ed2f9a,virgin atlantic|virgin|virgin atlantic cargo|atlantic cargo|pharma zone
b6df2a,brussels airport|building|brussels|investment|area
6dc3ba,dhl express|wmx|dhl|express|latin
0d8c8a,van stekelenburg|pga|stekelenburg|schiphol|van
da582b,flower|floriculture|flower shipment|air waybill|amsterdam airport
346a0c,pharmaport|cathay pacific|sonoco thermosafe|pharmaport 360|temperature controlled
87ce5c,uld|uld fleets|riekert|jettainer|decision
eb9449,air cargo|lux-airport|eal|luxembourg|airport operators
0d16cf,brussels airport|app|customs export|brucargo|customs export app
6c2384,iag cargo|iag|allread|uld|finalist
659eaf,air cargo|digistics|unisys|allow carriers|efficient routes
3fe5a7,digistics|unisys|cargo solution|air cargo|allows carriers
bcf241,app|brucargo|brussels airport|brucloud|community platform
b47125,rsa|rsa global|fulfilment|new fulfilment|fulfilment solution
f9e9f0,dhl|arc|logistics center|asian region|urban
1ec7e3,handling agent|license plate|plate|dakosy|röhlig
bcb769,lufthansa cargo|lufthansa|ibs|went|great leap
ca70a2,air cargo|sustainability|tiaca|champ|champ cargosystems
2ae73d,ilogistics center|engel|ilogistics|parts|spare parts
920388,air cargo|masterclass|data sharing|tiaca|air cargo belgium
388c3b,air india|unisys|cash flow|cash|digistics
316201,iag|iag cargo|hangar 51|10 weeks|ideas
ba2c74,tarvainen|tarvainen said|helsinki|finnair|finnair cargo
b4ddb3,dfw|ackerman|cargo strategies|board|air cargo
25dbaa,aisats|cargo handling|india|air india|perishable cargo
4f6e0b,counts|af-klmp cargo|af-klmp|air france-klm|big data
808f8d,dubai|freight forwarding|dnata|dubai express|bolloré logistics
702652,shanghai pharma|shanghai|supply chain|dhl|life sciences
84a17a,panalpina|frankfurt|healthcare|gdp|new frankfurt
95663d,air cargo|unctad|cargo-xml|customs authorities|risk assessments
680c66,db schenker|schenker|dlc ii|square meters|dubai
b2075e,ibs|cargo management|cargo management system|management system|american airlines
90e523,ceiv|ceiv certifications|independent validator|certified|entities
0c710f,panalpina|quotations|rate|germany|booking platform
f86d94,qatar airways|qatar airways cargo|airways cargo|qatar|cargo carriers
52c150,cargocast|new digital|game-changer|diephouse|rfid
6cd324,delta cargo|delta|global carrier|gareth joyce|gareth
af38d5,innovation award|finalists|entries|air cargo|abu dhabi
4d106d,dfw|ceiv pharma|pharma certification|dallas fort|dallas fort worth
f91420,dfw|ceiv pharma|hyderabad|ackerman|pharma
67ba35,aisats|trial operations|aisats coolport|air india|air cargo
02ee93,pactl|abc|temperature sensitive|shanghai airport|iata ceiv
30f410,qantas freight|e-freight|air cargo|e-freight initiative|qantas
047034,supply chain|air cargo|pharma|ceiv pharma|percent
d0452d,echeumuna|reg echeumuna|vice president|reg|aerospace
a13242,lufthansa cargo|joint-venture|lufthansa|numerous|europe
51c86a,amerijet|amerijet international|all-cargo airline|temperature controlled|amerijet international airlines
f25e0a,wait times|app|brussels airport|waiting|slot
85c6d9,turkish cargo|turkish|pharma certification|turkish cargo said|cargo said
229794,mnx|new york|york|pharma logistics|life sciences
c609cf,air cargo|lufthansa cargo|programme manager|vice president|maresch
2c1870,özen|tiaca|tiaca board|air cargo|turkish
43a146,iris|freight forwarder|geodis|offers online|geodis offers
bb468d,cathay pacific|cathay|pacific|cargo terminal|air freight
6f627c,brazil|medical express|medical express service|express service|dhl express
733bd1,american airlines|american airlines cargo|airlines cargo|customer experience|team members
f9569e,korean air|korean|ibs|korean air cargo|air cargo
c09f2d,tigers|storage capacity|varona said|end-to-end supply|end-to-end supply chain
5e89f7,panalpina|internet connect|single|voice|intelligent
278134,trinium|wisetech|tms|wise tech|wise tech global
a03ac8,dhl air|dhl|ocean|dhl global|dhl global forwarding
a6176d,dhl|unmanned aerial|unmanned aerial vehicles|aerial vehicles|shenzhen
322b68,hamburg airport|hamburg|hamburg airport cargo|hamburg airport cargo center|airport cargo
1b0c77,life science|dhl global|dhl global forwarding|global forwarding|amsterdam airport
c50e9a,iag cargo|supply chain|exelsius|iag|life science
477e81,cargo control|cargo control center|control center|delta cargo|gareth joyce
6ebbde,cargolux|fuel consumption|trinkaus-solutions|lower|lower aircraft
129856,skyspace|globalink|skyspace cargo|instant quote|global value
ffc4a5,zebraxx|partnership deal|delivery information|kuehne|nagel
ff2ba3,sanofi|geel|kuehne|nagel|nagel wins
feb903,ups|healthcare distribution|healthcare facility|roermond|healthcare
43b466,logistics tech|logistics tech accelerator|tech accelerator|accelerator|startups
344baa,logistics industry|ibm|artificial intelligence|ai technologies|great pace
966f1a,brussels airport|brussels|buildings|logistics buildings|brussels airport company
898ee1,air cargo|mercator|open api|open api platform|api platform
24a176,lufthansa cargo|transport solutions|heyworld|lufthansa|timo schamber
c94155,parcel|deutsche post|deutsche post dhl|deutsche post dhl group|post dhl
14f3d9,wisskirchen|echos|topsystem|wisskirchen opts|mechos
5f1979,blockchain technology|supply chain|blockchain|vice president|innovation lab
37170e,pharma logistics|logistics hub|pharma logistics hub|healthcare industry|chilean
c70012,latam cargo|product portfolio|new product|new product portfolio|latam
29f36d,quality corridor|sia|quality corridor network|corridor network|singapore airlines
b69e1f,dhl global|dhl global forwarding|global forwarding|air freight|dhl
e2259a,emirates skycargo|emirates|skycargo|pharma corridors|pharmaceutical cargo
37d394,pharma centre|wfs|centre|new pharma|new pharma centre
126109,etihad cargo|cool chain|etihad|cool chain association|chain association
624b64,mabkargo|ceiv pharma|mab kargo|signing ceremony|chief executive
d92e49,aero|supply chain|international airport|mvd|free airport
80bd8e,siemens|mindsphere|airport operations|passenger|siemens offers
9e3128,ceiv pharma|etihad cargo|etihad|iata ceiv|abu dhabi
ea0732,air cargo|digitisation|air cargo community|air cargo community frankfurt|cargo community
a248c5,cargo facts|demovation|cargo facts emea|facts emea|demovation challenge
c6d775,panalpina|business units|supply chain|pharmaceutical products|global head
091402,xware|acquires xware|message|wisetech|wise tech
6f34e6,korean air|korean|ibs software|air cargo|ibs
cd55c3,brucargo|ground handlers|app|air cargo|cargo communities
af1b33,praises|processing time|db schenker|export teams|sats
382565,uk mhra|dnata|mhra|cargo handler|cargo handler dnata
d9634b,american airlines|cargo management|american|ibs|cargo management system
02296b,lufthansa cargo|transport solution|heyworld|reliable transport|reliable transport solution
4ae108,siemens|constance|sppal|airport logistics|new manufacturing
21689f,pharma center|swissport|swissport pharma|swissport pharma center|brussels airport
363e35,air france|blue credit|air france klm|france klm|blue
76acf0,freight forwarders|pangea|freightalia|pangea group|automatic
1fd076,airfreight companies|brussels airport|polmans|johnson|airports
063b0f,tyler|aa cargo|american airlines|american airlines cargo|airlines cargo
aeef09,hamburg airport|hamburg|pilot project|air cargo|cargo center
d04d76,schiphol|pilot project|mainport program|pilot|mainport
e83e31,supply chain|passive|temperature control|passive packaging|containers
722280,square metres|finnair|finnair cargo|cargo terminal|degrees celsius
e51829,vse|vse aviation|aviation|supply chain|supply chain management
a16956,supply chain|pga|schiphol|pharma efforts|jonas van
6ea056,air france-klm|france-klm|new facility|same-day|klm
2e66ba,sia|thrucool|ceiv pharma|ceiv pharma certificated|pharma certificated
5c5af3,eaton|dhl|rheinbach|distribution centre|dhl supply
cd2b55,cca|cool chain|supply chain|food loss|grower
f90f40,nca|freight forwarders|nippon cargo|nippon cargo airlines|cargo airlines
5fe9b7,alibaba cloud|alibaba|pai|cloud|artificial intelligence
4673a3,worldwide logistics|va-q-tec|tempchain service|tempchain|tempchain service center
7ebfcc,white cover|cool chain|white cover advanced|cover advanced|white
1a697b,speedcargo|tumcreate|air cargo|sats|robotic air
ce1050,solace|air carriers|help air|help air carriers|core
8690ad,slot|brussels airport|slot booking|slot booking app|booking app
63d208,alibaba|bolloré|bolloré group|alibaba group|cainiao smart
b9a716,bh airport|emirates skycargo|vaccines|horizonte|emirates
1badea,korean air|korean|management system|cargo business|digital transformation
4e7ec1,air cargo|supply chain|life sciences|gdp|conference
a2da5f,singapore|country head|square metres|asia-pacific|gallagher
be7345,kiosks|swissport|brussels airport|waiting times|database
f699da,latam cargo|croamis|air cargo|latam|wipro
761542,venlo|food|fresh park|fresh park venlo|park venlo
65ffed,vienna airport|ilogistics center|cargo-partner|vienna|ilogistics
df8a8e,lufthansa cargo|cool center|lufthansa|new cool|new cool center
e08a0b,jfk|swiss worldcargo|wfs|swiss|worldcargo
2880c8,sstl|supply chain|secure trade|secure trade lanes|trade lanes
8ba8f7,lawler|pharmaceutical manufacturers|therapy|cold-chain|pelican biothermal
748932,freight bro|bro|middle east|freight forwarder|digital platform
5280a6,el al|online booking|books|spira|leaving
7ae825,cold chain|medpak|tnt|cold chain packaging|chain packaging
df8e87,logistics hub|pharma logistics|kuehne|nagel|chilean
53fbeb,ceiv pharma|pharma certification|riogaleão|ceiv pharma certification|riogaleão cargo
0dcdac,fleet logistics|lufthansa cargo|fleet|lufthansa|air cargo
9507cd,transsion|transsion holdings|dhl|mobile phone|dhl global
a115bd,patrik tschirch|lug|patrik|tschirch|munich
df98d8,lufthansa cargo|joint venture|cargo joint|cargo joint venture|jointly managing
2fbd39,lufthansa cargo|joint venture|lufthansa|venture|joint
16ff31,shipa freight|shipa|allowing users|online|freight online
d9fcf1,militzer|münch|lufthansa cargo|customs clearance|myaircargo
e2a3f1,klm cargo|supply chain|klm|pilot project|schiphol cargo
c95d47,abu dhabi|etihad cargo|ceiv pharma|abu dhabi international|abu dhabi international airport
2ca595,qatar airways|qatar airways cargo|airways cargo|qatar|cargo carrier
c492dd,supply chain|community system|task force|supply chain visibility|chain visibility
29ec05,dhl global|dhl global forwarding|global forwarding|iata ceiv|dhl
500abc,alha|cathay pacific|ramps|cathay|ramps services
a27d63,pharmaport|thermosafe|cargolux|data-collection|leases
b8824e,pharma center|brussels airport|swissport|new facility|swissport international
02d069,ontic|parts|support ontic|heathrow|stocked
c739b8,control tower|cargo movements|special cargoes|tower|disruptions
8bda2e,brussels airport|blockchain|brussels airport cargo|airport cargo|air cargo
934601,iag cargo|gdp|course|exelsius|training course
df580a,grünenthal|logistics partner|kn pharmachain|pharmachain|traceability
fa68b2,etihad cargo|ccc|etihad|new cargo|new cargo control
db2594,air cargo|mercator|warehouse app|intelligent cargo|intelligent cargo ecosystem
1418f1,ceva|new dublin|control facility|temperature control|airport industrial
11b90c,supply chain|kn esp|esp|new digital|new digital supply
7e6315,frankfurt airport|swissport|frankfurt|air cargo|foundation stone
b8062a,ups|marken|clinical trials|clinical|healthcare logistics
faa6ba,wca|win|awbs|multinational|debenedette
cf7903,cargo eye|finnair|control center|finnair cargo|eye
00c411,hong kong|strengthen cooperation|share experiences|best practices|mou
4e7716,perishables|panalpina|ccg|perishables network|24 hours
8095b0,ceva|fulfilment centres|e-commerce|business wins|new business
224ce3,be-gate|liege|e-commerce|cross-border e-commerce|belgian customs
ef5bab,lufthansa cargo|lufthansa|cargo customers|self-service terminals|status updates
a88a19,jettainer|lightweight pallet|lightweight|pallet|aviation sector
b21c27,shipbob|saxena|e-commerce logistics|startup shipbob|saxena said
281b13,logi-sys|softlink global|softlink|90 airlines|air waybill
8033d7,brucargo|app|customs export|customs export app|export app
8e5ad7,swissport cargo|swissport|material handling|material handling system|handling system
8eedb5,ceiv pharma|dhl|ceiv status|global forwarding|ceiv pharma standard
0946db,csafe|china airlines|csafe global|csafe rkn|china
a5e6ad,militzer|münch|myaircargo|lufthansa cargo|private customers
aca3dd,multimodal americas|taking place|supply chain|canada|multimodal
d1b09e,ceva|temperature controlled|temperature controlled facility|controlled facility|medical products
affe74,iag cargo|life science|gdp|course|exelsius
986d2d,air cargo|air cargo strategy|cargo strategy|masterclass|air cargo belgium
5d2534,air cargo|pharma transporters|brussels airport|air cargo forum|cargo forum
15c3bf,envirotainer|qep accreditation|qep|airbridgecargo|abc
90e74e,opticoolers|cool container|dokasch temperature|dokasch temperature solutions|temperature solutions
98c283,iata net|iata net rates|net rates|net|rate
fee16e,unilode|airbridgecargo airlines|airbridgecargo|uld management|ble
c54d24,accenture|air cargo|saas|air cargo suite|cargo suite
180534,innovation awards|cargo innovation|cargo innovation awards|finalists|submissions
da90af,new airfreight|airfreight|consolidate|aerospace|changi
dde2a8,sutch|flights|pharma flights|emirates skycargo|sutch said
e0160c,global cargo|supply chain|e-freight|swiss|iata steps
ddbeb4,digital freight|air cargo|freight forwarders|panalpina|platforms
ff2d12,parcel international|12send|schiphol|klm|klm cargo
9e9370,ceiv pharma|dallas fort|dallas fort worth|fort worth|logistics partners
8394cc,lufthansa cargo|air cargo|lufthansa|start-up|lufthansa cargo invests
f07743,etihad cargo|etihad|dubai airshow|european customers|managing director
d315f0,riogaleão|brazilian|ceiv-pharma certification|rio de|rio de janeiro
9ef90c,solace|air carriers|help air|help air carriers|core
838200,turkish cargo|turkish|turkish airlines|independent validators|pharmaceutical logistics
8f3bb5,etihad cargo|etihad|booking|air cargo|booking processes
516b96,iag cargo|iag|va-q-tec|va-q-tainers|rental deal
44b4b1,cold chain|temperature|pharmaceutical products|pharmaceutical|temperature ranges
523281,air cargo|bru|brucloud|blockchain|app
d2cde6,ocean freight|quote|ocean|dhl global|dhl global forwarding
ac0dc2,fedagsa|metrojets|e-cargoware|fedagsa members|air waybill
6b5fd3,dhl global|dhl global forwarding|global forwarding|iata ceiv|dhl
f44136,pharma logistics|supply chain|schiphol cargo|pharma|schiphol
2be875,logistics hub|new facility|singapore|singapore logistics|singapore logistics hub
0b8652,hangar|supply chain|air cargo|air logistics|air logistics platform
3b3973,iag cargo|iag|significant investments|authorisation|testament
0f0158,air cargo|airport communities|supply chain|communities|tiaca
44f3cc,supply chains|storm|seasons|hurricanes|tropical storm
c3272a,accs|air cargo|community system|air cargo community|cargo community
7d6fea,virgin atlantic|csafe|virgin atlantic cargo|atlantic cargo|csafe rap
c7fb4a,slot|slot booking|time slots|slot booking app|booking app
26bf1c,pharma zone|virgin atlantic|virgin atlantic cargo|atlantic cargo|delta cargo
569942,aero|supply chain|best practices|expeditors|pharma logistics
5bc454,unilode|unilode aviation|unilode aviation solutions|aviation solutions|onasset
41d5ae,kn freight|kn freight net|freight net|quotations|net
16eda6,ccg|cool chain|panalpina|acquisition|acquisition spree
34e945,be-gate|liège|customs platform|excise|e-commerce
0f14b7,icodes|load planning|tapestry solutions|ustranscom|tapestry
440f0e,nax|neutral air|neutral air partner|air partner|education
92d598,cool chain|cool chain association|chain association|sustainability|sustainability matters
95701c,online booking|etihad cargo|etihad|booking|managing director
a88a27,lufthansa cargo|lufthansa|lufthansa cargo steps|cargo steps|e-freight drive
934b8a,ceiv pharma|fiumicino|ceiv pharma certification|pharma certification|gains ceiv
632257,perishables|interfresh|panalpina|ccg|cool chain
5b8922,calamp|global airlines|high-value cargo|cargosense|environmental
da43b5,january 2015|ccs|fraport|2015|january
bf820a,ceiv pharma|pharma certificate|riogaleão|riogaleão cargo|air transport
f2c0e3,brussels airport|air cargo|cargo services|bru|brussels airport responds
174cc3,lufthansa cargo|offer spot|offer spot market|offer spot market capacity|spot market
6c3564,cool chain|patients|cool chain association|chain association|broader range
0e7e67,free airport|mvd|mvd free|mvd free airport|iata ceiv
7a7c24,cfi|perishables|kuehne|nagel|global perishables
3c9e48,express imports|click2ship express|click2ship express imports|ami|click2ship
3d9003,iata ceiv|pharma centre|wfs|paris|iata ceiv pharma
01e271,nanocool|peli biothermal|peli|biothermal|life science
088a10,pharma corridor|hong kong|brussels airport|corridor|hkia
e99a8e,csafe|qatar airways|rap|csafe rap|qatar airways cargo
e12ca6,abu dhabi|dhabi|etihad cargo|abu|etihad
c874d9,lug|ground handler|management structure|tschirch|structure
0e4b87,dhl|dhl global|dhl global forwarding|global forwarding|shanghai
5b90d4,delta cargo|air waybills|book|website|delta
baffdb,yusen|yusen logistics|campus|yusen logistics benelux|logistics benelux
3be6c9,etihad cargo|etihad|freight forwarders|air cargo|shadid
12eafd,virgin|virgin atlantic|virgin atlantic cargo|atlantic cargo|pharma zone
839f2c,abc|rkn|airbridgecargo|centigrade|pharma
0fd679,pharma gateway|pharma gateway amsterdam|gateway amsterdam|iata wcs|van der
2ef89a,jda|wms|panalpina|jda wms|management system
5ced90,cargo iq|data project|certification scheme|rebranding|members
db4c9a,amerijet|airport operators|air cargo|all-cargo|miami
1ffe65,air france|counts|air france klm|air france klm martinair|air france klm martinair cargo
83b724,swiss worldcargo|worldcargo|swiss|ceiv-pharma certification|ceiv-pharma
69b8e2,scanpartners|e-cargoware|gssa|cargo management|gssa firm
6d5d47,psa|sats|supply chain|multimodal|singapore
773a23,pcm|gel|cct|koolit advanced|koolit advanced pcm
4d894d,skypooling|uld|jettainer|online|platform
1ce032,air cargo|supply chains|working group|shawdon said|electronic supply
406d64,pga|schiphol|cargo community|airbridgecargo airlines|amsterdam
8c269c,smart facility|audit|sfoc|cargo terminals|cargo terminal operator
b86885,etihad cargo|etihad|european markets|managing director|online platform
4a5f27,cut flowers|flower|airflo|fresh cut|fresh cut flowers
9696b0,etihad|technology platform|etihad cargo|sprints|cargo technology
01724d,air france|air france klm|france klm|mexico|los angeles
cd8455,pharma corridor|hong kong|brussels airports|corridor|pharma
29d3ee,control tower|special cargoes|tower|disruptions|abc
44f7a4,slot booking|liege airport|slot|liege|lachs
f3b4bd,square metres|ceva|distribution centre|spare parts|born
b228ce,copenhagen|wfs|pharmaceutical products|pharma facility|copenhagen airport
8f6edf,ceiv fresh|hong kong|fresh|fresh certification|perishable
615f48,lufthansa cargo|logistics tech|logistics tech accelerator|tech accelerator|lufthansa
f078e0,claim|airbridgecargo airlines|cargoclaims|abc|airbridgecargo
78a041,printing|shapeways|panalpina|manufacturing|strategic partnership
96a55e,interfresh|cargo connection|panalpina|perishables|latin america
23f583,joint venture|lufthansa cargo|venture|cargo joint|cargo joint venture
b8a08e,qatar airways|qatar airways cargo|airways cargo|dokasch|cool chain
d7f64b,lödige|lödige industries|dnata|new uld|new uld handling
76592f,air cargo|cargo industry|air cargo industry|ibs|leverage digital
9fb11e,aero|ceiv pharma|alha group|international airport|pharma
85cc63,otb|blockchain|trade documents|chong|crimsonlogic
002b31,innovation centres|supply chain|utrecht|new innovation|new innovation centres
0d97f1,air cargo|air cargo community|cargo community|frankfurt|air cargo community frankfurt
7e0e0a,iata ceiv|dhl global|dhl global forwarding|global forwarding|dhl
56a535,dhl express|dhl|brazil|wmx|clinical trials
ad338e,cargolux|evangelakakis|pharma traffic|china|pharma
6839e9,cargo industry|unisys|air cargo|mobile devices|navaratnarajah
6d45e2,lufthansa cargo|lufthansa|plug|supply chain|play
79ecf2,dnata|ceiv pharma|dubai|pharma-handling|certification
470a22,air india|unisys|india|cargo platform|cash flow
858260,personalised medicines|personalised|medicines|latin america|dhl global
37a5cf,cargo-partner|slovenia|ljubljana|ilogistics center|ilogistics
56f5e9,brussels airport|dolly|missing link|airside pharma|airside pharma transporter
d9dd45,paris cdg|cdg|wfs|pharma centre|paris
686dec,innovation centers|supply chain|supply chain management|chain management|new technologies
3cf4d4,oman air|oman|pallet positions|air cargo|square metre
8f40f4,pharmaport|cathay pacific|pharmaport 360|sonoco|cathay pacific cargo
741937,uld|air cargo|air new|air new zealand|new zealand
5e7691,temperature controlled|supply chain|tcl|tcl 2019|temperature controlled logistics
08dd8d,oman air|oman|air cargo|cargo facility|pallet positions
e771a4,share information|cool chain|supply chain|ups|cool chain association
cf0aa3,event|venues|event organisers|contracts|pegler
06130f,brussels airport|logistics building|tenants|rainwater|lays
fbeab6,lufthansa cargo|air freight|lufthansa|spot|air cargo
c16265,central spacewaye|segro|spacewaye|hill|sq ft
19d365,food safety|pml|packing|logistics firm|logistics firm pml
c01080,masdar|masdar institute|etihad|etihad cargo|institute
585e4b,wecargo|liege|liege airport|alibaba|wecargo event
9ba37a,pcf|ceiv pharma|frankfurt|pcf celebrates|pcf celebrates ceiv
d3f66a,pharma logistics|zet farma|zet|farma|pharma logistics market
5da7b3,etihad cargo|etihad|ceiv fresh|perishable logistics|air cargo
2d7394,swissport pharma|swissport pharma center|pharma center|swissport|square metre
58361c,latam|latam cargo|bluetooth tags|bluetooth|unilode
92398f,real-time quotes|quotes|company said|shipment visibility|panalpina
2fa383,ramco|ap cargo|philippines|logistics software|ramco logistics
59032c,lufthansa cargo|quintiq|supply chain|lufthansa|workstation
51663d,pharma corridor|hong kong|brussels airport|corridor|pharma
46bdb7,cargo signal|signal|iag cargo|iag|sensor-based
c91a99,etihad cargo|messaging system|airline said|online booking|etihad
c7f434,swissport cargo|material handling|material handling system|handling system|swissport
c7cb9d,albonair|cargo-partner|exhaust aftertreatment|exhaust|aftertreatment
f3419e,ups|distribution space|healthcare-related|healthcare|ops
68a1dc,air france|air france klm|france klm|pga|schiphol
c5f9fa,nurse giving|cool chain|share information|nurse|new normal
c6aa27,abc|rkn|shipment trial|dhl global|dhl global forwarding
539969,air cargo|air cargo belgium|cargo belgium|nxtport|belgium
de7c53,tussing|ms tussing|airlines cargo|united cargo|tempcontrol service
6ad31d,e-freight|airwaybills|trade lane|norway|paper-free
c3932b,tum create|tum|speedcargo|sats|cargo eye
bee95f,dfw|international airport|certification|ceiv-pharma certification|logistics partners
2d0e37,fedex|asia pacific|fedex express|cold chain|pacific
a4df5e,air cargo|square metres|pharma handling|pharma handling centre|handling centre
962a8d,bolloré logistics|freight forwarding|bolloré logistics uae|logistics uae|bolloré
1c2827,e-awb|air waybill|forwarders|air cargo|air cargo industry
aa16e8,lodige|lodige industries|cargo terminal|turkish cargo|terminal
704c46,control tower|special cargoes|tower|disruptions|special
7fa992,air cargo|global trade|india|air cargo india|cargo india
b19ba1,blockchain|freight forwarder|bita|panalpina|blockchain applications
04af93,air cargo|air cargo supply|air cargo supply chain|cargo supply|cargo supply chain
79b9c4,world cargo|world cargo symposium|cargo symposium|air cargo|favorite moments
1d069d,air cargo|bcube|ostend-bruges|bcube air|bcube air cargo
2a307f,dwc|dnata|ceiv pharma|pharmaceutical products|dxb
1d4812,mnx|mnx global|lfs|logical freight|logical freight solutions
cbfadb,supply chain|air cargo|air cargo supply|air cargo supply chain|cargo supply
4184de,blockchain technology|flydubai cargo|innovation lab|flydubai|blockchain
4e3af0,shanghai|shanghai pudong|shanghai pudong airport|pudong airport|china
dd9bdc,jettainer|skypooling|uld|uld management|loomans
4a8169,1gsa|e-cargoware|gssa|gsa|preferred supplier
54318a,flower|supply chain|flower shipment|air waybills|data sharing
e3308b,pharma shipper|schiphol|early warning|early warning system|warning system
848dee,american|american airlines|american airlines cargo|airlines cargo|certification include
854a96,cargocast|diephouse|new digital|rfid|new digital platform
385cd4,air cargo|gtr|malaysia|air cargo hub|cargo hub
42b63b,air cargo|bcube air|bcube air cargo|bcube|pharmaceutical products
308b39,smart facility|audit|sfoc|smart facility operational|smart facility operational capacity
9fafa6,latam cargo|latam|mvd free|mvd free airport|free airport
485471,sky fresh|sky|abc|sensitive shipments|temperature sensitive
b10996,on-line|on-line booking|booking|air canada|print
0634a6,airbridgecargo airlines|aircraft engine|500th|engine|500th aircraft
9f0920,air cargo|liege airport|liege|achieve excellence|forum
494eff,supply chain|shanghai pharma|dhl supply|dhl supply chain|shanghai
127ba3,smart facility|audit|sfoc|cargo terminals|smart facility operational
82065d,sentry|onasset|air cargo|crossno|ibs
1fcdde,ups|choice|delivery|ups said|smbs
e0bfd4,cargo iq|rebranded|members|cargo 2000|strategic transformation
1dfaf6,course|students|life science|iag cargo|gdp
1e897b,pharma gateway|pharma gateway amsterdam|gateway amsterdam|amsterdam|air cargo
f53053,air cargo|unilode|iata air|iata air cargo|iata air cargo innovation
1baea2,awbs|descartes|switch|barriers|air waybill
1ca721,air cargo|frankfurt air|frankfurt air cargo|frankfurt air cargo innovation|frankfurt air cargo innovation lab
78172b,blockchain technology|blockchain|flydubai cargo|vice president|flydubai
09e7d0,abu dhabi|dhabi|abu|abu dhabi airports|dhabi airports
5eb703,cargo signal|iag cargo|signal|iag|sensor-based
60c244,schaefer|justin burns|justin|burns|acw
edf35f,pharma gateway|pharma gateway amsterdam|gateway amsterdam|air cargo|iata ceiv
6bc62c,bollore|bollore logistics|automation facility|multi-shuttle system|multi-shuttle
7ae354,skyline|heathrow|logistics development|heathrow airport|motorway network
23bb28,pga|airbridgecargo airlines|schiphol|pga members|amsterdam
379bf1,amerijet|pharma certification|temperature controlled|ceiv pharma|ceiv pharma certification
1df2d2,supply chain|ireland|life sciences|dublin airport|pharma companies
e85c66,cargo terminal|tiaca|csq|air cargo|terminal
7d8732,brussels airport|logistics building|new logistics|new logistics building|building
8ede8e,flower|air waybill|air waybill numbers|waybill numbers|supply chain
1258fa,supply chain|cca|collaborative solutions|cool chain|debate
0ea37c,latam cargo|croamis|cargo management|wipro|latam
567fab,cin|psa|automotive group|automotive group psa|group psa
1909dc,pactl|abc|mou|air cargo|temperature sensitive
fe17e7,cargo management|middle east|middle east airlines|east airlines|cargo management solution
249023,airline group|air france|achieves iata|pharma certification|klm
2cedd1,cargo iq|air cargo|intelligence hub|performance|zimmerman
5f1046,cargo iq|venema|henk venema|sauberschwarz|henk
a602f3,terminal|warehouse automation|new terminal|finnair|cargo hub
75de07,door-to-door all-in|door-to-door all-in rates|all-in rates|dhl|all-in
e403be,tap|air cargo|tap air|tap air cargo|digital bookings
c5ab8a,amsterdam airport|amsterdam airport schiphol|airport schiphol|supply chain|pga
47f9bc,guarulhos|perishables|latam cargo|latam cargo group|cargo group
779614,swivel|swivel software|supply chain|freight forwarders|software
18e35b,e-cargoware|scanpartners|cargo management|cmp|gssa
54fa78,air cargo|cargo centre|vienna airport|air cargo centre|vienna
edc4ad,portal|customer portal|collaborative shipment|collaborative shipment management|shipment management
6d286a,cargo iq|cargo iq members|iq members|members|rebrands
865432,supply chains|air cargo|air cargo americas|cargo americas|lead times
d23378,quality corridor|sia|thrucool|singapore airlines|cold chain
7c1447,etihad cargo|etihad|road feeder|road feeder services|feeder services
048453,ceva|redditch|refurbished|hvac system|supply chain
5e70ee,emirates skycargo|white cover|emirates|skycargo|white cover advanced
f214ae,iata ceiv|ceiv pharma|iata ceiv pharma|pharmaceutical products|abc
a26632,cargocast|diephouse|freight forwarders|ground handlers|morey
51ac95,aisats|aisats coolport|perishable cargo|india|coolport
77b154,lease|united cargo|pharmaport 360|sonoco|thermosafe
ca2be4,brussels airport|air cargo|cargo community|new organisation|acb
31b4a8,iata ceiv|hamburg|stations|dhl|gains iata
61db5c,cargocast|diephouse|digital cargo|digital cargo platform|cargo platform
16ad46,aa cargo|philadelphia|american|find|reveals
df48f0,interparfums|bolloré logistics|bolloré|supply chain|grand couronne
9d5a75,c2k|working group|revised|d2d|air cargo
7e6e0b,strata|unmanned systems|unmanned systems conference|systems conference|unmanned
bead9b,goldhofer|als|cargo equipment|cargo equipment specialists|equipment specialists
869f6e,variation pharma|variation|delta cargo|rio de|rio
3d102f,cathay pacific|ceiv fresh|hkg|hactl|hong kong
2f5a06,cargo community|air cargo|air cargo community|air cargo community frankfurt|cargo community frankfurt
037a48,adelantex|panalpina|perishables|perishables specialists|acquisitions
d551b9,sky fresh|sky|temperature sensitive|abc|fresh
d141f1,c2k|zimmerman|change programme|air cargo|cargo 2000
902090,cool chain|planet|sustainability|cool chain association|chain association
badf50,air cargo|croamis|latam cargo|wipro|leaps forward
f83b5d,cph|wfs|new facilities|copenhagen|construction
2a9b30,brussels airport|supply chain|brucloud|app|blockchain technology
6862d9,head office|crane worldwide|new head|new head office|new head office facility
90ab54,marken|ups|sao paulo|hybrid|brazilian
2e6951,kenco|distribution center|kalamazoo|kenco moves|larger digs
1d6244,supply chain|wasted|perishables|air cargo|cca
f74c96,slot booking|liege airport|slot|lachs|liege
d4448b,qatar airways|qatar airways cargo|airways cargo|qatar|airways
41aebd,cargolux|gdp certification|gdp|pharma logistics|freighter operator
68ed11,malaysia|ceva|cdc2|shah alam|bukit jelutong
fe745c,cool chain|ceiv programme|windmuller|ceiv|pharma audit
fa2d0d,pactl|abc|air cargo|shanghai pudong|china
37b981,cargo-partner|ilogistics center|ilogistics|facility near|facility near vienna
cc2576,freight forwarding|etihad|booking platform|booking|carrier
2b5d9c,air cargo|cargo community|air cargo community|frankfurt|frankfurt university
f47df7,air cargo|masterclass|data sharing|brussels airport|supply chain
de33d9,herdx|ups|quality assurance|beef|deliver blockchain-verified
8b0a0e,amos|lufthansa|lufthansa cargo|lufthansa german|lufthansa german airlines
adf3fc,iag|start-ups|mentoring|tech firms|airlines group
7740bd,american airlines|american airlines cargo|airlines cargo|new system|american
50ec20,aerotuf|extra cool|aerotherm|ecodemonstrator|ecodemonstrator 777
bdf4ef,cool chain|supply chain|waste|cca|air cargo
01fdde,etihad|ceiv pharma|abu dhabi|ceiv pharma certification|pharma certification
ea5596,quote|air freight|third-party booking|dhl global|dhl global forwarding
282732,swiss worldcargo|new york|worldcargo|york|swiss
453132,brussels airport|brucargo|ceiv pharma|pharma handling|brussels
abc767,maskargo|digi-iq|unisys|digi-portal|ground handling
66d287,semiconductor|dhl|support center|semiconductor logistics|global capital
5c5bd0,willing|fiege|start-ups|ideas|supply chain
cab517,air cargo|fintech|air cargo industry|cargo industry|utilising fintech
995338,engel|cargo-partner|spare parts|parts|spare parts logistics
00bd78,singapore airlines|quality corridor|thrucool|launches thrucool|temperature controlled
85f189,supply chain|air cargo|shippers|cold supply|cold supply chains
9d5865,lufthansa cargo|air cargo|lufthansa|air cargo capacity|cargo capacity
db6dc1,asycuda|air cargo|asycuda world|customs authorities|cargo-xml
c5a17a,etihad cargo|etihad|ibs|sprints|etihad airways
4e3c63,swissport|basel|pharma logistics|pharmaceutical logistics|cargo facility
fc9bcf,cargo signal|signal|iag cargo|iag|sensor-based
57fb9e,cargobase|logistics provider|mercado|curated|smes
1861e9,dawsonrentals|airworld|eurobip|temperature controlled|human consumption
80b876,riege|bgl|fff|api|riege software
e632f1,emirates skycargo|emirates|horizonte|vaccines|bello horizonte
63236a,brussels airport|new technologies|brussels airport company|airport company|brussels
6ae2bd,air cargo|hughes|supply chain|glyn hughes|cfs
1d05be,sstl|supply chain|schiphol|pilot programme|customs procedures
21f23e,website|air cargo|fraport|new innovation|new innovation website
2321cf,quintiq|lufthansa cargo|production planning|lufthansa|improve production
f2b961,500th|abcxl|500th aircraft|500th aircraft engine|aircraft engine
a8019e,wisskirchen|cargo centre|echos|airfreight handling|topsystem
bc6273,time critical|wca|quickest|members|validation
dd27a9,pharma zone|virgin atlantic|virgin atlantic cargo|atlantic cargo|delta cargo
893598,delta cargo|ceiv pharma|delta|iata ceiv|delta cargo gains
c9e6b4,lufthansa cargo|air cargo|lufthansa|minority share|digital booking
048b00,air cargo|fra|cargo community|air cargo hub|cargo hub
0f7272,dangerous goods|lufthansa cargo|infr8|infr8 platform|dangerous
a35ac2,constant climate|critical|climate|constant|iag cargo
883b57,air cargo|supply chain|misskampf|lug|hcc
04809d,iag cargo|constant climate|iag|critical|time-critical service
5b0682,supply chains|healthcare supply|healthcare supply chains|life sciences|healthcare
9065cd,hong kong|iata ceiv-pharma|hactl|ceiv-pharma|pharmaceutical handling
6b6ecf,cargo iq|air cargo|air cargo industry|cargo industry|members
db8613,latam cargo|csafe|latam|temperature ranges|master lease
670582,tum create|tum|sats|speedcargo|air cargo
aec91f,firsttrac|launches firsttrac|critical monitors|aog|worldwide launches
9fa2b2,constant climate|iag cargo|critical|constant climate critical|climate critical
5f09eb,iag cargo|exelsius|life sciences|iag|workshop
093d0c,brussels airport|temperature controlled|dhl global|dhl global forwarding|global forwarding
4cb323,latam cargo|csafe|csafe global|latam|active containers
55a1d7,innovation center|dhl|americas innovation|americas innovation center|innovation
7314cd,turkish cargo|turkish|new product|square metres|acw
b37faa,skycell|pharmaceuticals shipments|containers|passive|abc
becfbb,courier|automate tracking|tracking process|courier partners|stadtbote
753978,slot booking|slot booking app|booking app|slot|brussels airport
64bdf3,lufthansa cargo|start-ups|tech firms|logistics tech|logistics tech accelerator
328aaf,air connection|perishables|freight forwarder|kenya|panalpina
83ca94,panalpina|new customer|new customer portal|customer portal|portal
d46718,aero|supply chain|pharmaceutical supply|pharmaceutical supply chain|free airport
71f94c,apic|supply chain|singapore|dhl|edb
d29aa6,bolloré logistics|london heathrow|sq ft|bolloré|skyline
5d9582,redcargo|gdex|redcargo logistics|gd express|chief executive
cbe035,temperature excursions|supply chain|warning system|schiphol|excursions
0b7f1d,pharma centre|ground handler|wfs|cdg|paris
de9e34,changi airport|air cargo|changi|pharmaceutical handling|singapore
c21f16,emirates skycargo|emirates|skycargo|pharma corridors|pharmaceutical cargo
672368,hyde|new service|new service centres|service centres|hyde said
86f51c,ceiv pharma|dnata|ceiv pharma certification|pharma certification|pharmaceutical products
9edbc7,fcs|management system|lug|fra|slot
4a3707,pharma zone|virgin atlantic|virgin atlantic cargo|atlantic cargo|delta cargo
fb26e0,cool chain|white container|white|cool|emirates skycargo
f76e46,start-ups|lufthansa cargo|tech|disruptive|logistics tech
875208,aisats|tracking app|app|air india|air india sats
71456e,iag cargo|good distribution|good distribution practice|distribution practice|supply chain
58cc83,malaysia|air cargo|gtr|airasia|klia
5bf0e0,iag cargo|hangar 51|iag|hangar|start-ups
685e73,emirates skycargo|emirates|pharmaceutical cargo|skycargo|pharma corridors
04b974,supply chain|infor|integration point|global trade|global trade management
1a7542,etihad cargo|etihad|ibs|technology platform|customer value
5a7b82,cool chain|food|food loss|schuler|nfc
ac566e,advanced regional|advanced regional center|regional center|dhl|robotic
2ddae2,ceiv pharma|brussels airport|certification programme|cool chain|brussels
31ca2b,lufthansa cargo|cool center|lufthansa|bodenroder|cargo cool
ddb54c,emirates skycargo|emirates|skycargo|pharma|pharma cargo
09f8b0,life science|gdp|course|gdp academy|iag cargo
526fa7,american airlines|october 20|air waybill|001|butler
bc01ac,brussels airport|brussels|new technologies|brussels airport company|airport company
a401a3,inventory|drones|warehouse inventory|warehouse|geodis
33f122,supply chain|shanghai pharma|dhl supply|dhl supply chain|shanghai
6c6847,mnx|lfs|logical freight|logical freight solutions|freight solutions
e45210,innovation center|dhl|americas innovation|new americas|new americas innovation
0da475,air cargo|supply chain|jan de|jan de rijk|jan de rijk logistics
