document_id,terms
820d93,panalpina|weiterstadt facility|customers|network|38 locations
a8b94f,qatar airways|active cool containers rap|solution|dokasch opticooler containers|rkn opticooler
fb38a3,schiphol data|platform blooms|scmp|smart cargo mainport program|amsterdam airport schiphol
bea2db,cargo operations|ceiv pharma certificate|airline|similar products|turkish cargo
a831f9,global|domestic fresh chain solutions|access|company|yngve ruud
e274b8,lug|health care center capacity|processes|iata ceiv|hcc
87fc49,kale logistics solutions|mumbai airport|india|netherlands|cargonaut
69b452,platform|cargo rate discovery|single online source|india|concerned stakeholders
c6aaab,lufthansa cargo|air freight industry|carriers|customers|technology
a97d6b,hyderabad airport|cargo charter programme|airport|kind|requisite infrastructure facilities
c294f0,new technology|dhl|technologies|customers|dhl supply chain
e244dc,cargo eye|finnair cargo|ground|multiple data sources|airfreight monitoring tool
475262,swissport|fraport|europe|facility|year
f3dd3b,vaccine alliance|global partnership|vaccine supply chains|gavi|deutsche post dhl group
5d2b59,liege airport|platform|data lake|airport|business benefits
1320c0,american airlines cargo|new controlled room temperature|pharmaceutical services|new|healthcare
f28883,lufthansa cargo|airlines|infr8 edgd platform|airports|documentation
2c6e56,lufthansa cargo|cool centre|lcc|pharmaceutical|service
d9887b,delta cargo|cargo shipments|baggage|new bluetooth tracking technology|tracking
a4c7fa,asean markets|partnership|european|digital cargo|zeal global services
a2bc85,abc|airbridgecargo airlines|pharmaport 360 temperature-controlled container|gps monitoring systems|deputy director
f41808,champ|canadian customs|cbsa|tgc|air cargo
a5efcf,cca|philippe schuler|waste|cool chain association|industry trends
98a4d1,cca pilot data|scheme|cool chain association members|pilot|technology
26b147,ulds|digital solutions|track|air new zealand cargo|smart uld
c2ad22,abc|sky fresh|attractive industry-and-tech-savvy solution|efficiency|airline
aeeee3,products|luxembourg|trailers|company|pharmaceutical industry
29841a,cargologic|iata ceiv pharma certificate|iata|marco gredig|cargo handler
19ff0e,amerijet international airlines|iata ceiv|amerijet|temperature controlled|airline
98b9ec,dhl|united|airline|san juan|pharmaceutical companies
93df09,asiana airlines|ibs|single icargo platform|south korea-based carrier|uld management
c52eba,ami click2ship imports|online express service|ami uk|freight agents|quotes
163c16,lufthansa cargo cool center expansion|frankfurt hub|board member operations sören stark|direct access|completion
21d37f,etihad cargo|cargo control center|shipment planning|customers|proactive service delivery machine
12d2ef,crane worldwide|new heathrow office|new customer portal|us-headquartered company|ireland jason stretton
4c6f85,air cargo community frankfurt|frankfurt community website|refresh|internet presence|new website
89f9b2,perishables centre|aisats coolport|india|air india sats airport services|kempegowda airport
3f384d,unilode|onasset|reader network|customers|aviation containers
b2c3f3,international supply chain management software|nagel|customer|product availability|transportation decisions
e6a436,panalpina|temperatures|warehouse|domestic air freight|second
99bc51,swissport|new pharma center|pharmaceutical center|today|bru
541517,life sciences commodities|warehouse|near-freezing temperatures|constant|facility
c8ad4e,brussels airport|mvd free airport|montevideo|new pharma|regional distribution
eb9bd6,iag cargo today|customers|company|system|carrier
ef7aa5,tnt|service|healthcare manufacturers|new cold chain packaging|biological materials
370b99,ups|europe|healthcare-dedicated warehouse|major upgrades|right places
ab0922,tiaca|supply chain|new initiative|future|international air cargo association
3facbd,brussels|brucloud open data|blockchain freight management app|steven polmans|brucargo airfreight community
04e2dd,new airport|turkey|major|air cargo|gerhard gerritzen
3cb955,lug aircargo|iata ceiv pharma certification programme|lug|hcc|misskampf
ed2f9a,virgin atlantic cargo|pharma zone|wholesale distribution authorisation|wda|global headquarter operations
b6df2a,brussels airport|investments|future demand|cargo area|airport
6dc3ba,dhl express|wmx|wmx shipments|biological samples|vaccines
0d8c8a,pga|pharma gateway amsterdam|jonas van stekelenburg|comparable quality standard|schiphol
da582b,flowers|real-time data|amsterdam airport schiphol|floriculture|air waybill
346a0c,pharmaport 360 containers|cathay pacific|pharmaceutical shippers|bulk shipping containers|agreement
87ce5c,uld management firm jettainer|new uld software|live decision|new tool|jettainer
eb9449,air cargo china 2016 exhibition|eal|luxembourg|shanghai|pharma deal
0d16cf,brucargo customs export app|brucargo forwarders|customs offices|forwarders|app
6c2384,iag cargo|startup allread mlt|accelerator finalist|hangar 51|2019 accelerator program
659eaf,carriers air cargo solution|global|firm unisys|digistics|carriers
3fe5a7,carriers|cargo solution|digistics|cargo business easier|business process
bcf241,brucloud app|brucargo community|air waybill|customs|awb
b47125,rsa global|new fulfilment option|rsa|fulfilment solution|co-founder
f9e9f0,dhl|arc|facilities like|country|complexity
1ec7e3,customs process|awbs|cargosoft transport management system|freight forwarders|necessary resources
bcb769,lufthansa cargo|solution|major step|cargo|ibs
ca70a2,tiaca|international air cargo association|sustainability programme|champ team|initiative
2ae73d,vienna airport|new facility close|engel austria|ilogistics center|engel
920388,tiaca|air cargo belgium|data|digital transformation|vice chairman
388c3b,air india cargo|unisys digistics modules|shipment status|operational efficiencies|unisys
316201,iag|ideas|hangar 51 programme|start-ups|products
ba2c74,finnair|airside facility|cool|new helsinki hub|janne tarvainen
b4ddb3,ackerman|dfw|international cargo|year 2017|airport
25dbaa,temperature-sensitive cargo|aisats|pharmaceuticals|perishables|food solutions provider
4f6e0b,customers|af-klmp cargo|air france-klm cargo|services|unique way
808f8d,companies|uae|ground|dubai airport free zone|emirates airlines
702652,shanghai pharma|dhl|overseas distribution|temperature-controlled life sciences services|mou
84a17a,panalpina|gdp approval|close|frankfurt airport|certification
95663d,iata|standards|customs authorities|unctad|trade growth
680c66,db schenker|logistics company|temperature-controlled logistics facility|distribution center|eco warehouses
b2075e,american airlines cargo|cargo management system|aa cargo|airline|customers
90e523,ceiv certifications|ceiv|company bcube|company|airport communities
0c710f,panalpina|new airfreight booking platform|instant rate quotations|airfreight customers|platform
f86d94,qatar cargo|pharma product|cargo|seamless cool chain|pharmaceuticals
52c150,cargocast|new digital platform cargocast|piece-level tracking|proprietary processes|handlers
6cd324,delta cargo|operations|gareth joyce|region|cargo division
af38d5,iata|innovation award finalists|etihad cargo|submissions|innovative solutions
4d106d,ceiv pharma|dfw|dallas fort worth airport|logistics|pharma manufacturers
f91420,ceiv pharma certification|dfw|john ackerman|dallas fort worth|viable pharma gateway
67ba35,aisats chief executive officer|poultry|certification office|plant quarantine inspection|vegetables
02ee93,pactl|airbridgecargo|mou|shanghai airport authority|iata ceiv pharma-certified
30f410,iata|grant fenn|e-freight initiative|qantas freight|government agencies
047034,special cargo|global pharmaceutical market|changi airport|pharma logistics|temperature
d0452d,company|unique service|echeumuna|new business|miami facility
a13242,lufthansa cargo|united airlines|europe|network|customers
51c86a,amerijet international airlines|ceiv certification|amerijet|company|temperature controlled
f25e0a,new app|delivery yesterday|dhl global forwarding|time|faster pick-up
85c6d9,turkish cargo|latest airline|pharma certification|iata|ceiv
229794,mnx|mnx chief executive|paul martins|president|time-critical products
c609cf,industry|group discussion|airfreight|board member products|services
2c1870,özen|tiaca board|impressive new airport|international air cargo association|turkey
43a146,french freight forwarder geodis|bookings|iris|online quotes|geodis
bb468d,cathay pacific cargo terminal|air freight journey|technologies|airline|data
6f627c,brazil-usa medical express service|dhl|exports|service|dry ice supplies
733bd1,management system|aa cargo|customer experience|development jessica tyler|american airlines cargo
f9569e,korean air cargo|cargo solution|full-scale cargo management system|cargo technology platform|operational efficiency
c09f2d,tigers|container freight station|e-commerce market|new facility|company
5e89f7,customers|panalpina|systems|employees|single provider
278134,provider trinium|trinium|logistics solutions group wisetech global|containerport group|warehouses
a03ac8,air|quotations|dhl global forwarding|mydhli quote|book
a6176d,dhl|global forwarding air|timely manner|operations personnel|vice president
322b68,hamburg airport|system|agents lug|processes|times
1b0c77,dhl|facility|medicinal products|life science competence center|transport
c50e9a,iag cargo|exelsius|pharmaceutical manufacturers|gdp|course
477e81,cargo control center|delta|shipment tracking|management|freight
6ebbde,cargolux airlines|cargolux|wood|lower aircraft fuel consumption|squair-timber product
129856,globalink network|members|global value network|skyspace cargo|independent freight forwarder network
ffc4a5,customers|nagel|delivery information|visibility solutions|agreement
ff2ba3,kuehne|nagel|belgium|outside environment|materials
feb903,ups|global express transportation network|poland|hungary|south america
43b466,rocketspace|10 promising startups|second logistics tech accelerator|kaleido logistics|accelerator
344baa,global logistics industry|ibm|proactive|logistics industry|dhl
966f1a,brussels airport|logistics buildings|temperature sensitive products|investment|important
898ee1,air cargo carriers|mercator|query shipments|chief technology officer|warehouse agents
24a176,lufthansa cargo|e-commerce solutions|shipments|service development|software
c94155,dhl|photovoltaic system|bochum center|e-commerce|company
14f3d9,wisskirchen|provider topsystem|operations system|echos|electronic cargo handling
5f1979,hyper-secure blockchain technology|tracks supply chain transactions|flydubai cargo|new system|emirates innovation lab
37170e,pharma|chilean market|commitment|cutting-edge facility|extended customer base
c70012,new product portfolio|latam cargo|company|systems|standard
29f36d,thrucool quality corridor network|sia|cold chain service|swiss-made containers|ho chi minh city
b69e1f,dhl global forwarding|cool chain investment|dhl shanghai|new warehouse|shanghai air freight terminal
e2259a,emirates skycargo|temperature sensitive pharma cargo|pharma corridors|network|dubai world central
37d394,cargo handler wfs|centre|wfs|iata ceiv pharma|pharmaceutical
126109,etihad cargo|pharma|aero memberships|cool chain association|cargo
624b64,ceiv pharma certification|mab kargo|chief operation officer|mabkargo|global certification programme
d92e49,pharma|aero|mvd|singapore airlines cargo|miami international airport
80bd8e,siemens|airport digitalisation|cloud-based software solutions|data|optimal resource planning
9e3128,etihad cargo|director cargo|iata ceiv pharma|abdulla mohamed shadid|certification
ea0732,airfreight industry|successful digitisation|keys|collaboration|ideas
a248c5,cargo facts emea 2019|inaugural demovation challenge|logistics-focused startups|official accelerator partner|new conference
c6d775,panalpina|product quality|safety|business units|company
091402,xware|logistics software firm wisetech global|wise tech global|product|partners
6f34e6,korean air|cargo division|ibs software|icargo solution|american airlines cargo
cd55c3,app|brucloud|brucargo|available|nallian
af1b33,warehouse reorganisation|cargo pallet handling|processing time|cargo track|aviation productivity conference
382565,uk medicines|cargo handler dnata|facilities management practices|healthcare products regulatory agency|certification
d9634b,american airlines|technology platform|web-based cargo management system|american|ibs software
02296b,lufthansa cargo|services|reliable transport solutions|heyworld|simple
4ae108,siemens postal|parcel|airport logistics|sppal|modern production site
21689f,swissport international|swissport brussels pharma center|new facility|cargo|companies
363e35,sem customers|air france klm cargo|counts|customers|unique way
76acf0,white label system|freight forwarders|pangea group|agents|importers
1fd076,global standards|pharma|final frontier|steve polmans|video
063b0f,jessica tyler|new system|tyler|team|american airlines cargo
aeef09,hamburg airport|dakosy air cargo community system|customs|air cargo center|system
d04d76,cargo handlers|customs information|schiphol|project|shipment details
e83e31,temperature deviations|iata ceiv pharma certification|pharma supply chain stakeholders|container|operations
722280,terminal|general cargo|pekka vauramo|airline|development
e51829,vse aviation|operation|repair|mro|solutions
a16956,pharma efforts|schiphol|iata|airport community|pga
6ea056,air france-klm|new strategy|better service|new facility|e-commerce
2e66ba,thrucool pharma product|sia|temperature-controlled pharma|singapore airlines|healthcare shipments
5c5af3,dhl|customer eaton|strategic partnership|czech site|dhl supply chain
cd2b55,cool chain association|food loss|cca|perishables data-pilot|members
f90f40,nippon cargo airlines|nca|japan|customers|platform
5fe9b7,alibaba cloud|businesses|artificial intelligence|ai background|customers
4673a3,company|va-q-tec signs|container|transportation|box rental fleet
7ebfcc,white cover advanced|temperature-sensitive cargo|emirates|tyvek material|dupont
1a697b,speedcargo|ai-powered robotic air cargo system|cargo eye|sats|companies
ce1050,solace|air carriers|core|smarter analytics|secure
8690ad,slot booking app|app|dhl global forwarding airfreight director|brussels airport|application
63d208,bolloré group|electricity storage|logistics|respective business units|partnership deal e-commerce giant alibaba
b9a716,emirates|cargo planning|freighters|bh airport|senior vice president
1badea,korean air cargo|new cargo management system|digital development|icargo|korean air
4e7ec1,international supply chain|conference programme|world|gdp|air cargo news
a2da5f,customers|company|retail|freight forwarder|facility
be7345,cargo check-in|kiosk|truck|system|relevant documentation
f699da,new system|wipro|croamis|latam cargo|customers
761542,food loss|two-day event|cool chain association|cca|fresh park venlo facilities
65ffed,cargo-partner|logistics center|vienna airport|construction|stefan krauter
df8a8e,lufthansa cargo|new cool center|cool center|service|pharmaceutical
e08a0b,wfs|facility|transfer times|swiss worldcargo|pharma
2880c8,secure trade lanes|customs-to-customs pilot project|sstl|china|smart
8ba8f7,gene therapy|kevin lawler|lawler|cell|pharmaceutical
748932,digital platform freight bro|platform|partnership|nafl|middle east region
5280a6,delta cargo|hellmann export operator robin keilmann|airline|new technology|facility
7ae825,new cold chain packaging|shipping solution|tnt|costs|phase change materials
df8e87,nagel|kuehne|chilean|facility|customers
53fbeb,ceiv pharma certification|rio|international airport|riogaleão|airport
0dcdac,lufthansa|fleet logistics|air cargo booking efficiency|customers|ties
9507cd,transsion holdings|africa|dhl global forwarding|airfreight service|dhl
a115bd,patrik tschirch|network idea|munich|management structure|responsiveness
df98d8,united|lufthansa cargo joint venture|lufthansa cargo|joint venture|ground
2fbd39,united|lufthansa cargo|air cargo joint venture|germany|processes
16ff31,shipa freight|forwarding platform|agility|users|book
d9fcf1,münch|customs clearance|militzer|myaircargo|director
e2a3f1,klm cargo|supply chain|pilot project|customs services|schiphol cargo
c95d47,ceiv pharma certification|cargo|important certification|abdulla mohamed shadid|reliability standards
2ca595,qatar airways cargo|envirotainer qep accreditation|international cargo carriers|network|quality programme
c492dd,international port community system association|in-house logistics operator cainiao network|iso standards|gct|national logistics information platform
29ec05,dhl global forwarding|iata ceiv pharma|air|productivity|quality label
500abc,alha|services|ramp specialists|aircraft take-off|perishable
a27d63,pharmaport containers|luxembourg-based cargolux|cargolux leases thermosafe|containers|international network
b8824e,new facility|swissport|automated material handling system|pallets|truck docks
02d069,ontic|world|ontic-licenced parts|principal service centre|day support
c739b8,control tower|cargo movements|abc|airbridgecargo|service disruptions
8bda2e,brussels airport cargo community|blockchain|blockchain technology|steven polmans|freight management app
934601,ground|fifth training session|iag cargo constant climate centre|companies|life science products
df580a,kuehne|global logistics|nagel|pharma firm|kn pharmachain
fa68b2,etihad cargo|ccc|shipments|tracking|customers
db2594,air cargo management|mercator|intelligent cargo ecosystem|new warehouse app|processes
1418f1,ceva|facility|new dublin temp control facility|airport industrial park warehouse|new building
11b90c,kuehne|nagel|new digital supply chain platform|buyers|transportation
7e6315,swissport|warehouse concept|long-standing customer swissport|new cargo centre|material
b8062a,ups|marken|logistics giant|business services officer|flexible network
faa6ba,wca|members|system|win system|straightforward air
cf7903,finnair|new hot|cargo eye|cool|tracking platform
00c411,hong kong|paris cdg|airport management|mou|security
4e7716,parent company|panalpina|panalpina perishables network|rungs express|team
8095b0,ceva|networks|integration|customer|specific e-commerce transport solutions
224ce3,be-gate|belgian customs|excise department|official customs|form
ef5bab,lufthansa cargo|new tech|cargo customers self-service terminals|customers|data
a88a19,jettainer|lightweight pallet|customers|composite material|aviation sector
b21c27,company|e-commerce logistics startup shipbob|dallas location|region|inventory
281b13,softlink global|e-awb connectivity|software logi-sys|online platform|enhanced efficiency
8033d7,customs export app|forwarders|app|brucloud|application
8e5ad7,swissport cargo usa|electric uld movers|system|facility|automated material
8eedb5,dhl|americas|stations|ceiv pharma standard|atlanta
0946db,csafe|china airlines|pharmaceutical freight|pharma customers|cold chain technology
a5e6ad,militzer|lufthansa|private customers|münch|myaircargo product
aca3dd,multimodal americas|air canada cargo|canada|logistics specialists|global head
d1b09e,ceva|facility|new building|ceva logistics|service
affe74,second gdp academy training workshop|gdp|second good distribution practice|iag cargo constant climate centre|two-day course
986d2d,air cargo belgium|nallian|airports|digital world|tiaca
5d2534,brussels airport|temperature|airport|air cargo forum|extra dolly
15c3bf,products|abc|quality programme|transport service providers|envirotainer
90e74e,cool container fleet|temperature control|products|heaters|available
98c283,iata|new rate platform|db schenker|agility logistics|iata net rates
fee16e,airbridgecargo|unilode|uld management partnership|portable electronic devices|ground
c54d24,accenture|revenue leakage|flight utilisation|service|workflows
180534,industry|iata|innovative solutions|submissions|finalists
da90af,aerospace|aviation logistics activities|speed airfreight processing|switzerland-headquartered forwarder|end-to-end solution
dde2a8,specialist pharma flights|emirates skycargo|temperature|sutch|ramp
e0160c,security|revenue management|iata|operations|key issues
ddbeb4,customer service|platforms|panalpina|collaborative shipment management|customers
ff2d12,schiphol|12send express service|klm cargo|service|dutch company parcel international
9e9370,logistics partners|cold|ceiv|texan airport|trucking
8394cc,lufthansa cargo|technology|air cargo capacity|berlin company|mike rotgers
f07743,etihad cargo|customer base|agreement|indian subcontinent|asia
d315f0,galeão international airport|airport|iata|ceiv-pharma certification|rio de janeiro
9ef90c,solace|core transport|uld tracking partnership|air carriers|smarter analytics
838200,turkish cargo|pharma ceiv accreditation|turkish airlines|products|carrier
8f3bb5,etihad cargo|million bookings|new|director cargo|months
516b96,va-q-tec|va-q-tainers|iag cargo|temperature|customers
44b4b1,pharmaceutical manufacturers|pallet|temperature sensitive|data|pharmaceutical cold chain
523281,brussels airport|bru|app|airport|yesterday
d2cde6,customers|book|mydhli quote|air|ocean freight
ac0dc2,fedagsa members|metrojets|fedagsa|e-cargoware|solutions
6b5fd3,dhl global forwarding|temperature sensitive products|chicago|david goldberg|pharmaceutical customers
f44136,pharma e-book|amsterdam schiphol airport|supply chain|european airport|insights
2be875,new singapore logistics hub|freight forwarder kuehne|pharmaceutical manufacturing centres|new facility|high tech
0b8652,shippers|hangar|supply chain|platform|process
3b3973,iag cargo|infrastructure facilities|wholesale distribution authorisation|testament|wda
0f0158,airport communities|tiaca es|air cargo industry|frankfurt airport|airport
44f3cc,2019 hurricane season|asian supply chains|hurricanes|record storm season|season
c3272a,paycargo|accs|air cargo community system|system|president
7d6fea,csafe|virgin atlantic cargo|csafe rap|easa|active compressor-driven container
c7fb4a,slot|application|community|brussels|data
26bf1c,virgin|delta cargo today|pharma zone|networks|delta cargo
569942,aero|pharma|seventh airport member|logistics company expeditors|expertise
5bc454,unilode aviation solutions|unilode steps|aviation industry|unilode customers|digitisation programme
41d5ae,kn freightnet|air cargo customers|global forwarder kuehne|online bookings|import shipments
16eda6,panalpina acquisition spree|german cool chain company|panalpina|ccg|recent acquisition spree
34e945,new be-gate digital customs platform|belgium|belgian air|excise department|paperless customs
0f14b7,icodes|tapestry solutions|load planning|system|sustainment contract
440f0e,e-commerce|nax|aim|aerospace|military
92d598,cool chain association|sustainability matters|americas conference|shippers|produce marketing association
95701c,etihad cargo|online booking system|ambition|multi-carrier platform|nippon cargo airlines
a88a27,german carrier|frankfurt-based airline|2020 programme|commitment|company
934b8a,ceiv pharma accreditation|fiumicino|rome|airport|sensitive cargoes
632257,freight forwarder panalpina|interfresh airfreight handling|panalpina|netherlands|sister companies fresh cargo connection
5b8922,data|sc1100 telematics gateways|humidity|temperature|shock
da43b5,processes|ccs|cargo community system|system|dirk schusdziara
bf820a,ceiv|riogaleão cargo|temperature|international air transport association|airport
f2c0e3,like kuehne|brussels airport|freight forwarders|bru|nagel
174cc3,forwarders|german cargo carrier|customers|capacities|standard service td
6c3564,patients|personal products|cool chain|industry|event
0e7e67,montevideo free airport|iata ceiv|learning experience|ceiv pharma certification|uruguay
7a7c24,nagel|kuehne|company|global logistics network|domestic fresh chain solutions
3c9e48,express imports business|ami|airfreight|online service|online quotes
3d9003,wfs|centre|30 airlines|airport|temperature monitoring station
01e271,peli biothermal|nanocool|product technologies|technology|biological patient samples
088a10,hong kong international airport|pharma corridor|brussels airport open pharma corridor|hkia|shippers
e99a8e,qatar airways|csafe|pharma network|qatar airways cargo|pharmaceutical shipments
e12ca6,etihad cargo|abu dhabi hub|cargo infrastructure development|middle east airline|abu dhabi airports
c874d9,ground handler lug|management structure|patrik tschirch|changes|lug
0e4b87,dhl shanghai|iata ceiv-pharma certification|dhl global forwarding|pharmaceutical industry|life sciences
5b90d4,website|delta cargo|customers|tracking|mobile device
baffdb,yusen logistics benelux|warehouse|pharma facilities|demand|adjacent
3be6c9,etihad cargo|cargo industry|freight forwarders|moritz claussen|ibs icargo system
12eafd,virgin atlantic cargo|pharma zone|airline|medicines|partner
839f2c,airbridgecargo|rkn|abc|trial|miami
0fd679,iata wcs|pharma gateway amsterdam|amsterdam schiphol|ent|programme
2ef89a,panalpina|single warehouse management system|warehouses|jda wms|world
5ced90,cargo 2000|data project|new identity|members|organisation
db4c9a,amerijet|ceiv-pharma certification|airport operators|iata|brussels
1ffe65,customers mycargo|counts|smes|air france klm martinair cargo|tailor-made offers
83b724,swiss worldcargo|ceiv-pharma certification|gdp|strict temperature-control standards|switzerland-based companies
69b8e2,gssa firm scanpartners|cargo management platform|e-cargoware|service agent|space management
6d5d47,sats|singapore|cargo owners|psa|data linkages
773a23,koolit advanced pcm gel|cct|clinical trial distribution|cold chain technologies|protection
4d894d,online platform|online tool|unit load device|uld|jettainer
1ce032,air cargo companies|sensors|data-driven businesses|electronic supply chains|digital technology
406d64,abc|pharma gateway amsterdam|ceiv|airbridgecargo|airlines
8c269c,smart facility programme|sfoc|audit system|iata|cargo handler
b86885,etihad cargo|agreement|customer|abdulla mohamed shadid|european markets
4a5f27,panalpina|flower power purchase|airflo|plant trader|dfg
9696b0,etihad sprints|etihad cargo|cargo technology platform|cargo management|services
01724d,temperature spikes|shippers|operations|sensitive pharmaceutical shipments|air france klm
cd8455,hong kong|brussels airports|pharma corridor|hkia|new service
29d3ee,customers|airbridgecargo|service disruptions|new round-the-clock control tower|delivery deadlines
44f7a4,slot booking|truck|liege airport cargo handling services|times|liege handler
f3b4bd,ceva|new global distribution centre|additional companies|global spare parts facility|supply chain specialist ceva logistics
b228ce,wfs|cargo|pharma|pharmaceutical products|strict requirements
8f6edf,iata fresh certification|ceiv fresh certification|iata|hkia|community approach
615f48,lufthansa cargo|digital innovation plans|logistics tech accelerator|tech start-ups|logistic division
f078e0,customers|cargoclaims online platform|russia-based freighter operator airbridgecargo airlines|abc|claims
78a041,products|traditional manufacturing|panalpina|customers|possibility
96a55e,panalpina|sister companies fresh cargo connection|latin america|perishables network|interfresh
23f583,lufthansa cargo joint venture|united|germany|processes|customers
b8a08e,qatar airways|customers|seamless cool chain|network|active container
d7f64b,state-of-the-art cargo facility|new facility|city east|dnata|cargo
76592f,air cargo carriers|digital assets|competitive|efficiency|critical step
9fb11e,pharma|aero|newest members|airbridgecargo|airport communities
85cc63,otb|trade documents|crimsonlogic|permissioned blockchain service|mr chong
002b31,innovative supply chain solutions|switzerland-based freight forwarder|customers|organisations|technologies
0d97f1,air cargo community|frankfurt|fcs frankfurt cargo services|germany gateway|pharmaceutical hub
7e0e0a,dhl|iata ceiv pharma standards|productivity|los angeles|cincinnati
56a535,dhl|service|investigator sites|exports|dry ice supplies
ad338e,pharma investments|cargolux airlines|stavros evangelakakis|customers|evangelakakis
6839e9,security|air cargo industry|visibility|data sets|mobile devices
6d45e2,play|lufthansa cargo|technology start-ups|plug|innovative ideas
79ecf2,dnata|cargo operations|ceiv pharma|facility changes|dubai hub
470a22,air india cargo inks|air india|next-gen cargo platform|flag carrier|airline
858260,logistics provider|next-gen solutions|accessibility|logistics industry|report
37a5cf,ilogistics center|cargo-partner|stefan krauter|zdravko počivalšek|special location near
56f5e9,pharma dolly|link|transporter|dolly|brussels airport
d9dd45,wfs|airline customers|products|equipment|pharma centre
686dec,supply chain management|week|new technologies|logistics company kuehne|swiss freight forwarding
3cf4d4,oman air|facility|ambient rooms|freezer|strong
8f40f4,sonoco|pharmaport 360 containers|hong kong-based cathay pacific cargo|active temperature|pharmaceutical shippers
741937,uld solutions|heavier temperature|safran|sita|iot
5e7691,supply chain|execution|interactive discussion groups|logistics|panels
08dd8d,oman air cargo|new muscat facility|boost freight traffic|cargo traffic|facility
e771a4,supply chain|shippers|information|suppliers|6th pharma
cf0aa3,event organisers|excel centre|venues|three-year contract excel|logistics
06130f,brussels airport|building|rainwater wells|worldwide flight services|biotech
fbeab6,lufthansa cargo|air freight forwarders|market air cargo capacities|customers|capacities
c16265,heathrow logistics hub|hill|future business growth|real estate firm segro|williams
19d365,logistics firm pml|food safety standard|supply chain|packhouse|temperature sensitive goods
c01080,etihad|new green temperature|dolly system|technology|etihad cargo
585e4b,wecargo event|liege airport|november|air freight forum|vc fund
9ba37a,pcf|frankfurt|ceiv pharma certification|year|perishable center frankfurt
d3f66a,pharma|nagel|zet farma|subject|healthcare offerings
5da7b3,etihad cargo|ceiv fresh|products|global network|iata
2d7394,swissport pharma center|approach|swissport|building|executive vice president europe
58361c,latam cargo|uld visibility|airline|mr bianchi|unilode
92398f,customers|panalpina|real-time quotes|booking|company
2fa383,ramco logistics software|ap cargo|ramco|air freight operations|solution
59032c,lufthansa cargo|quintiq|solution|able|smarter supply chain
51663d,hong kong international airport|brussels airport|pharma corridor|hkia|ceiv pharma standards
46bdb7,iag cargo|security|customer experience|iot technology|quality
c91a99,etihad cargo|system|airline|new|bookings
c7f434,swissport cargo usa|new facility|electric uld movers|system|facility
c7cb9d,cargo-partner|albonair|customs clearance services|flexible supply chain management|versatile logistics services
f3419e,ups|new harrisburg facility|eu gdp certification|upgrades|eu good distribution practice
68a1dc,data collection|schiphol|shippers|pga|cargonaut
c5f9fa,pharma|cool chain association|nurse|new normal|patient
c6aa27,abc|envirotainer rkn unit|trial|customer|pharma logistics practitioners
539969,nxtport|air cargo belgium|national airport|multimodal platform|logistics
de7c53,united boxing clever|carrier|passive|active refrigeration|mary tussing
6ad31d,trust forwarding|sas cargo|trade lane hong kong-gothenburg|export|robert skoog
c3932b,tum|sats|cargo|tum create|system
bee95f,dfw|logistics|iata|ceiv-certified pharma community|sin
2d0e37,fedex|cargo hub|cutting-edge technologies|facility|customer care centre
a4df5e,vienna airport|pharma centre|air cargo volumes|cargo capabilities|new pharma handling centre
962a8d,logistics|dwc airline services|international freight forwarding sector|dnata|operations
1c2827,forwarders|e-awb|airlines|carriers|single process approach
aa16e8,automatic terminal|lodige industries|freight activities|airline|new
704c46,real time control tower|airbridgecargo|service disruptions|special cargoes|customers
7fa992,air cargo india|track sponsor|schiphol cargo|amsterdam airport schiphol|proud
b19ba1,technology|blockchain|bita|freight forwarder panalpina|asset maintenance
04af93,airport|tiaca|csq|new online cargo service quality|cargo terminals
79b9c4,world cargo symposium|iata|cool-chain facility asap|despite|event
1d069d,bcube air cargo|ostend-bruges facility|facility|20 pallets|built-up cargo
2a307f,dwc|dxb|company|dnata|cargo handler
1d4812,mnx global logistics|logical freight solutions|lfs|healthcare|medical devices
cbfadb,airports|supply chain|csq|cargo iq|tiaca
4184de,flydubai cargo|blockchain technology|dnata|cargo operations|emirates innovation lab
4e3af0,shanghai|iata|e-freight|china|air cargo industry
dd9bdc,jettainer|tool|online platform|platform|christine klemmer
4a8169,1gsa|e-cargoware|select airline management|schedule management|systems
54318a,schiphol|critical flower shipment data|air waybills|new portal|overall data
e3308b,amsterdam airport schiphol|year|13 members|cargonaut|airline
848dee,american airlines cargo|pharma certification|latest airline|certification|american
854a96,cargocast|processes|cargo piece|location data|new digital platform cargocast
385cd4,new air cargo hub|gtr|facility|regional logistic hub|sats
42b63b,bcube air cargo|iata pharma certificate|company|certificate|mauro grisafi
308b39,smart facility operational capacity audit|sfoc|auditing effort|iata|hactl
9fafa6,latam cargo|mvd free airport|bru-mvd gdp-compliant route|brussels airport|region
485471,sky fresh sign deal|abc|sensitive shipments|airbridgecargo|airlines
b10996,air canada|new on-line booking tool|customers|shipments on-line|cargo
0634a6,airbridgecargo airlines|personnel|procedures|abc|cargo carrier
9f0920,liege airport|forum|air cargo excellence|networking event|cargo airlines
494eff,shanghai pharma|supply chain|pharmaceuticals groups|pharmaceutical regulations|distribution processes
127ba3,smart facility program|sfoc|audit system|hactl|operations
82065d,onasset intelligence|air cargo management system|adam crossno|ibs|logistics industry
1fcdde,ups|ever-faster delivery|commercial customers|receivers|delivery notifications
e0bfd4,new members|certification scheme|rebranding|cargo 2000|smart data project
1dfaf6,course|ground handlers|local gdp certification|iag cargo constant climate centre|forwarders
1e897b,schiphol|pharma gateway amsterdam|ceiv-certified pharma program|iata ceiv pharma-certified|airport
f53053,unilode|enhanced value|tracking innovation|temperature sensitive products|award
1baea2,15 carriers|american airlines|forwarders|air canada|barriers
1ca721,frankfurt air cargo innovation lab|kerry logistics|two-day event|new players|second
78172b,dnata|blockchain technology|greater security|operations|flydubai cargo
09e7d0,etihad cargo|abu dhabi international airport|cargo|logistics|east
5eb703,iag cargo|customers|security|customers new end-to-end monitoring service|quality
60c244,ceiv|ronald schaefer|justin burns|acw|schaefer
edf35f,pharma gateway|european cargo hub schiphol|iata ceiv|schiphol|programme
6bc62c,bollore|facility|automation|10 times|productivity
7ae354,logistics development|heathrow|segro|skyline|app
23bb28,abc airlines|pharma gateway amsterdam|iata ceiv|pga|amsterdam airport schiphol
379bf1,amerijet|ceiv pharma certification|airline|temperature|south america
1df2d2,dhl supply chain|air|ocean|site|express
e85c66,tiaca cargo service quality tool|tiaca|tool|csq|new online cargo service quality
7d8732,brussels airport|new logistics building|world flight services|nagel|foundations
8ede8e,flower shipment data|schiphol|portal|unique gln code|users access
1258fa,cca|cool chain association|innovation|non-profit organisation|debate
0ea37c,latam cargo|cargo management systems|system|croamis|customers
567fab,automotive group psa|cin france|visibility|ccs|citroen
1909dc,pactl ink mou|abc airlines|customers|mou|pactl
fe17e7,cargo management solution|middle east airlines|capacity management|ibs|cargo revenue
249023,air france klm|iata pharma certification|klm|franco-dutch airline group|certification
2cedd1,cargo iq|air cargo intelligence hub|new products|members|customers
5f1046,cargo iq|new chairman|venema|board|members
a602f3,new terminal|finnair|warehouse automation integration|terminal|power cargo hub
75de07,online airfreight quotes|shipment tracking|dhl|service|deutsche post
e403be,air cargo|global partnership|tap|portugal|flagship carrier tap air portugal
c5ab8a,amsterdam airport schiphol|ceiv pharma programme|air cargo netherlands|iata|pga
47f9bc,latam cargo group|fresh products|company|north america|strategic decision
779614,paradigm|swivel software|supply chain|freight forwarders|market
18e35b,space management|market|airlines|platform|e-cargowares
54fa78,vienna airport|new pharma hub|cargo centre|new temperature-controlled pharma hub|site
edc4ad,customers|collaborative shipment management|panalpina|new portal|shipment
6d286a,cargo 2000|members|cargo iq|berlin|wcs 2016
865432,airports|air cargo americas|customers|supply chain|infrastructure providers
d23378,sia|singapore airlines|thrucool|quality corridor|new pharma product
7c1447,etihad cargo|state-of-the-art cargo control center|shipments|ccc|customers
048453,ceva|new uk pharma facility|site|facility|prescriptions
5e70ee,emirates skycargo|white cover advanced|special material|external temperatures|direct sunlight
f214ae,iata ceiv pharma re-certification|airbridgecargo|abc|company|partners
a26632,cargocast platform|processes|new digital platform|freight forwarders|ground handlers
51ac95,on-airport perishable cargo|aisats|perishables centre|facility|india
77b154,pharmaport 360 temperature|united cargo inks|pharmaceutical shippers|bulk shipping container|cool-chain containers
ca2be4,brussels airport|new organisation|air cargo belgium|acb|cargo airlines
31b4a8,dhl|hamburg stations|global stations|hamburg|iata
61db5c,cargocast|processes|cargo piece|ground handlers|freight forwarders
16ad46,aa cargo|american airlines|american network|thelma etim|deputy editor
df48f0,interparfums|bolloré logistics|perfume|historical customer|stock management
9d5a75,c2k members|new quality standards|c2k|forwarders|vienna meeting
7e6e0b,aircraft manufacturers|strata|capabilities|airbus|boeing
bead9b,goldhofer|africa region|sales|middle east|services
869f6e,delta cargo|pharma|prescription drugs|designation|minneapolis customer service center
3d102f,fresh-certified airport|ceiv|iata|cathay pacific|hactl
2f5a06,air cargo community frankfurt|process|supply chain|platform|fraport ground handlings services
037a48,panalpina|adelantex|companies|perishables arena|year
d551b9,sky fresh|air cargo industry|airbridgecargo|abc|transportation process
d141f1,zimmerman|c2k|cargo 2000 change programme|assistant manager|board
902090,cool chain sustainability|planet|profit|people|cca
badf50,new end-to-end cargo management system|latam cargo|croamis|efficiency|wipro
f83b5d,wfs|new building|cph|pre-built units|facility
2a9b30,brussels airport|brucloud platform|blockchain technology|data|different actors
6862d9,client support|new facility|key|strategic location|benelux region
90ab54,marken|fastest transit times|biologic samples|best value|second sao paulo airport
2e6951,kenco|new facility|facility|raw materials management|docks
1d6244,air cargo community|cca|supply chain|stavros evangelakakis|chairman
f74c96,slot booking application|lachs|operations|better customer service|liege airport cargo handling services
d4448b,qatar airways|qep|quality programme|network|qatar airways cargo
41aebd,cargolux|gdp certification|pharmaceutical|gdp|world
68ed11,ceva|malaysia|new|enlarged facility|cdc2
fe745c,iata|cargo|ceiv|pharma audit|company
fa2d0d,pactl|airbridgecargo|mou|abc|superior customer service
37b981,company|cargo-partner|facility near vienna airport|facility|ilogistics center
cc2576,forwarders|etihad|platform|latest carrier|customers
2b5d9c,handlers|forwarders|airlines|community executive director|frankfurt
f47df7,air cargo belgium|data|tiaca|digital transformation|vice chairman
de33d9,ups|herdx|japan|food|quality assurance
8b0a0e,lufthansa|lufthansa german airlines|amos|maintenance|project
adf3fc,international airlines group|iag|products|new venture|business
7740bd,american airlines cargo|major modernisation upgrade|new system|customer experience|transition
50ec20,new aerotuf uld|aerotherm extra cool|latest uld innovation|ecodemonstrator 777 programme|food waste
bdf4ef,air cargo community|cca|perishables cool chain waste|supply chain|stavros evangelakakis
01fdde,etihad|ceiv|airline|reliability standards|iata
ea5596,dhl|booking service|online customer portal|shipments|quote
282732,wfs|swiss worldcargo|new york|facilities|quality management system
453132,brussels|ceiv pharma|handling agents|pharma|brucargo community
abc767,digi-iq|maskargo|digi-portal|cargo shipment lifecycle|complete visibility
66d287,dhl|high-tech industry|industry|support|semiconductor industry
5c5bd0,logistics tech accelerator 2017 programme|fiege|corporate collaborator|german supply chain company fiege|spain
cab517,air cargo industry|fintech|digital technology|resistance|air cargo
995338,machine manufacturer engel|parts|engel centralises|logistics center near vienna airport|fine-tuned processes
00bd78,thrucool|singapore airlines|service|healthcare shipments|high-value
85f189,pharma product|pharmaceutical supply chain|sensitive products|specific shippers|pharmaceutical
9d5865,air cargo capacity|lufthansa cargo|fleet logistics|startup|technology startup
db6dc1,iata|air cargo world|asycuda world|customs procedures|cargo-xml
c5a17a,etihad cargo|technology platform|interface control|ibs icargo|integration management
4e3c63,swissport basel|ceiv regulations|iata|highest quality|basel warehouse
fc9bcf,iag cargo|customers|security|quality|available
57fb9e,cargobase|mercado multi-freight mode marketplace|best logistics provider|smes|shippers
1861e9,facility|equipment specialist dawsonrentals|airworld eurobip|different products|richard meakes
80b876,api|fff|direct airline|bgl|air france klm martinair cargo
e632f1,emirates|airport|brazil|temperature fluctuations|vaccines
63236a,brussels airport|pharma sector|new infrastructure|country|efficiency
6ae2bd,hughes|air cargo|high-value goods|pharmaceuticals|cfs
1d05be,world customs organization|wco|times|pilot programme|sstl
21f23e,new innovation website|fraport|industry|logistics|solutions
2321cf,lufthansa cargo|quintiq|production planning|cargo|munich
f2b961,airbridgecargo|year|monitoring solution|vasily zhukov|airlines
a8019e,wisskirchen|employees|operations system|echos|airfreight
bc6273,members|forwarder group|time critical network|global partners|wca
dd27a9,delta|virgin|new pharma zone|networks|delta cargo
893598,delta cargo|iata ceiv pharma certification|region|operations|senior vice president
c9e6b4,lufthansa cargo|air cargo capacity|logistics platform|customers|start-ups
048b00,new cargo community|major global air cargo hub|accf|lufthansa cargo|board
0f7272,infr8 platform|processes|electronic dangerous goods declaration|edgd|airports
a35ac2,critical product|iag cargo|constant climate shipments|new enhancement|non-off loadable status
883b57,lug|hcc|expansion project|misskampf|iata ceiv pharma certification programme
04809d,iag cargo|critical product|new|time-critical service|urgent pharmaceuticals
5b0682,healthcare supply chains|automation|new report|additive manufacturing|big data analytics
9065cd,procedures|hactl|iata ceiv-pharma cert|personnel|quality management system
6b6ecf,cargo iq|members real-time access|data|air cargo intelligence hub|product
db8613,csafe rap|latam cargo|airline|company|csafe rkn active temperature-controlled containers
670582,air cargo|sats|tum|handler|ongoing industry effort
aec91f,firsttrac|milestones|ontrack|customer service system|timeframes
9fa2b2,critical product|pharmaceutical shippers|new enhancement|iag cargo|non-off loadable status
5f09eb,iag|exelsius|2016 pharma gdp training schedule|iag cargo|new workshops
093d0c,temperature|dhl|brussels airport facility|area|brussels airport
4cb323,rkn active containers available|rap|csafe|customers|system design
55a1d7,dhl|technology|center|innovation|customers
7314cd,pharma|carrier|turkish cargo|pharmaceutical services|acw
b37faa,airbridgecargo|lessor skycell|abc|russian carrier airbridgecargo|containers
becfbb,courier partners|relevant information|system|orders|delivery process
753978,slot booking app|wfs|app|brussels airport|application
64bdf3,lufthansa|corporate innovation professionals|tech firms|start-ups|hand
328aaf,forwarder panalpina|perishables network|panalpina|company|conditions
83ca94,new customer portal|new state-of-the-art operational platform|customers|panalpina|newest technologies
d46718,aero|pharma|montevideo free airport|7th airport member|expeditors
71f94c,singapore centre|apic|innovative solutions|edge|dhl
d29aa6,bolloré logistics uk|new establishment|newest air cargo hub skyline|meeting rooms|busiest airport
5d9582,redcargo|gd express|gdex|managing director|chief financial officer gdex
cbe035,ceiv pharma workshop|air pharma supply chain|schiphol|temperature excursions|11th annual world cargo symposium
0b7f1d,wfs|pharma centre|cargo community|landside|airside acceptance capabilities
de9e34,ceva logistics singapore|changi airport group|singapore airlines cargo|pharmaceutical air cargo|dhl global forwarding
c21f16,emirates skycargo|specialist pharma corridors|rollout|hong kong|dublin
672368,company|12 new service centres|hyde|markets|peli
86f51c,ceiv pharma|facility|singapore|sin|iata
9edbc7,cargo handlers lug|fcs|hub frankfurt airport|cargo handlers frankfurt cargo services|slv
4a3707,new pharma zone|delta cargo|virgin atlantic cargo|networks|products
fb26e0,emirates skycargo|new cool white container|high-end cool chain premium solution|carrier|white container
f76e46,lufthansa cargo|logistics start-ups|hi-tech route|accelerator programme|disruptive tech sector
875208,bengaluru cargo tracking app|cargo|air india sats|high tech industry|aisats
71456e,indian pharma shippers|gdp academy|forwarders|iag cargo|gdp
58cc83,klia cargo terminal|airasia|facility|ground team red|valuable cargo
5bf0e0,iag cargo|products|aviation industry|iag group|applicants
685e73,emirates|pharma|corridors|emirates skycargo|video
04b974,trade finance|customs|supply chain|solution|gt nexus commerce network
1a7542,etihad cargo|ibs|cargo technology platform|cargo management|customer value proposition
5a7b82,cool chain partners|pilot|data|food loss|technology
ac566e,dhl|advanced singapore facility|robotic technology|advanced regional center|kuehne
2ddae2,ceiv pharma|brussels|training programme|cool chain community|independent
31ca2b,largest temperature-sensitive cargo hub|lufthansa cargo cool center|europe|lufthansa cargo|jorg bodenroder
ddb54c,emirates skycargo|pharma cargo build|facility|global pharma corridor shipping network|direct ramp access
09f8b0,two-day course|gdp academy|mainland europe|iag cargo constant climate centre|course
526fa7,american airlines|customers|jim butler|cargo team|single air waybill
bc01ac,brussels airport|infrastructure|country|goods|european hub
a401a3,warehouse inventory|drones|unique solution|solution|prototyping phase
33f122,shanghai pharma|dhl signs|pharmaceuticals groups|mou|largest
6c6847,forwarder mnx|lfs|australian forwarder logical freight solutions|healthcare industry|diagnostics
e45210,dhl|logistic innovations|customers|americas innovation center|robotics
0da475,airfreight supply chain|talent|tiaca|netherlands|air cargo supply chain
