<root>
  <document>
    <sentences>
      <sentence section="title" type="title" id="1">
        <tokens>
          <token id="1">
            <word>Boeing</word>
            <lemma>Boeing</lemma>
            <CharacterOffsetBegin>0</CharacterOffsetBegin>
            <CharacterOffsetEnd>6</CharacterOffsetEnd>
            <POS>NNP</POS>
            <deprel>nsubj</deprel>
            <depreal_head_id>2</depreal_head_id>
            <depreal_head_text>awarded</depreal_head_text>
            <ner>S-ORG</ner>
          </token>
          <token id="2">
            <word>awarded</word>
            <lemma>award</lemma>
            <CharacterOffsetBegin>7</CharacterOffsetBegin>
            <CharacterOffsetEnd>14</CharacterOffsetEnd>
            <POS>VBD</POS>
            <deprel>root</deprel>
            <depreal_head_id>0</depreal_head_id>
            <depreal_head_text>root</depreal_head_text>
            <ner>O</ner>
          </token>
          <token id="3">
            <word>US</word>
            <lemma>US</lemma>
            <CharacterOffsetBegin>15</CharacterOffsetBegin>
            <CharacterOffsetEnd>17</CharacterOffsetEnd>
            <POS>NNP</POS>
            <deprel>nmod:poss</deprel>
            <depreal_head_id>6</depreal_head_id>
            <depreal_head_text>planning</depreal_head_text>
            <ner>S-GPE</ner>
          </token>
          <token id="4">
            <word>military</word>
            <lemma>military</lemma>
            <CharacterOffsetBegin>18</CharacterOffsetBegin>
            <CharacterOffsetEnd>26</CharacterOffsetEnd>
            <POS>JJ</POS>
            <deprel>amod</deprel>
            <depreal_head_id>5</depreal_head_id>
            <depreal_head_text>load</depreal_head_text>
            <ner>O</ner>
          </token>
          <token id="5">
            <word>load</word>
            <lemma>load</lemma>
            <CharacterOffsetBegin>27</CharacterOffsetBegin>
            <CharacterOffsetEnd>31</CharacterOffsetEnd>
            <POS>NN</POS>
            <deprel>compound</deprel>
            <depreal_head_id>6</depreal_head_id>
            <depreal_head_text>planning</depreal_head_text>
            <ner>O</ner>
          </token>
          <token id="6">
            <word>planning</word>
            <lemma>plan</lemma>
            <CharacterOffsetBegin>32</CharacterOffsetBegin>
            <CharacterOffsetEnd>40</CharacterOffsetEnd>
            <POS>NN</POS>
            <deprel>obj</deprel>
            <depreal_head_id>2</depreal_head_id>
            <depreal_head_text>awarded</depreal_head_text>
            <ner>O</ner>
          </token>
          <token id="7">
            <word>and</word>
            <lemma>and</lemma>
            <CharacterOffsetBegin>41</CharacterOffsetBegin>
            <CharacterOffsetEnd>44</CharacterOffsetEnd>
            <POS>CC</POS>
            <deprel>cc</deprel>
            <depreal_head_id>8</depreal_head_id>
            <depreal_head_text>tracking</depreal_head_text>
            <ner>O</ner>
          </token>
          <token id="8">
            <word>tracking</word>
            <lemma>track</lemma>
            <CharacterOffsetBegin>45</CharacterOffsetBegin>
            <CharacterOffsetEnd>53</CharacterOffsetEnd>
            <POS>VBG</POS>
            <deprel>conj</deprel>
            <depreal_head_id>2</depreal_head_id>
            <depreal_head_text>awarded</depreal_head_text>
            <ner>O</ner>
          </token>
          <token id="9">
            <word>sustainment</word>
            <lemma>sustainment</lemma>
            <CharacterOffsetBegin>54</CharacterOffsetBegin>
            <CharacterOffsetEnd>65</CharacterOffsetEnd>
            <POS>NN</POS>
            <deprel>case</deprel>
            <depreal_head_id>10</depreal_head_id>
            <depreal_head_text>contract</depreal_head_text>
            <ner>O</ner>
          </token>
          <token id="10">
            <word>contract</word>
            <lemma>contract</lemma>
            <CharacterOffsetBegin>66</CharacterOffsetBegin>
            <CharacterOffsetEnd>74</CharacterOffsetEnd>
            <POS>NN</POS>
            <deprel>obj</deprel>
            <depreal_head_id>8</depreal_head_id>
            <depreal_head_text>tracking</depreal_head_text>
            <ner>O</ner>
          </token>
        </tokens>
      </sentence>
      <sentence section="content" type="bodyText" id="2">
        <tokens>
          <token id="1">
            <word>The</word>
            <lemma>the</lemma>
            <CharacterOffsetBegin>75</CharacterOffsetBegin>
            <CharacterOffsetEnd>78</CharacterOffsetEnd>
            <POS>DT</POS>
            <deprel>det</deprel>
            <depreal_head_id>4</depreal_head_id>
            <depreal_head_text>Command</depreal_head_text>
            <ner>B-ORG</ner>
          </token>
          <token id="2">
            <word>US</word>
            <lemma>US</lemma>
            <CharacterOffsetBegin>79</CharacterOffsetBegin>
            <CharacterOffsetEnd>81</CharacterOffsetEnd>
            <POS>NNP</POS>
            <deprel>nsubj</deprel>
            <depreal_head_id>12</depreal_head_id>
            <depreal_head_text>awarded</depreal_head_text>
            <ner>I-ORG</ner>
          </token>
          <token id="3">
            <word>Transportation</word>
            <lemma>Transportation</lemma>
            <CharacterOffsetBegin>82</CharacterOffsetBegin>
            <CharacterOffsetEnd>96</CharacterOffsetEnd>
            <POS>NNP</POS>
            <deprel>flat</deprel>
            <depreal_head_id>2</depreal_head_id>
            <depreal_head_text>US</depreal_head_text>
            <ner>I-ORG</ner>
          </token>
          <token id="4">
            <word>Command</word>
            <lemma>Command</lemma>
            <CharacterOffsetBegin>97</CharacterOffsetBegin>
            <CharacterOffsetEnd>104</CharacterOffsetEnd>
            <POS>NNP</POS>
            <deprel>flat</deprel>
            <depreal_head_id>2</depreal_head_id>
            <depreal_head_text>US</depreal_head_text>
            <ner>E-ORG</ner>
          </token>
          <token id="5">
            <word>(</word>
            <lemma>(</lemma>
            <CharacterOffsetBegin>105</CharacterOffsetBegin>
            <CharacterOffsetEnd>106</CharacterOffsetEnd>
            <POS>-LRB-</POS>
            <deprel>punct</deprel>
            <depreal_head_id>6</depreal_head_id>
            <depreal_head_text>USTRANSCOM</depreal_head_text>
            <ner>O</ner>
          </token>
          <token id="6">
            <word>USTRANSCOM</word>
            <lemma>USTRanScom</lemma>
            <CharacterOffsetBegin>106</CharacterOffsetBegin>
            <CharacterOffsetEnd>116</CharacterOffsetEnd>
            <POS>NNP</POS>
            <deprel>appos</deprel>
            <depreal_head_id>4</depreal_head_id>
            <depreal_head_text>Command</depreal_head_text>
            <ner>S-ORG</ner>
          </token>
          <token id="7">
            <word>)</word>
            <lemma>)</lemma>
            <CharacterOffsetBegin>116</CharacterOffsetBegin>
            <CharacterOffsetEnd>117</CharacterOffsetEnd>
            <POS>-RRB-</POS>
            <deprel>punct</deprel>
            <depreal_head_id>6</depreal_head_id>
            <depreal_head_text>USTRANSCOM</depreal_head_text>
            <ner>O</ner>
          </token>
          <token id="8">
            <word>has</word>
            <lemma>have</lemma>
            <CharacterOffsetBegin>118</CharacterOffsetBegin>
            <CharacterOffsetEnd>121</CharacterOffsetEnd>
            <POS>VBZ</POS>
            <deprel>aux</deprel>
            <depreal_head_id>9</depreal_head_id>
            <depreal_head_text>awarded</depreal_head_text>
            <ner>O</ner>
          </token>
          <token id="9">
            <word>awarded</word>
            <lemma>award</lemma>
            <CharacterOffsetBegin>122</CharacterOffsetBegin>
            <CharacterOffsetEnd>129</CharacterOffsetEnd>
            <POS>VBN</POS>
            <deprel>acl</deprel>
            <depreal_head_id>4</depreal_head_id>
            <depreal_head_text>Command</depreal_head_text>
            <ner>O</ner>
          </token>
          <token id="10">
            <word>Boeing</word>
            <lemma>Boeing</lemma>
            <CharacterOffsetBegin>130</CharacterOffsetBegin>
            <CharacterOffsetEnd>136</CharacterOffsetEnd>
            <POS>NNP</POS>
            <deprel>nsubj</deprel>
            <depreal_head_id>12</depreal_head_id>
            <depreal_head_text>awarded</depreal_head_text>
            <ner>S-ORG</ner>
          </token>
          <token id="11">
            <word>was</word>
            <lemma>be</lemma>
            <CharacterOffsetBegin>137</CharacterOffsetBegin>
            <CharacterOffsetEnd>140</CharacterOffsetEnd>
            <POS>VBD</POS>
            <deprel>aux</deprel>
            <depreal_head_id>12</depreal_head_id>
            <depreal_head_text>awarded</depreal_head_text>
            <ner>O</ner>
          </token>
          <token id="12">
            <word>awarded</word>
            <lemma>award</lemma>
            <CharacterOffsetBegin>141</CharacterOffsetBegin>
            <CharacterOffsetEnd>148</CharacterOffsetEnd>
            <POS>VBN</POS>
            <deprel>root</deprel>
            <depreal_head_id>0</depreal_head_id>
            <depreal_head_text>root</depreal_head_text>
            <ner>O</ner>
          </token>
          <token id="13">
            <word>a</word>
            <lemma>a</lemma>
            <CharacterOffsetBegin>149</CharacterOffsetBegin>
            <CharacterOffsetEnd>150</CharacterOffsetEnd>
            <POS>DT</POS>
            <deprel>det</deprel>
            <depreal_head_id>15</depreal_head_id>
            <depreal_head_text>contract</depreal_head_text>
            <ner>O</ner>
          </token>
          <token id="14">
            <word>re-compete</word>
            <lemma>re-compete</lemma>
            <CharacterOffsetBegin>151</CharacterOffsetBegin>
            <CharacterOffsetEnd>161</CharacterOffsetEnd>
            <POS>JJ</POS>
            <deprel>amod</deprel>
            <depreal_head_id>15</depreal_head_id>
            <depreal_head_text>contract</depreal_head_text>
            <ner>O</ner>
          </token>
          <token id="15">
            <word>contract</word>
            <lemma>contract</lemma>
            <CharacterOffsetBegin>162</CharacterOffsetBegin>
            <CharacterOffsetEnd>170</CharacterOffsetEnd>
            <POS>NN</POS>
            <deprel>obj</deprel>
            <depreal_head_id>12</depreal_head_id>
            <depreal_head_text>awarded</depreal_head_text>
            <ner>O</ner>
          </token>
          <token id="16">
            <word>to</word>
            <lemma>to</lemma>
            <CharacterOffsetBegin>171</CharacterOffsetBegin>
            <CharacterOffsetEnd>173</CharacterOffsetEnd>
            <POS>TO</POS>
            <deprel>mark</deprel>
            <depreal_head_id>17</depreal_head_id>
            <depreal_head_text>increase</depreal_head_text>
            <ner>O</ner>
          </token>
          <token id="17">
            <word>increase</word>
            <lemma>increase</lemma>
            <CharacterOffsetBegin>174</CharacterOffsetBegin>
            <CharacterOffsetEnd>182</CharacterOffsetEnd>
            <POS>VB</POS>
            <deprel>acl</deprel>
            <depreal_head_id>15</depreal_head_id>
            <depreal_head_text>contract</depreal_head_text>
            <ner>O</ner>
          </token>
          <token id="18">
            <word>and</word>
            <lemma>and</lemma>
            <CharacterOffsetBegin>183</CharacterOffsetBegin>
            <CharacterOffsetEnd>186</CharacterOffsetEnd>
            <POS>CC</POS>
            <deprel>cc</deprel>
            <depreal_head_id>19</depreal_head_id>
            <depreal_head_text>sustain</depreal_head_text>
            <ner>O</ner>
          </token>
          <token id="19">
            <word>sustain</word>
            <lemma>sustain</lemma>
            <CharacterOffsetBegin>187</CharacterOffsetBegin>
            <CharacterOffsetEnd>194</CharacterOffsetEnd>
            <POS>VB</POS>
            <deprel>conj</deprel>
            <depreal_head_id>17</depreal_head_id>
            <depreal_head_text>increase</depreal_head_text>
            <ner>O</ner>
          </token>
          <token id="20">
            <word>the</word>
            <lemma>the</lemma>
            <CharacterOffsetBegin>195</CharacterOffsetBegin>
            <CharacterOffsetEnd>198</CharacterOffsetEnd>
            <POS>DT</POS>
            <deprel>det</deprel>
            <depreal_head_id>24</depreal_head_id>
            <depreal_head_text>System</depreal_head_text>
            <ner>B-PRODUCT</ner>
          </token>
          <token id="21">
            <word>Integrated</word>
            <lemma>Integrated</lemma>
            <CharacterOffsetBegin>199</CharacterOffsetBegin>
            <CharacterOffsetEnd>209</CharacterOffsetEnd>
            <POS>NNP</POS>
            <deprel>compound</deprel>
            <depreal_head_id>24</depreal_head_id>
            <depreal_head_text>System</depreal_head_text>
            <ner>I-PRODUCT</ner>
          </token>
          <token id="22">
            <word>Computerized</word>
            <lemma>Computerized</lemma>
            <CharacterOffsetBegin>210</CharacterOffsetBegin>
            <CharacterOffsetEnd>222</CharacterOffsetEnd>
            <POS>NNP</POS>
            <deprel>flat</deprel>
            <depreal_head_id>21</depreal_head_id>
            <depreal_head_text>Integrated</depreal_head_text>
            <ner>I-PRODUCT</ner>
          </token>
          <token id="23">
            <word>Deployment</word>
            <lemma>Deployment</lemma>
            <CharacterOffsetBegin>223</CharacterOffsetBegin>
            <CharacterOffsetEnd>233</CharacterOffsetEnd>
            <POS>NNP</POS>
            <deprel>flat</deprel>
            <depreal_head_id>21</depreal_head_id>
            <depreal_head_text>Integrated</depreal_head_text>
            <ner>I-PRODUCT</ner>
          </token>
          <token id="24">
            <word>System</word>
            <lemma>system</lemma>
            <CharacterOffsetBegin>234</CharacterOffsetBegin>
            <CharacterOffsetEnd>240</CharacterOffsetEnd>
            <POS>NNP</POS>
            <deprel>obj</deprel>
            <depreal_head_id>19</depreal_head_id>
            <depreal_head_text>sustain</depreal_head_text>
            <ner>E-PRODUCT</ner>
          </token>
          <token id="25">
            <word>(</word>
            <lemma>(</lemma>
            <CharacterOffsetBegin>241</CharacterOffsetBegin>
            <CharacterOffsetEnd>242</CharacterOffsetEnd>
            <POS>-LRB-</POS>
            <deprel>punct</deprel>
            <depreal_head_id>26</depreal_head_id>
            <depreal_head_text>ICODES</depreal_head_text>
            <ner>O</ner>
          </token>
          <token id="26">
            <word>ICODES</word>
            <lemma>Icodes</lemma>
            <CharacterOffsetBegin>242</CharacterOffsetBegin>
            <CharacterOffsetEnd>248</CharacterOffsetEnd>
            <POS>NNP</POS>
            <deprel>appos</deprel>
            <depreal_head_id>24</depreal_head_id>
            <depreal_head_text>System</depreal_head_text>
            <ner>S-ORG</ner>
          </token>
          <token id="27">
            <word>)</word>
            <lemma>)</lemma>
            <CharacterOffsetBegin>248</CharacterOffsetBegin>
            <CharacterOffsetEnd>249</CharacterOffsetEnd>
            <POS>-RRB-</POS>
            <deprel>punct</deprel>
            <depreal_head_id>26</depreal_head_id>
            <depreal_head_text>ICODES</depreal_head_text>
            <ner>O</ner>
          </token>
          <token id="28">
            <word>.</word>
            <lemma>.</lemma>
            <CharacterOffsetBegin>249</CharacterOffsetBegin>
            <CharacterOffsetEnd>250</CharacterOffsetEnd>
            <POS>.</POS>
            <deprel>punct</deprel>
            <depreal_head_id>26</depreal_head_id>
            <depreal_head_text>ICODES</depreal_head_text>
            <ner>O</ner>
          </token>
          <token id="29">
            <word>ICODES</word>
            <lemma>Icodes</lemma>
            <CharacterOffsetBegin>251</CharacterOffsetBegin>
            <CharacterOffsetEnd>257</CharacterOffsetEnd>
            <POS>NNP</POS>
            <deprel>nsubj</deprel>
            <depreal_head_id>34</depreal_head_id>
            <depreal_head_text>application</depreal_head_text>
            <ner>S-PRODUCT</ner>
          </token>
          <token id="30">
            <word>is</word>
            <lemma>be</lemma>
            <CharacterOffsetBegin>258</CharacterOffsetBegin>
            <CharacterOffsetEnd>260</CharacterOffsetEnd>
            <POS>VBZ</POS>
            <deprel>cop</deprel>
            <depreal_head_id>34</depreal_head_id>
            <depreal_head_text>application</depreal_head_text>
            <ner>O</ner>
          </token>
          <token id="31">
            <word>a</word>
            <lemma>a</lemma>
            <CharacterOffsetBegin>261</CharacterOffsetBegin>
            <CharacterOffsetEnd>262</CharacterOffsetEnd>
            <POS>DT</POS>
            <deprel>det</deprel>
            <depreal_head_id>34</depreal_head_id>
            <depreal_head_text>application</depreal_head_text>
            <ner>O</ner>
          </token>
          <token id="32">
            <word>logistics</word>
            <lemma>logistics</lemma>
            <CharacterOffsetBegin>263</CharacterOffsetBegin>
            <CharacterOffsetEnd>272</CharacterOffsetEnd>
            <POS>NN</POS>
            <deprel>compound</deprel>
            <depreal_head_id>33</depreal_head_id>
            <depreal_head_text>software</depreal_head_text>
            <ner>O</ner>
          </token>
          <token id="33">
            <word>software</word>
            <lemma>software</lemma>
            <CharacterOffsetBegin>273</CharacterOffsetBegin>
            <CharacterOffsetEnd>281</CharacterOffsetEnd>
            <POS>NN</POS>
            <deprel>compound</deprel>
            <depreal_head_id>34</depreal_head_id>
            <depreal_head_text>application</depreal_head_text>
            <ner>O</ner>
          </token>
          <token id="34">
            <word>application</word>
            <lemma>application</lemma>
            <CharacterOffsetBegin>282</CharacterOffsetBegin>
            <CharacterOffsetEnd>293</CharacterOffsetEnd>
            <POS>NN</POS>
            <deprel>obl</deprel>
            <depreal_head_id>12</depreal_head_id>
            <depreal_head_text>awarded</depreal_head_text>
            <ner>O</ner>
          </token>
          <token id="35">
            <word>that</word>
            <lemma>that</lemma>
            <CharacterOffsetBegin>294</CharacterOffsetBegin>
            <CharacterOffsetEnd>298</CharacterOffsetEnd>
            <POS>WDT</POS>
            <deprel>nsubj</deprel>
            <depreal_head_id>36</depreal_head_id>
            <depreal_head_text>helps</depreal_head_text>
            <ner>O</ner>
          </token>
          <token id="36">
            <word>helps</word>
            <lemma>help</lemma>
            <CharacterOffsetBegin>299</CharacterOffsetBegin>
            <CharacterOffsetEnd>304</CharacterOffsetEnd>
            <POS>VBZ</POS>
            <deprel>acl:relcl</deprel>
            <depreal_head_id>34</depreal_head_id>
            <depreal_head_text>application</depreal_head_text>
            <ner>O</ner>
          </token>
          <token id="37">
            <word>to</word>
            <lemma>to</lemma>
            <CharacterOffsetBegin>305</CharacterOffsetBegin>
            <CharacterOffsetEnd>307</CharacterOffsetEnd>
            <POS>TO</POS>
            <deprel>mark</deprel>
            <depreal_head_id>38</depreal_head_id>
            <depreal_head_text>automate</depreal_head_text>
            <ner>O</ner>
          </token>
          <token id="38">
            <word>automate</word>
            <lemma>automate</lemma>
            <CharacterOffsetBegin>308</CharacterOffsetBegin>
            <CharacterOffsetEnd>316</CharacterOffsetEnd>
            <POS>VB</POS>
            <deprel>xcomp</deprel>
            <depreal_head_id>36</depreal_head_id>
            <depreal_head_text>helps</depreal_head_text>
            <ner>O</ner>
          </token>
          <token id="39">
            <word>load</word>
            <lemma>load</lemma>
            <CharacterOffsetBegin>317</CharacterOffsetBegin>
            <CharacterOffsetEnd>321</CharacterOffsetEnd>
            <POS>NN</POS>
            <deprel>compound</deprel>
            <depreal_head_id>40</depreal_head_id>
            <depreal_head_text>planning</depreal_head_text>
            <ner>O</ner>
          </token>
          <token id="40">
            <word>planning</word>
            <lemma>plan</lemma>
            <CharacterOffsetBegin>322</CharacterOffsetBegin>
            <CharacterOffsetEnd>330</CharacterOffsetEnd>
            <POS>NN</POS>
            <deprel>obj</deprel>
            <depreal_head_id>38</depreal_head_id>
            <depreal_head_text>automate</depreal_head_text>
            <ner>O</ner>
          </token>
          <token id="41">
            <word>and</word>
            <lemma>and</lemma>
            <CharacterOffsetBegin>331</CharacterOffsetBegin>
            <CharacterOffsetEnd>334</CharacterOffsetEnd>
            <POS>CC</POS>
            <deprel>cc</deprel>
            <depreal_head_id>42</depreal_head_id>
            <depreal_head_text>enables</depreal_head_text>
            <ner>O</ner>
          </token>
          <token id="42">
            <word>enables</word>
            <lemma>enable</lemma>
            <CharacterOffsetBegin>335</CharacterOffsetBegin>
            <CharacterOffsetEnd>342</CharacterOffsetEnd>
            <POS>VBZ</POS>
            <deprel>conj</deprel>
            <depreal_head_id>38</depreal_head_id>
            <depreal_head_text>automate</depreal_head_text>
            <ner>O</ner>
          </token>
          <token id="43">
            <word>tracking</word>
            <lemma>tracking</lemma>
            <CharacterOffsetBegin>343</CharacterOffsetBegin>
            <CharacterOffsetEnd>351</CharacterOffsetEnd>
            <POS>NN</POS>
            <deprel>obj</deprel>
            <depreal_head_id>42</depreal_head_id>
            <depreal_head_text>enables</depreal_head_text>
            <ner>O</ner>
          </token>
          <token id="44">
            <word>of</word>
            <lemma>of</lemma>
            <CharacterOffsetBegin>352</CharacterOffsetBegin>
            <CharacterOffsetEnd>354</CharacterOffsetEnd>
            <POS>IN</POS>
            <deprel>case</deprel>
            <depreal_head_id>46</depreal_head_id>
            <depreal_head_text>movements</depreal_head_text>
            <ner>O</ner>
          </token>
          <token id="45">
            <word>cargo</word>
            <lemma>cargo</lemma>
            <CharacterOffsetBegin>355</CharacterOffsetBegin>
            <CharacterOffsetEnd>360</CharacterOffsetEnd>
            <POS>NN</POS>
            <deprel>compound</deprel>
            <depreal_head_id>46</depreal_head_id>
            <depreal_head_text>movements</depreal_head_text>
            <ner>O</ner>
          </token>
          <token id="46">
            <word>movements</word>
            <lemma>movement</lemma>
            <CharacterOffsetBegin>361</CharacterOffsetBegin>
            <CharacterOffsetEnd>370</CharacterOffsetEnd>
            <POS>NNS</POS>
            <deprel>nmod</deprel>
            <depreal_head_id>43</depreal_head_id>
            <depreal_head_text>tracking</depreal_head_text>
            <ner>O</ner>
          </token>
          <token id="47">
            <word>across</word>
            <lemma>across</lemma>
            <CharacterOffsetBegin>371</CharacterOffsetBegin>
            <CharacterOffsetEnd>377</CharacterOffsetEnd>
            <POS>IN</POS>
            <deprel>case</deprel>
            <depreal_head_id>48</depreal_head_id>
            <depreal_head_text>land</depreal_head_text>
            <ner>O</ner>
          </token>
          <token id="48">
            <word>land</word>
            <lemma>land</lemma>
            <CharacterOffsetBegin>378</CharacterOffsetBegin>
            <CharacterOffsetEnd>382</CharacterOffsetEnd>
            <POS>NN</POS>
            <deprel>nmod</deprel>
            <depreal_head_id>46</depreal_head_id>
            <depreal_head_text>movements</depreal_head_text>
            <ner>O</ner>
          </token>
          <token id="49">
            <word>,</word>
            <lemma>,</lemma>
            <CharacterOffsetBegin>382</CharacterOffsetBegin>
            <CharacterOffsetEnd>383</CharacterOffsetEnd>
            <POS>,</POS>
            <deprel>punct</deprel>
            <depreal_head_id>50</depreal_head_id>
            <depreal_head_text>air</depreal_head_text>
            <ner>O</ner>
          </token>
          <token id="50">
            <word>air</word>
            <lemma>air</lemma>
            <CharacterOffsetBegin>384</CharacterOffsetBegin>
            <CharacterOffsetEnd>387</CharacterOffsetEnd>
            <POS>NN</POS>
            <deprel>conj</deprel>
            <depreal_head_id>48</depreal_head_id>
            <depreal_head_text>land</depreal_head_text>
            <ner>O</ner>
          </token>
          <token id="51">
            <word>and</word>
            <lemma>and</lemma>
            <CharacterOffsetBegin>388</CharacterOffsetBegin>
            <CharacterOffsetEnd>391</CharacterOffsetEnd>
            <POS>CC</POS>
            <deprel>cc</deprel>
            <depreal_head_id>52</depreal_head_id>
            <depreal_head_text>sea</depreal_head_text>
            <ner>O</ner>
          </token>
          <token id="52">
            <word>sea</word>
            <lemma>sea</lemma>
            <CharacterOffsetBegin>392</CharacterOffsetBegin>
            <CharacterOffsetEnd>395</CharacterOffsetEnd>
            <POS>NN</POS>
            <deprel>conj</deprel>
            <depreal_head_id>50</depreal_head_id>
            <depreal_head_text>air</depreal_head_text>
            <ner>O</ner>
          </token>
          <token id="53">
            <word>for</word>
            <lemma>for</lemma>
            <CharacterOffsetBegin>396</CharacterOffsetBegin>
            <CharacterOffsetEnd>399</CharacterOffsetEnd>
            <POS>IN</POS>
            <deprel>case</deprel>
            <depreal_head_id>56</depreal_head_id>
            <depreal_head_text>Department</depreal_head_text>
            <ner>O</ner>
          </token>
          <token id="54">
            <word>the</word>
            <lemma>the</lemma>
            <CharacterOffsetBegin>400</CharacterOffsetBegin>
            <CharacterOffsetEnd>403</CharacterOffsetEnd>
            <POS>DT</POS>
            <deprel>det</deprel>
            <depreal_head_id>56</depreal_head_id>
            <depreal_head_text>Department</depreal_head_text>
            <ner>O</ner>
          </token>
          <token id="55">
            <word>US</word>
            <lemma>US</lemma>
            <CharacterOffsetBegin>404</CharacterOffsetBegin>
            <CharacterOffsetEnd>406</CharacterOffsetEnd>
            <POS>NNP</POS>
            <deprel>nmod</deprel>
            <depreal_head_id>52</depreal_head_id>
            <depreal_head_text>sea</depreal_head_text>
            <ner>S-GPE</ner>
          </token>
          <token id="56">
            <word>Department</word>
            <lemma>department</lemma>
            <CharacterOffsetBegin>407</CharacterOffsetBegin>
            <CharacterOffsetEnd>417</CharacterOffsetEnd>
            <POS>NNP</POS>
            <deprel>flat</deprel>
            <depreal_head_id>55</depreal_head_id>
            <depreal_head_text>US</depreal_head_text>
            <ner>B-ORG</ner>
          </token>
          <token id="57">
            <word>of</word>
            <lemma>of</lemma>
            <CharacterOffsetBegin>418</CharacterOffsetBegin>
            <CharacterOffsetEnd>420</CharacterOffsetEnd>
            <POS>IN</POS>
            <deprel>case</deprel>
            <depreal_head_id>58</depreal_head_id>
            <depreal_head_text>Defense</depreal_head_text>
            <ner>I-ORG</ner>
          </token>
          <token id="58">
            <word>Defense</word>
            <lemma>Defense</lemma>
            <CharacterOffsetBegin>421</CharacterOffsetBegin>
            <CharacterOffsetEnd>428</CharacterOffsetEnd>
            <POS>NNP</POS>
            <deprel>nmod</deprel>
            <depreal_head_id>56</depreal_head_id>
            <depreal_head_text>Department</depreal_head_text>
            <ner>E-ORG</ner>
          </token>
          <token id="59">
            <word>(</word>
            <lemma>(</lemma>
            <CharacterOffsetBegin>429</CharacterOffsetBegin>
            <CharacterOffsetEnd>430</CharacterOffsetEnd>
            <POS>-LRB-</POS>
            <deprel>punct</deprel>
            <depreal_head_id>60</depreal_head_id>
            <depreal_head_text>DOD</depreal_head_text>
            <ner>O</ner>
          </token>
          <token id="60">
            <word>DOD</word>
            <lemma>DOD</lemma>
            <CharacterOffsetBegin>430</CharacterOffsetBegin>
            <CharacterOffsetEnd>433</CharacterOffsetEnd>
            <POS>NNP</POS>
            <deprel>appos</deprel>
            <depreal_head_id>58</depreal_head_id>
            <depreal_head_text>Defense</depreal_head_text>
            <ner>S-ORG</ner>
          </token>
          <token id="61">
            <word>)</word>
            <lemma>)</lemma>
            <CharacterOffsetBegin>433</CharacterOffsetBegin>
            <CharacterOffsetEnd>434</CharacterOffsetEnd>
            <POS>-RRB-</POS>
            <deprel>punct</deprel>
            <depreal_head_id>60</depreal_head_id>
            <depreal_head_text>DOD</depreal_head_text>
            <ner>O</ner>
          </token>
          <token id="62">
            <word>.</word>
            <lemma>.</lemma>
            <CharacterOffsetBegin>434</CharacterOffsetBegin>
            <CharacterOffsetEnd>435</CharacterOffsetEnd>
            <POS>.</POS>
            <deprel>punct</deprel>
            <depreal_head_id>34</depreal_head_id>
            <depreal_head_text>application</depreal_head_text>
            <ner>O</ner>
          </token>
        </tokens>
      </sentence>
      <sentence section="content" type="bodyText" id="3">
        <tokens>
          <token id="1">
            <word>ICODES</word>
            <lemma>Icodes</lemma>
            <CharacterOffsetBegin>436</CharacterOffsetBegin>
            <CharacterOffsetEnd>442</CharacterOffsetEnd>
            <POS>NNP</POS>
            <deprel>nsubj</deprel>
            <depreal_head_id>2</depreal_head_id>
            <depreal_head_text>offers</depreal_head_text>
            <ner>O</ner>
          </token>
          <token id="2">
            <word>offers</word>
            <lemma>offer</lemma>
            <CharacterOffsetBegin>443</CharacterOffsetBegin>
            <CharacterOffsetEnd>449</CharacterOffsetEnd>
            <POS>VBZ</POS>
            <deprel>root</deprel>
            <depreal_head_id>0</depreal_head_id>
            <depreal_head_text>root</depreal_head_text>
            <ner>O</ner>
          </token>
          <token id="3">
            <word>near</word>
            <lemma>near</lemma>
            <CharacterOffsetBegin>450</CharacterOffsetBegin>
            <CharacterOffsetEnd>454</CharacterOffsetEnd>
            <POS>IN</POS>
            <deprel>case</deprel>
            <depreal_head_id>4</depreal_head_id>
            <depreal_head_text>real-time</depreal_head_text>
            <ner>O</ner>
          </token>
          <token id="4">
            <word>real-time</word>
            <lemma>real-time</lemma>
            <CharacterOffsetBegin>455</CharacterOffsetBegin>
            <CharacterOffsetEnd>464</CharacterOffsetEnd>
            <POS>NN</POS>
            <deprel>obl</deprel>
            <depreal_head_id>2</depreal_head_id>
            <depreal_head_text>offers</depreal_head_text>
            <ner>O</ner>
          </token>
          <token id="5">
            <word>,</word>
            <lemma>,</lemma>
            <CharacterOffsetBegin>464</CharacterOffsetBegin>
            <CharacterOffsetEnd>465</CharacterOffsetEnd>
            <POS>,</POS>
            <deprel>punct</deprel>
            <depreal_head_id>4</depreal_head_id>
            <depreal_head_text>real-time</depreal_head_text>
            <ner>O</ner>
          </token>
          <token id="6">
            <word>end-to-end</word>
            <lemma>end-to-end</lemma>
            <CharacterOffsetBegin>466</CharacterOffsetBegin>
            <CharacterOffsetEnd>476</CharacterOffsetEnd>
            <POS>JJ</POS>
            <deprel>amod</deprel>
            <depreal_head_id>7</depreal_head_id>
            <depreal_head_text>planning</depreal_head_text>
            <ner>O</ner>
          </token>
          <token id="7">
            <word>planning</word>
            <lemma>plan</lemma>
            <CharacterOffsetBegin>477</CharacterOffsetBegin>
            <CharacterOffsetEnd>485</CharacterOffsetEnd>
            <POS>NN</POS>
            <deprel>conj</deprel>
            <depreal_head_id>4</depreal_head_id>
            <depreal_head_text>real-time</depreal_head_text>
            <ner>O</ner>
          </token>
          <token id="8">
            <word>,</word>
            <lemma>,</lemma>
            <CharacterOffsetBegin>485</CharacterOffsetBegin>
            <CharacterOffsetEnd>486</CharacterOffsetEnd>
            <POS>,</POS>
            <deprel>punct</deprel>
            <depreal_head_id>9</depreal_head_id>
            <depreal_head_text>tracking</depreal_head_text>
            <ner>O</ner>
          </token>
          <token id="9">
            <word>tracking</word>
            <lemma>track</lemma>
            <CharacterOffsetBegin>487</CharacterOffsetBegin>
            <CharacterOffsetEnd>495</CharacterOffsetEnd>
            <POS>VBG</POS>
            <deprel>advcl</deprel>
            <depreal_head_id>2</depreal_head_id>
            <depreal_head_text>offers</depreal_head_text>
            <ner>O</ner>
          </token>
          <token id="10">
            <word>and</word>
            <lemma>and</lemma>
            <CharacterOffsetBegin>496</CharacterOffsetBegin>
            <CharacterOffsetEnd>499</CharacterOffsetEnd>
            <POS>CC</POS>
            <deprel>cc</deprel>
            <depreal_head_id>11</depreal_head_id>
            <depreal_head_text>forecasting</depreal_head_text>
            <ner>O</ner>
          </token>
          <token id="11">
            <word>forecasting</word>
            <lemma>forecasting</lemma>
            <CharacterOffsetBegin>500</CharacterOffsetBegin>
            <CharacterOffsetEnd>511</CharacterOffsetEnd>
            <POS>NN</POS>
            <deprel>conj</deprel>
            <depreal_head_id>9</depreal_head_id>
            <depreal_head_text>tracking</depreal_head_text>
            <ner>O</ner>
          </token>
          <token id="12">
            <word>of</word>
            <lemma>of</lemma>
            <CharacterOffsetBegin>512</CharacterOffsetBegin>
            <CharacterOffsetEnd>514</CharacterOffsetEnd>
            <POS>IN</POS>
            <deprel>case</deprel>
            <depreal_head_id>14</depreal_head_id>
            <depreal_head_text>stowage</depreal_head_text>
            <ner>O</ner>
          </token>
          <token id="13">
            <word>cargo</word>
            <lemma>cargo</lemma>
            <CharacterOffsetBegin>515</CharacterOffsetBegin>
            <CharacterOffsetEnd>520</CharacterOffsetEnd>
            <POS>NN</POS>
            <deprel>compound</deprel>
            <depreal_head_id>14</depreal_head_id>
            <depreal_head_text>stowage</depreal_head_text>
            <ner>O</ner>
          </token>
          <token id="14">
            <word>stowage</word>
            <lemma>stowage</lemma>
            <CharacterOffsetBegin>521</CharacterOffsetBegin>
            <CharacterOffsetEnd>528</CharacterOffsetEnd>
            <POS>NN</POS>
            <deprel>nmod</deprel>
            <depreal_head_id>11</depreal_head_id>
            <depreal_head_text>forecasting</depreal_head_text>
            <ner>O</ner>
          </token>
          <token id="15">
            <word>for</word>
            <lemma>for</lemma>
            <CharacterOffsetBegin>529</CharacterOffsetBegin>
            <CharacterOffsetEnd>532</CharacterOffsetEnd>
            <POS>IN</POS>
            <deprel>case</deprel>
            <depreal_head_id>16</depreal_head_id>
            <depreal_head_text>aircraft</depreal_head_text>
            <ner>O</ner>
          </token>
          <token id="16">
            <word>aircraft</word>
            <lemma>aircraft</lemma>
            <CharacterOffsetBegin>533</CharacterOffsetBegin>
            <CharacterOffsetEnd>541</CharacterOffsetEnd>
            <POS>NN</POS>
            <deprel>nmod</deprel>
            <depreal_head_id>14</depreal_head_id>
            <depreal_head_text>stowage</depreal_head_text>
            <ner>O</ner>
          </token>
          <token id="17">
            <word>,</word>
            <lemma>,</lemma>
            <CharacterOffsetBegin>541</CharacterOffsetBegin>
            <CharacterOffsetEnd>542</CharacterOffsetEnd>
            <POS>,</POS>
            <deprel>punct</deprel>
            <depreal_head_id>18</depreal_head_id>
            <depreal_head_text>ships</depreal_head_text>
            <ner>O</ner>
          </token>
          <token id="18">
            <word>ships</word>
            <lemma>ship</lemma>
            <CharacterOffsetBegin>543</CharacterOffsetBegin>
            <CharacterOffsetEnd>548</CharacterOffsetEnd>
            <POS>NNS</POS>
            <deprel>conj</deprel>
            <depreal_head_id>16</depreal_head_id>
            <depreal_head_text>aircraft</depreal_head_text>
            <ner>O</ner>
          </token>
          <token id="19">
            <word>,</word>
            <lemma>,</lemma>
            <CharacterOffsetBegin>548</CharacterOffsetBegin>
            <CharacterOffsetEnd>549</CharacterOffsetEnd>
            <POS>,</POS>
            <deprel>punct</deprel>
            <depreal_head_id>18</depreal_head_id>
            <depreal_head_text>ships</depreal_head_text>
            <ner>O</ner>
          </token>
          <token id="20">
            <word>rail</word>
            <lemma>rail</lemma>
            <CharacterOffsetBegin>550</CharacterOffsetBegin>
            <CharacterOffsetEnd>554</CharacterOffsetEnd>
            <POS>NN</POS>
            <deprel>compound</deprel>
            <depreal_head_id>23</depreal_head_id>
            <depreal_head_text>yards</depreal_head_text>
            <ner>O</ner>
          </token>
          <token id="21">
            <word>and</word>
            <lemma>and</lemma>
            <CharacterOffsetBegin>555</CharacterOffsetBegin>
            <CharacterOffsetEnd>558</CharacterOffsetEnd>
            <POS>CC</POS>
            <deprel>cc</deprel>
            <depreal_head_id>22</depreal_head_id>
            <depreal_head_text>terminal</depreal_head_text>
            <ner>O</ner>
          </token>
          <token id="22">
            <word>terminal</word>
            <lemma>terminal</lemma>
            <CharacterOffsetBegin>559</CharacterOffsetBegin>
            <CharacterOffsetEnd>567</CharacterOffsetEnd>
            <POS>JJ</POS>
            <deprel>conj</deprel>
            <depreal_head_id>20</depreal_head_id>
            <depreal_head_text>rail</depreal_head_text>
            <ner>O</ner>
          </token>
          <token id="23">
            <word>yards</word>
            <lemma>yard</lemma>
            <CharacterOffsetBegin>568</CharacterOffsetBegin>
            <CharacterOffsetEnd>573</CharacterOffsetEnd>
            <POS>NNS</POS>
            <deprel>conj</deprel>
            <depreal_head_id>18</depreal_head_id>
            <depreal_head_text>ships</depreal_head_text>
            <ner>O</ner>
          </token>
          <token id="24">
            <word>,</word>
            <lemma>,</lemma>
            <CharacterOffsetBegin>573</CharacterOffsetBegin>
            <CharacterOffsetEnd>574</CharacterOffsetEnd>
            <POS>,</POS>
            <deprel>punct</deprel>
            <depreal_head_id>26</depreal_head_id>
            <depreal_head_text>supports</depreal_head_text>
            <ner>O</ner>
          </token>
          <token id="25">
            <word>and</word>
            <lemma>and</lemma>
            <CharacterOffsetBegin>575</CharacterOffsetBegin>
            <CharacterOffsetEnd>578</CharacterOffsetEnd>
            <POS>CC</POS>
            <deprel>cc</deprel>
            <depreal_head_id>26</depreal_head_id>
            <depreal_head_text>supports</depreal_head_text>
            <ner>O</ner>
          </token>
          <token id="26">
            <word>supports</word>
            <lemma>support</lemma>
            <CharacterOffsetBegin>579</CharacterOffsetBegin>
            <CharacterOffsetEnd>587</CharacterOffsetEnd>
            <POS>VBZ</POS>
            <deprel>conj</deprel>
            <depreal_head_id>2</depreal_head_id>
            <depreal_head_text>offers</depreal_head_text>
            <ner>O</ner>
          </token>
          <token id="27">
            <word>unit</word>
            <lemma>unit</lemma>
            <CharacterOffsetBegin>588</CharacterOffsetBegin>
            <CharacterOffsetEnd>592</CharacterOffsetEnd>
            <POS>NN</POS>
            <deprel>obj</deprel>
            <depreal_head_id>26</depreal_head_id>
            <depreal_head_text>supports</depreal_head_text>
            <ner>O</ner>
          </token>
          <token id="28">
            <word>move</word>
            <lemma>move</lemma>
            <CharacterOffsetBegin>593</CharacterOffsetBegin>
            <CharacterOffsetEnd>597</CharacterOffsetEnd>
            <POS>VB</POS>
            <deprel>xcomp</deprel>
            <depreal_head_id>26</depreal_head_id>
            <depreal_head_text>supports</depreal_head_text>
            <ner>O</ner>
          </token>
          <token id="29">
            <word>activities</word>
            <lemma>activity</lemma>
            <CharacterOffsetBegin>598</CharacterOffsetBegin>
            <CharacterOffsetEnd>608</CharacterOffsetEnd>
            <POS>NNS</POS>
            <deprel>obj</deprel>
            <depreal_head_id>28</depreal_head_id>
            <depreal_head_text>move</depreal_head_text>
            <ner>O</ner>
          </token>
          <token id="30">
            <word>.</word>
            <lemma>.</lemma>
            <CharacterOffsetBegin>608</CharacterOffsetBegin>
            <CharacterOffsetEnd>609</CharacterOffsetEnd>
            <POS>.</POS>
            <deprel>punct</deprel>
            <depreal_head_id>26</depreal_head_id>
            <depreal_head_text>supports</depreal_head_text>
            <ner>O</ner>
          </token>
          <token id="31">
            <word>The</word>
            <lemma>the</lemma>
            <CharacterOffsetBegin>610</CharacterOffsetBegin>
            <CharacterOffsetEnd>613</CharacterOffsetEnd>
            <POS>DT</POS>
            <deprel>det</deprel>
            <depreal_head_id>32</depreal_head_id>
            <depreal_head_text>system</depreal_head_text>
            <ner>O</ner>
          </token>
          <token id="32">
            <word>system</word>
            <lemma>system</lemma>
            <CharacterOffsetBegin>614</CharacterOffsetBegin>
            <CharacterOffsetEnd>620</CharacterOffsetEnd>
            <POS>NN</POS>
            <deprel>nsubj</deprel>
            <depreal_head_id>33</depreal_head_id>
            <depreal_head_text>allows</depreal_head_text>
            <ner>O</ner>
          </token>
          <token id="33">
            <word>allows</word>
            <lemma>allow</lemma>
            <CharacterOffsetBegin>621</CharacterOffsetBegin>
            <CharacterOffsetEnd>627</CharacterOffsetEnd>
            <POS>VBZ</POS>
            <deprel>parataxis</deprel>
            <depreal_head_id>2</depreal_head_id>
            <depreal_head_text>offers</depreal_head_text>
            <ner>O</ner>
          </token>
          <token id="34">
            <word>an</word>
            <lemma>an</lemma>
            <CharacterOffsetBegin>628</CharacterOffsetBegin>
            <CharacterOffsetEnd>630</CharacterOffsetEnd>
            <POS>DT</POS>
            <deprel>det</deprel>
            <depreal_head_id>35</depreal_head_id>
            <depreal_head_text>interface</depreal_head_text>
            <ner>O</ner>
          </token>
          <token id="35">
            <word>interface</word>
            <lemma>interface</lemma>
            <CharacterOffsetBegin>631</CharacterOffsetBegin>
            <CharacterOffsetEnd>640</CharacterOffsetEnd>
            <POS>NN</POS>
            <deprel>obj</deprel>
            <depreal_head_id>33</depreal_head_id>
            <depreal_head_text>allows</depreal_head_text>
            <ner>O</ner>
          </token>
          <token id="36">
            <word>between</word>
            <lemma>between</lemma>
            <CharacterOffsetBegin>641</CharacterOffsetBegin>
            <CharacterOffsetEnd>648</CharacterOffsetEnd>
            <POS>IN</POS>
            <deprel>case</deprel>
            <depreal_head_id>42</depreal_head_id>
            <depreal_head_text>systems</depreal_head_text>
            <ner>O</ner>
          </token>
          <token id="37">
            <word>multiple</word>
            <lemma>multiple</lemma>
            <CharacterOffsetBegin>649</CharacterOffsetBegin>
            <CharacterOffsetEnd>657</CharacterOffsetEnd>
            <POS>JJ</POS>
            <deprel>amod</deprel>
            <depreal_head_id>38</depreal_head_id>
            <depreal_head_text>transportation</depreal_head_text>
            <ner>O</ner>
          </token>
          <token id="38">
            <word>transportation</word>
            <lemma>transportation</lemma>
            <CharacterOffsetBegin>658</CharacterOffsetBegin>
            <CharacterOffsetEnd>672</CharacterOffsetEnd>
            <POS>NN</POS>
            <deprel>compound</deprel>
            <depreal_head_id>42</depreal_head_id>
            <depreal_head_text>systems</depreal_head_text>
            <ner>O</ner>
          </token>
          <token id="39">
            <word>and</word>
            <lemma>and</lemma>
            <CharacterOffsetBegin>673</CharacterOffsetBegin>
            <CharacterOffsetEnd>676</CharacterOffsetEnd>
            <POS>CC</POS>
            <deprel>cc</deprel>
            <depreal_head_id>40</depreal_head_id>
            <depreal_head_text>defense</depreal_head_text>
            <ner>O</ner>
          </token>
          <token id="40">
            <word>defense</word>
            <lemma>defense</lemma>
            <CharacterOffsetBegin>677</CharacterOffsetBegin>
            <CharacterOffsetEnd>684</CharacterOffsetEnd>
            <POS>NN</POS>
            <deprel>conj</deprel>
            <depreal_head_id>38</depreal_head_id>
            <depreal_head_text>transportation</depreal_head_text>
            <ner>O</ner>
          </token>
          <token id="41">
            <word>information</word>
            <lemma>information</lemma>
            <CharacterOffsetBegin>685</CharacterOffsetBegin>
            <CharacterOffsetEnd>696</CharacterOffsetEnd>
            <POS>NN</POS>
            <deprel>compound</deprel>
            <depreal_head_id>42</depreal_head_id>
            <depreal_head_text>systems</depreal_head_text>
            <ner>O</ner>
          </token>
          <token id="42">
            <word>systems</word>
            <lemma>system</lemma>
            <CharacterOffsetBegin>697</CharacterOffsetBegin>
            <CharacterOffsetEnd>704</CharacterOffsetEnd>
            <POS>NNS</POS>
            <deprel>nmod</deprel>
            <depreal_head_id>35</depreal_head_id>
            <depreal_head_text>interface</depreal_head_text>
            <ner>O</ner>
          </token>
          <token id="43">
            <word>.</word>
            <lemma>.</lemma>
            <CharacterOffsetBegin>704</CharacterOffsetBegin>
            <CharacterOffsetEnd>705</CharacterOffsetEnd>
            <POS>.</POS>
            <deprel>punct</deprel>
            <depreal_head_id>33</depreal_head_id>
            <depreal_head_text>allows</depreal_head_text>
            <ner>O</ner>
          </token>
          <token id="44">
            <word>This</word>
            <lemma>this</lemma>
            <CharacterOffsetBegin>706</CharacterOffsetBegin>
            <CharacterOffsetEnd>710</CharacterOffsetEnd>
            <POS>DT</POS>
            <deprel>nsubj</deprel>
            <depreal_head_id>45</depreal_head_id>
            <depreal_head_text>facilitates</depreal_head_text>
            <ner>O</ner>
          </token>
          <token id="45">
            <word>facilitates</word>
            <lemma>facilitate</lemma>
            <CharacterOffsetBegin>711</CharacterOffsetBegin>
            <CharacterOffsetEnd>722</CharacterOffsetEnd>
            <POS>VBZ</POS>
            <deprel>conj</deprel>
            <depreal_head_id>33</depreal_head_id>
            <depreal_head_text>allows</depreal_head_text>
            <ner>O</ner>
          </token>
          <token id="46">
            <word>users</word>
            <lemma>user</lemma>
            <CharacterOffsetBegin>723</CharacterOffsetBegin>
            <CharacterOffsetEnd>728</CharacterOffsetEnd>
            <POS>NNS</POS>
            <deprel>obj</deprel>
            <depreal_head_id>45</depreal_head_id>
            <depreal_head_text>facilitates</depreal_head_text>
            <ner>O</ner>
          </token>
          <token id="47">
            <word>to</word>
            <lemma>to</lemma>
            <CharacterOffsetBegin>729</CharacterOffsetBegin>
            <CharacterOffsetEnd>731</CharacterOffsetEnd>
            <POS>TO</POS>
            <deprel>mark</deprel>
            <depreal_head_id>49</depreal_head_id>
            <depreal_head_text>exchange</depreal_head_text>
            <ner>O</ner>
          </token>
          <token id="48">
            <word>effortlessly</word>
            <lemma>effortlessly</lemma>
            <CharacterOffsetBegin>732</CharacterOffsetBegin>
            <CharacterOffsetEnd>744</CharacterOffsetEnd>
            <POS>RB</POS>
            <deprel>advmod</deprel>
            <depreal_head_id>49</depreal_head_id>
            <depreal_head_text>exchange</depreal_head_text>
            <ner>O</ner>
          </token>
          <token id="49">
            <word>exchange</word>
            <lemma>exchange</lemma>
            <CharacterOffsetBegin>745</CharacterOffsetBegin>
            <CharacterOffsetEnd>753</CharacterOffsetEnd>
            <POS>VB</POS>
            <deprel>acl</deprel>
            <depreal_head_id>46</depreal_head_id>
            <depreal_head_text>users</depreal_head_text>
            <ner>O</ner>
          </token>
          <token id="50">
            <word>critical</word>
            <lemma>critical</lemma>
            <CharacterOffsetBegin>754</CharacterOffsetBegin>
            <CharacterOffsetEnd>762</CharacterOffsetEnd>
            <POS>JJ</POS>
            <deprel>amod</deprel>
            <depreal_head_id>51</depreal_head_id>
            <depreal_head_text>data</depreal_head_text>
            <ner>O</ner>
          </token>
          <token id="51">
            <word>data</word>
            <lemma>data</lemma>
            <CharacterOffsetBegin>763</CharacterOffsetBegin>
            <CharacterOffsetEnd>767</CharacterOffsetEnd>
            <POS>NNS</POS>
            <deprel>obj</deprel>
            <depreal_head_id>49</depreal_head_id>
            <depreal_head_text>exchange</depreal_head_text>
            <ner>O</ner>
          </token>
          <token id="52">
            <word>across</word>
            <lemma>across</lemma>
            <CharacterOffsetBegin>768</CharacterOffsetBegin>
            <CharacterOffsetEnd>774</CharacterOffsetEnd>
            <POS>IN</POS>
            <deprel>case</deprel>
            <depreal_head_id>55</depreal_head_id>
            <depreal_head_text>network</depreal_head_text>
            <ner>O</ner>
          </token>
          <token id="53">
            <word>the</word>
            <lemma>the</lemma>
            <CharacterOffsetBegin>775</CharacterOffsetBegin>
            <CharacterOffsetEnd>778</CharacterOffsetEnd>
            <POS>DT</POS>
            <deprel>det</deprel>
            <depreal_head_id>55</depreal_head_id>
            <depreal_head_text>network</depreal_head_text>
            <ner>O</ner>
          </token>
          <token id="54">
            <word>entire</word>
            <lemma>entire</lemma>
            <CharacterOffsetBegin>779</CharacterOffsetBegin>
            <CharacterOffsetEnd>785</CharacterOffsetEnd>
            <POS>JJ</POS>
            <deprel>amod</deprel>
            <depreal_head_id>55</depreal_head_id>
            <depreal_head_text>network</depreal_head_text>
            <ner>O</ner>
          </token>
          <token id="55">
            <word>network</word>
            <lemma>network</lemma>
            <CharacterOffsetBegin>786</CharacterOffsetBegin>
            <CharacterOffsetEnd>793</CharacterOffsetEnd>
            <POS>NN</POS>
            <deprel>obl</deprel>
            <depreal_head_id>49</depreal_head_id>
            <depreal_head_text>exchange</depreal_head_text>
            <ner>O</ner>
          </token>
          <token id="56">
            <word>.</word>
            <lemma>.</lemma>
            <CharacterOffsetBegin>793</CharacterOffsetBegin>
            <CharacterOffsetEnd>794</CharacterOffsetEnd>
            <POS>.</POS>
            <deprel>punct</deprel>
            <depreal_head_id>45</depreal_head_id>
            <depreal_head_text>facilitates</depreal_head_text>
            <ner>O</ner>
          </token>
        </tokens>
      </sentence>
      <sentence section="content" type="bodyText" id="4">
        <tokens>
          <token id="1">
            <word>"</word>
            <lemma>&amp;quot;</lemma>
            <CharacterOffsetBegin>795</CharacterOffsetBegin>
            <CharacterOffsetEnd>796</CharacterOffsetEnd>
            <POS>``</POS>
            <deprel>punct</deprel>
            <depreal_head_id>3</depreal_head_id>
            <depreal_head_text>ICODES</depreal_head_text>
            <ner>O</ner>
          </token>
          <token id="2">
            <word>With</word>
            <lemma>with</lemma>
            <CharacterOffsetBegin>796</CharacterOffsetBegin>
            <CharacterOffsetEnd>800</CharacterOffsetEnd>
            <POS>IN</POS>
            <deprel>case</deprel>
            <depreal_head_id>3</depreal_head_id>
            <depreal_head_text>ICODES</depreal_head_text>
            <ner>O</ner>
          </token>
          <token id="3">
            <word>ICODES</word>
            <lemma>Icodes</lemma>
            <CharacterOffsetBegin>801</CharacterOffsetBegin>
            <CharacterOffsetEnd>807</CharacterOffsetEnd>
            <POS>NNP</POS>
            <deprel>obl</deprel>
            <depreal_head_id>7</depreal_head_id>
            <depreal_head_text>have</depreal_head_text>
            <ner>S-ORG</ner>
          </token>
          <token id="4">
            <word>,</word>
            <lemma>,</lemma>
            <CharacterOffsetBegin>807</CharacterOffsetBegin>
            <CharacterOffsetEnd>808</CharacterOffsetEnd>
            <POS>,</POS>
            <deprel>punct</deprel>
            <depreal_head_id>2</depreal_head_id>
            <depreal_head_text>With</depreal_head_text>
            <ner>O</ner>
          </token>
          <token id="5">
            <word>our</word>
            <lemma>we</lemma>
            <CharacterOffsetBegin>809</CharacterOffsetBegin>
            <CharacterOffsetEnd>812</CharacterOffsetEnd>
            <POS>PRP$</POS>
            <deprel>nmod:poss</deprel>
            <depreal_head_id>6</depreal_head_id>
            <depreal_head_text>customers</depreal_head_text>
            <ner>O</ner>
          </token>
          <token id="6">
            <word>customers</word>
            <lemma>customer</lemma>
            <CharacterOffsetBegin>813</CharacterOffsetBegin>
            <CharacterOffsetEnd>822</CharacterOffsetEnd>
            <POS>NNS</POS>
            <deprel>nsubj</deprel>
            <depreal_head_id>7</depreal_head_id>
            <depreal_head_text>have</depreal_head_text>
            <ner>O</ner>
          </token>
          <token id="7">
            <word>have</word>
            <lemma>have</lemma>
            <CharacterOffsetBegin>823</CharacterOffsetBegin>
            <CharacterOffsetEnd>827</CharacterOffsetEnd>
            <POS>VBP</POS>
            <deprel>root</deprel>
            <depreal_head_id>0</depreal_head_id>
            <depreal_head_text>root</depreal_head_text>
            <ner>O</ner>
          </token>
          <token id="8">
            <word>a</word>
            <lemma>a</lemma>
            <CharacterOffsetBegin>828</CharacterOffsetBegin>
            <CharacterOffsetEnd>829</CharacterOffsetEnd>
            <POS>DT</POS>
            <deprel>det</deprel>
            <depreal_head_id>11</depreal_head_id>
            <depreal_head_text>picture</depreal_head_text>
            <ner>O</ner>
          </token>
          <token id="9">
            <word>common</word>
            <lemma>common</lemma>
            <CharacterOffsetBegin>830</CharacterOffsetBegin>
            <CharacterOffsetEnd>836</CharacterOffsetEnd>
            <POS>JJ</POS>
            <deprel>amod</deprel>
            <depreal_head_id>11</depreal_head_id>
            <depreal_head_text>picture</depreal_head_text>
            <ner>O</ner>
          </token>
          <token id="10">
            <word>operating</word>
            <lemma>operate</lemma>
            <CharacterOffsetBegin>837</CharacterOffsetBegin>
            <CharacterOffsetEnd>846</CharacterOffsetEnd>
            <POS>VBG</POS>
            <deprel>compound</deprel>
            <depreal_head_id>11</depreal_head_id>
            <depreal_head_text>picture</depreal_head_text>
            <ner>O</ner>
          </token>
          <token id="11">
            <word>picture</word>
            <lemma>picture</lemma>
            <CharacterOffsetBegin>847</CharacterOffsetBegin>
            <CharacterOffsetEnd>854</CharacterOffsetEnd>
            <POS>NN</POS>
            <deprel>obj</deprel>
            <depreal_head_id>7</depreal_head_id>
            <depreal_head_text>have</depreal_head_text>
            <ner>O</ner>
          </token>
          <token id="12">
            <word>for</word>
            <lemma>for</lemma>
            <CharacterOffsetBegin>855</CharacterOffsetBegin>
            <CharacterOffsetEnd>858</CharacterOffsetEnd>
            <POS>IN</POS>
            <deprel>mark</deprel>
            <depreal_head_id>13</depreal_head_id>
            <depreal_head_text>managing</depreal_head_text>
            <ner>O</ner>
          </token>
          <token id="13">
            <word>managing</word>
            <lemma>manage</lemma>
            <CharacterOffsetBegin>859</CharacterOffsetBegin>
            <CharacterOffsetEnd>867</CharacterOffsetEnd>
            <POS>VBG</POS>
            <deprel>acl</deprel>
            <depreal_head_id>11</depreal_head_id>
            <depreal_head_text>picture</depreal_head_text>
            <ner>O</ner>
          </token>
          <token id="14">
            <word>global</word>
            <lemma>global</lemma>
            <CharacterOffsetBegin>868</CharacterOffsetBegin>
            <CharacterOffsetEnd>874</CharacterOffsetEnd>
            <POS>JJ</POS>
            <deprel>amod</deprel>
            <depreal_head_id>18</depreal_head_id>
            <depreal_head_text>movements</depreal_head_text>
            <ner>O</ner>
          </token>
          <token id="15">
            <word>cargo</word>
            <lemma>cargo</lemma>
            <CharacterOffsetBegin>875</CharacterOffsetBegin>
            <CharacterOffsetEnd>880</CharacterOffsetEnd>
            <POS>NN</POS>
            <deprel>compound</deprel>
            <depreal_head_id>18</depreal_head_id>
            <depreal_head_text>movements</depreal_head_text>
            <ner>O</ner>
          </token>
          <token id="16">
            <word>and</word>
            <lemma>and</lemma>
            <CharacterOffsetBegin>881</CharacterOffsetBegin>
            <CharacterOffsetEnd>884</CharacterOffsetEnd>
            <POS>CC</POS>
            <deprel>cc</deprel>
            <depreal_head_id>17</depreal_head_id>
            <depreal_head_text>passenger</depreal_head_text>
            <ner>O</ner>
          </token>
          <token id="17">
            <word>passenger</word>
            <lemma>passenger</lemma>
            <CharacterOffsetBegin>885</CharacterOffsetBegin>
            <CharacterOffsetEnd>894</CharacterOffsetEnd>
            <POS>NN</POS>
            <deprel>conj</deprel>
            <depreal_head_id>15</depreal_head_id>
            <depreal_head_text>cargo</depreal_head_text>
            <ner>O</ner>
          </token>
          <token id="18">
            <word>movements</word>
            <lemma>movement</lemma>
            <CharacterOffsetBegin>895</CharacterOffsetBegin>
            <CharacterOffsetEnd>904</CharacterOffsetEnd>
            <POS>NNS</POS>
            <deprel>obj</deprel>
            <depreal_head_id>13</depreal_head_id>
            <depreal_head_text>managing</depreal_head_text>
            <ner>O</ner>
          </token>
          <token id="19">
            <word>.</word>
            <lemma>.</lemma>
            <CharacterOffsetBegin>904</CharacterOffsetBegin>
            <CharacterOffsetEnd>905</CharacterOffsetEnd>
            <POS>.</POS>
            <deprel>punct</deprel>
            <depreal_head_id>7</depreal_head_id>
            <depreal_head_text>have</depreal_head_text>
            <ner>O</ner>
          </token>
          <token id="20">
            <word>It</word>
            <lemma>it</lemma>
            <CharacterOffsetBegin>906</CharacterOffsetBegin>
            <CharacterOffsetEnd>908</CharacterOffsetEnd>
            <POS>PRP</POS>
            <deprel>nsubj</deprel>
            <depreal_head_id>21</depreal_head_id>
            <depreal_head_text>helps</depreal_head_text>
            <ner>O</ner>
          </token>
          <token id="21">
            <word>helps</word>
            <lemma>help</lemma>
            <CharacterOffsetBegin>909</CharacterOffsetBegin>
            <CharacterOffsetEnd>914</CharacterOffsetEnd>
            <POS>VBZ</POS>
            <deprel>conj</deprel>
            <depreal_head_id>7</depreal_head_id>
            <depreal_head_text>have</depreal_head_text>
            <ner>O</ner>
          </token>
          <token id="22">
            <word>ensures</word>
            <lemma>ensure</lemma>
            <CharacterOffsetBegin>915</CharacterOffsetBegin>
            <CharacterOffsetEnd>922</CharacterOffsetEnd>
            <POS>VBZ</POS>
            <deprel>xcomp</deprel>
            <depreal_head_id>21</depreal_head_id>
            <depreal_head_text>helps</depreal_head_text>
            <ner>O</ner>
          </token>
          <token id="23">
            <word>safe</word>
            <lemma>safe</lemma>
            <CharacterOffsetBegin>923</CharacterOffsetBegin>
            <CharacterOffsetEnd>927</CharacterOffsetEnd>
            <POS>JJ</POS>
            <deprel>amod</deprel>
            <depreal_head_id>27</depreal_head_id>
            <depreal_head_text>placement</depreal_head_text>
            <ner>O</ner>
          </token>
          <token id="24">
            <word>,</word>
            <lemma>,</lemma>
            <CharacterOffsetBegin>927</CharacterOffsetBegin>
            <CharacterOffsetEnd>928</CharacterOffsetEnd>
            <POS>,</POS>
            <deprel>punct</deprel>
            <depreal_head_id>23</depreal_head_id>
            <depreal_head_text>safe</depreal_head_text>
            <ner>O</ner>
          </token>
          <token id="25">
            <word>efficient</word>
            <lemma>efficient</lemma>
            <CharacterOffsetBegin>929</CharacterOffsetBegin>
            <CharacterOffsetEnd>938</CharacterOffsetEnd>
            <POS>JJ</POS>
            <deprel>amod</deprel>
            <depreal_head_id>27</depreal_head_id>
            <depreal_head_text>placement</depreal_head_text>
            <ner>O</ner>
          </token>
          <token id="26">
            <word>cargo</word>
            <lemma>cargo</lemma>
            <CharacterOffsetBegin>939</CharacterOffsetBegin>
            <CharacterOffsetEnd>944</CharacterOffsetEnd>
            <POS>NN</POS>
            <deprel>compound</deprel>
            <depreal_head_id>27</depreal_head_id>
            <depreal_head_text>placement</depreal_head_text>
            <ner>O</ner>
          </token>
          <token id="27">
            <word>placement</word>
            <lemma>placement</lemma>
            <CharacterOffsetBegin>945</CharacterOffsetBegin>
            <CharacterOffsetEnd>954</CharacterOffsetEnd>
            <POS>NN</POS>
            <deprel>obj</deprel>
            <depreal_head_id>22</depreal_head_id>
            <depreal_head_text>ensures</depreal_head_text>
            <ner>O</ner>
          </token>
          <token id="28">
            <word>while</word>
            <lemma>while</lemma>
            <CharacterOffsetBegin>955</CharacterOffsetBegin>
            <CharacterOffsetEnd>960</CharacterOffsetEnd>
            <POS>IN</POS>
            <deprel>mark</deprel>
            <depreal_head_id>30</depreal_head_id>
            <depreal_head_text>reducing</depreal_head_text>
            <ner>O</ner>
          </token>
          <token id="29">
            <word>significantly</word>
            <lemma>significantly</lemma>
            <CharacterOffsetBegin>961</CharacterOffsetBegin>
            <CharacterOffsetEnd>974</CharacterOffsetEnd>
            <POS>RB</POS>
            <deprel>advmod</deprel>
            <depreal_head_id>30</depreal_head_id>
            <depreal_head_text>reducing</depreal_head_text>
            <ner>O</ner>
          </token>
          <token id="30">
            <word>reducing</word>
            <lemma>reduce</lemma>
            <CharacterOffsetBegin>975</CharacterOffsetBegin>
            <CharacterOffsetEnd>983</CharacterOffsetEnd>
            <POS>VBG</POS>
            <deprel>advcl</deprel>
            <depreal_head_id>22</depreal_head_id>
            <depreal_head_text>ensures</depreal_head_text>
            <ner>O</ner>
          </token>
          <token id="31">
            <word>load</word>
            <lemma>load</lemma>
            <CharacterOffsetBegin>984</CharacterOffsetBegin>
            <CharacterOffsetEnd>988</CharacterOffsetEnd>
            <POS>NN</POS>
            <deprel>nsubj</deprel>
            <depreal_head_id>32</depreal_head_id>
            <depreal_head_text>planning</depreal_head_text>
            <ner>O</ner>
          </token>
          <token id="32">
            <word>planning</word>
            <lemma>plan</lemma>
            <CharacterOffsetBegin>989</CharacterOffsetBegin>
            <CharacterOffsetEnd>997</CharacterOffsetEnd>
            <POS>VBG</POS>
            <deprel>advcl</deprel>
            <depreal_head_id>30</depreal_head_id>
            <depreal_head_text>reducing</depreal_head_text>
            <ner>O</ner>
          </token>
          <token id="33">
            <word>time</word>
            <lemma>time</lemma>
            <CharacterOffsetBegin>998</CharacterOffsetBegin>
            <CharacterOffsetEnd>1002</CharacterOffsetEnd>
            <POS>NN</POS>
            <deprel>obj</deprel>
            <depreal_head_id>30</depreal_head_id>
            <depreal_head_text>reducing</depreal_head_text>
            <ner>O</ner>
          </token>
          <token id="34">
            <word>and</word>
            <lemma>and</lemma>
            <CharacterOffsetBegin>1003</CharacterOffsetBegin>
            <CharacterOffsetEnd>1006</CharacterOffsetEnd>
            <POS>CC</POS>
            <deprel>cc</deprel>
            <depreal_head_id>36</depreal_head_id>
            <depreal_head_text>costs</depreal_head_text>
            <ner>O</ner>
          </token>
          <token id="35">
            <word>operational</word>
            <lemma>operational</lemma>
            <CharacterOffsetBegin>1007</CharacterOffsetBegin>
            <CharacterOffsetEnd>1018</CharacterOffsetEnd>
            <POS>JJ</POS>
            <deprel>amod</deprel>
            <depreal_head_id>36</depreal_head_id>
            <depreal_head_text>costs</depreal_head_text>
            <ner>O</ner>
          </token>
          <token id="36">
            <word>costs</word>
            <lemma>cost</lemma>
            <CharacterOffsetBegin>1019</CharacterOffsetBegin>
            <CharacterOffsetEnd>1024</CharacterOffsetEnd>
            <POS>NNS</POS>
            <deprel>conj</deprel>
            <depreal_head_id>33</depreal_head_id>
            <depreal_head_text>time</depreal_head_text>
            <ner>O</ner>
          </token>
          <token id="37">
            <word>,</word>
            <lemma>,</lemma>
            <CharacterOffsetBegin>1024</CharacterOffsetBegin>
            <CharacterOffsetEnd>1025</CharacterOffsetEnd>
            <POS>,</POS>
            <deprel>punct</deprel>
            <depreal_head_id>39</depreal_head_id>
            <depreal_head_text>said</depreal_head_text>
            <ner>O</ner>
          </token>
          <token id="38">
            <word>"</word>
            <lemma>&amp;quot;</lemma>
            <CharacterOffsetBegin>1025</CharacterOffsetBegin>
            <CharacterOffsetEnd>1026</CharacterOffsetEnd>
            <POS>``</POS>
            <deprel>punct</deprel>
            <depreal_head_id>39</depreal_head_id>
            <depreal_head_text>said</depreal_head_text>
            <ner>O</ner>
          </token>
          <token id="39">
            <word>said</word>
            <lemma>say</lemma>
            <CharacterOffsetBegin>1027</CharacterOffsetBegin>
            <CharacterOffsetEnd>1031</CharacterOffsetEnd>
            <POS>VBD</POS>
            <deprel>conj</deprel>
            <depreal_head_id>22</depreal_head_id>
            <depreal_head_text>ensures</depreal_head_text>
            <ner>O</ner>
          </token>
          <token id="40">
            <word>Debbie</word>
            <lemma>Debbie</lemma>
            <CharacterOffsetBegin>1032</CharacterOffsetBegin>
            <CharacterOffsetEnd>1038</CharacterOffsetEnd>
            <POS>NNP</POS>
            <deprel>nsubj</deprel>
            <depreal_head_id>39</depreal_head_id>
            <depreal_head_text>said</depreal_head_text>
            <ner>B-PERSON</ner>
          </token>
          <token id="41">
            <word>Churchill</word>
            <lemma>Churchill</lemma>
            <CharacterOffsetBegin>1039</CharacterOffsetBegin>
            <CharacterOffsetEnd>1048</CharacterOffsetEnd>
            <POS>NNP</POS>
            <deprel>flat</deprel>
            <depreal_head_id>40</depreal_head_id>
            <depreal_head_text>Debbie</depreal_head_text>
            <ner>E-PERSON</ner>
          </token>
          <token id="42">
            <word>,</word>
            <lemma>,</lemma>
            <CharacterOffsetBegin>1048</CharacterOffsetBegin>
            <CharacterOffsetEnd>1049</CharacterOffsetEnd>
            <POS>,</POS>
            <deprel>punct</deprel>
            <depreal_head_id>44</depreal_head_id>
            <depreal_head_text>president</depreal_head_text>
            <ner>O</ner>
          </token>
          <token id="43">
            <word>vice</word>
            <lemma>vice</lemma>
            <CharacterOffsetBegin>1050</CharacterOffsetBegin>
            <CharacterOffsetEnd>1054</CharacterOffsetEnd>
            <POS>JJ</POS>
            <deprel>amod</deprel>
            <depreal_head_id>44</depreal_head_id>
            <depreal_head_text>president</depreal_head_text>
            <ner>O</ner>
          </token>
          <token id="44">
            <word>president</word>
            <lemma>president</lemma>
            <CharacterOffsetBegin>1055</CharacterOffsetBegin>
            <CharacterOffsetEnd>1064</CharacterOffsetEnd>
            <POS>NN</POS>
            <deprel>nmod</deprel>
            <depreal_head_id>41</depreal_head_id>
            <depreal_head_text>Churchill</depreal_head_text>
            <ner>O</ner>
          </token>
          <token id="45">
            <word>,</word>
            <lemma>,</lemma>
            <CharacterOffsetBegin>1064</CharacterOffsetBegin>
            <CharacterOffsetEnd>1065</CharacterOffsetEnd>
            <POS>,</POS>
            <deprel>punct</deprel>
            <depreal_head_id>44</depreal_head_id>
            <depreal_head_text>president</depreal_head_text>
            <ner>O</ner>
          </token>
          <token id="46">
            <word>Mission</word>
            <lemma>Mission</lemma>
            <CharacterOffsetBegin>1066</CharacterOffsetBegin>
            <CharacterOffsetEnd>1073</CharacterOffsetEnd>
            <POS>NNP</POS>
            <deprel>conj</deprel>
            <depreal_head_id>44</depreal_head_id>
            <depreal_head_text>president</depreal_head_text>
            <ner>B-ORG</ner>
          </token>
          <token id="47">
            <word>Products</word>
            <lemma>Product</lemma>
            <CharacterOffsetBegin>1074</CharacterOffsetBegin>
            <CharacterOffsetEnd>1082</CharacterOffsetEnd>
            <POS>NNPS</POS>
            <deprel>flat</deprel>
            <depreal_head_id>46</depreal_head_id>
            <depreal_head_text>Mission</depreal_head_text>
            <ner>I-ORG</ner>
          </token>
          <token id="48">
            <word>and</word>
            <lemma>and</lemma>
            <CharacterOffsetBegin>1083</CharacterOffsetBegin>
            <CharacterOffsetEnd>1086</CharacterOffsetEnd>
            <POS>CC</POS>
            <deprel>cc</deprel>
            <depreal_head_id>49</depreal_head_id>
            <depreal_head_text>Services</depreal_head_text>
            <ner>I-ORG</ner>
          </token>
          <token id="49">
            <word>Services</word>
            <lemma>service</lemma>
            <CharacterOffsetBegin>1087</CharacterOffsetBegin>
            <CharacterOffsetEnd>1095</CharacterOffsetEnd>
            <POS>NNP</POS>
            <deprel>conj</deprel>
            <depreal_head_id>46</depreal_head_id>
            <depreal_head_text>Mission</depreal_head_text>
            <ner>E-ORG</ner>
          </token>
          <token id="50">
            <word>,</word>
            <lemma>,</lemma>
            <CharacterOffsetBegin>1095</CharacterOffsetBegin>
            <CharacterOffsetEnd>1096</CharacterOffsetEnd>
            <POS>,</POS>
            <deprel>punct</deprel>
            <depreal_head_id>52</depreal_head_id>
            <depreal_head_text>Solutions</depreal_head_text>
            <ner>O</ner>
          </token>
          <token id="51">
            <word>Tapestry</word>
            <lemma>Tapestry</lemma>
            <CharacterOffsetBegin>1097</CharacterOffsetBegin>
            <CharacterOffsetEnd>1105</CharacterOffsetEnd>
            <POS>NNP</POS>
            <deprel>nmod</deprel>
            <depreal_head_id>46</depreal_head_id>
            <depreal_head_text>Mission</depreal_head_text>
            <ner>B-ORG</ner>
          </token>
          <token id="52">
            <word>Solutions</word>
            <lemma>Solutions</lemma>
            <CharacterOffsetBegin>1106</CharacterOffsetBegin>
            <CharacterOffsetEnd>1115</CharacterOffsetEnd>
            <POS>NNPS</POS>
            <deprel>flat</deprel>
            <depreal_head_id>51</depreal_head_id>
            <depreal_head_text>Tapestry</depreal_head_text>
            <ner>E-ORG</ner>
          </token>
          <token id="53">
            <word>.</word>
            <lemma>.</lemma>
            <CharacterOffsetBegin>1115</CharacterOffsetBegin>
            <CharacterOffsetEnd>1116</CharacterOffsetEnd>
            <POS>.</POS>
            <deprel>punct</deprel>
            <depreal_head_id>60</depreal_head_id>
            <depreal_head_text>testament</depreal_head_text>
            <ner>O</ner>
          </token>
          <token id="54">
            <word>"</word>
            <lemma>&amp;quot;</lemma>
            <CharacterOffsetBegin>1117</CharacterOffsetBegin>
            <CharacterOffsetEnd>1118</CharacterOffsetEnd>
            <POS>``</POS>
            <deprel>punct</deprel>
            <depreal_head_id>60</depreal_head_id>
            <depreal_head_text>testament</depreal_head_text>
            <ner>O</ner>
          </token>
          <token id="55">
            <word>This</word>
            <lemma>this</lemma>
            <CharacterOffsetBegin>1118</CharacterOffsetBegin>
            <CharacterOffsetEnd>1122</CharacterOffsetEnd>
            <POS>DT</POS>
            <deprel>det</deprel>
            <depreal_head_id>56</depreal_head_id>
            <depreal_head_text>award</depreal_head_text>
            <ner>O</ner>
          </token>
          <token id="56">
            <word>award</word>
            <lemma>award</lemma>
            <CharacterOffsetBegin>1123</CharacterOffsetBegin>
            <CharacterOffsetEnd>1128</CharacterOffsetEnd>
            <POS>NN</POS>
            <deprel>nsubj</deprel>
            <depreal_head_id>60</depreal_head_id>
            <depreal_head_text>testament</depreal_head_text>
            <ner>O</ner>
          </token>
          <token id="57">
            <word>is</word>
            <lemma>be</lemma>
            <CharacterOffsetBegin>1129</CharacterOffsetBegin>
            <CharacterOffsetEnd>1131</CharacterOffsetEnd>
            <POS>VBZ</POS>
            <deprel>cop</deprel>
            <depreal_head_id>60</depreal_head_id>
            <depreal_head_text>testament</depreal_head_text>
            <ner>O</ner>
          </token>
          <token id="58">
            <word>a</word>
            <lemma>a</lemma>
            <CharacterOffsetBegin>1132</CharacterOffsetBegin>
            <CharacterOffsetEnd>1133</CharacterOffsetEnd>
            <POS>DT</POS>
            <deprel>det</deprel>
            <depreal_head_id>60</depreal_head_id>
            <depreal_head_text>testament</depreal_head_text>
            <ner>O</ner>
          </token>
          <token id="59">
            <word>true</word>
            <lemma>true</lemma>
            <CharacterOffsetBegin>1134</CharacterOffsetBegin>
            <CharacterOffsetEnd>1138</CharacterOffsetEnd>
            <POS>JJ</POS>
            <deprel>amod</deprel>
            <depreal_head_id>60</depreal_head_id>
            <depreal_head_text>testament</depreal_head_text>
            <ner>O</ner>
          </token>
          <token id="60">
            <word>testament</word>
            <lemma>testament</lemma>
            <CharacterOffsetBegin>1139</CharacterOffsetBegin>
            <CharacterOffsetEnd>1148</CharacterOffsetEnd>
            <POS>NN</POS>
            <deprel>conj</deprel>
            <depreal_head_id>39</depreal_head_id>
            <depreal_head_text>said</depreal_head_text>
            <ner>O</ner>
          </token>
          <token id="61">
            <word>of</word>
            <lemma>of</lemma>
            <CharacterOffsetBegin>1149</CharacterOffsetBegin>
            <CharacterOffsetEnd>1151</CharacterOffsetEnd>
            <POS>IN</POS>
            <deprel>case</deprel>
            <depreal_head_id>64</depreal_head_id>
            <depreal_head_text>commitment</depreal_head_text>
            <ner>O</ner>
          </token>
          <token id="62">
            <word>our</word>
            <lemma>we</lemma>
            <CharacterOffsetBegin>1152</CharacterOffsetBegin>
            <CharacterOffsetEnd>1155</CharacterOffsetEnd>
            <POS>PRP$</POS>
            <deprel>nmod:poss</deprel>
            <depreal_head_id>64</depreal_head_id>
            <depreal_head_text>commitment</depreal_head_text>
            <ner>O</ner>
          </token>
          <token id="63">
            <word>customer-first</word>
            <lemma>customer-first</lemma>
            <CharacterOffsetBegin>1156</CharacterOffsetBegin>
            <CharacterOffsetEnd>1170</CharacterOffsetEnd>
            <POS>JJ</POS>
            <deprel>amod</deprel>
            <depreal_head_id>64</depreal_head_id>
            <depreal_head_text>commitment</depreal_head_text>
            <ner>O</ner>
          </token>
          <token id="64">
            <word>commitment</word>
            <lemma>commitment</lemma>
            <CharacterOffsetBegin>1171</CharacterOffsetBegin>
            <CharacterOffsetEnd>1181</CharacterOffsetEnd>
            <POS>NN</POS>
            <deprel>nmod</deprel>
            <depreal_head_id>60</depreal_head_id>
            <depreal_head_text>testament</depreal_head_text>
            <ner>O</ner>
          </token>
          <token id="65">
            <word>and</word>
            <lemma>and</lemma>
            <CharacterOffsetBegin>1182</CharacterOffsetBegin>
            <CharacterOffsetEnd>1185</CharacterOffsetEnd>
            <POS>CC</POS>
            <deprel>cc</deprel>
            <depreal_head_id>68</depreal_head_id>
            <depreal_head_text>experience</depreal_head_text>
            <ner>O</ner>
          </token>
          <token id="66">
            <word>deep</word>
            <lemma>deep</lemma>
            <CharacterOffsetBegin>1186</CharacterOffsetBegin>
            <CharacterOffsetEnd>1190</CharacterOffsetEnd>
            <POS>JJ</POS>
            <deprel>amod</deprel>
            <depreal_head_id>68</depreal_head_id>
            <depreal_head_text>experience</depreal_head_text>
            <ner>O</ner>
          </token>
          <token id="67">
            <word>domain</word>
            <lemma>domain</lemma>
            <CharacterOffsetBegin>1191</CharacterOffsetBegin>
            <CharacterOffsetEnd>1197</CharacterOffsetEnd>
            <POS>NN</POS>
            <deprel>compound</deprel>
            <depreal_head_id>68</depreal_head_id>
            <depreal_head_text>experience</depreal_head_text>
            <ner>O</ner>
          </token>
          <token id="68">
            <word>experience</word>
            <lemma>experience</lemma>
            <CharacterOffsetBegin>1198</CharacterOffsetBegin>
            <CharacterOffsetEnd>1208</CharacterOffsetEnd>
            <POS>NN</POS>
            <deprel>conj</deprel>
            <depreal_head_id>64</depreal_head_id>
            <depreal_head_text>commitment</depreal_head_text>
            <ner>O</ner>
          </token>
          <token id="69">
            <word>across</word>
            <lemma>across</lemma>
            <CharacterOffsetBegin>1209</CharacterOffsetBegin>
            <CharacterOffsetEnd>1215</CharacterOffsetEnd>
            <POS>IN</POS>
            <deprel>case</deprel>
            <depreal_head_id>72</depreal_head_id>
            <depreal_head_text>Joint</depreal_head_text>
            <ner>O</ner>
          </token>
          <token id="70">
            <word>USTRANSCOM</word>
            <lemma>USTRanScom</lemma>
            <CharacterOffsetBegin>1216</CharacterOffsetBegin>
            <CharacterOffsetEnd>1226</CharacterOffsetEnd>
            <POS>NNP</POS>
            <deprel>nmod</deprel>
            <depreal_head_id>72</depreal_head_id>
            <depreal_head_text>Joint</depreal_head_text>
            <ner>S-ORG</ner>
          </token>
          <token id="71">
            <word>'s</word>
            <lemma>'s</lemma>
            <CharacterOffsetBegin>1226</CharacterOffsetBegin>
            <CharacterOffsetEnd>1228</CharacterOffsetEnd>
            <POS>POS</POS>
            <deprel>case</deprel>
            <depreal_head_id>70</depreal_head_id>
            <depreal_head_text>USTRANSCOM</depreal_head_text>
            <ner>O</ner>
          </token>
          <token id="72">
            <word>Joint</word>
            <lemma>Joint</lemma>
            <CharacterOffsetBegin>1229</CharacterOffsetBegin>
            <CharacterOffsetEnd>1234</CharacterOffsetEnd>
            <POS>NNP</POS>
            <deprel>nmod</deprel>
            <depreal_head_id>68</depreal_head_id>
            <depreal_head_text>experience</depreal_head_text>
            <ner>B-EVENT</ner>
          </token>
          <token id="73">
            <word>Deployment</word>
            <lemma>Deployment</lemma>
            <CharacterOffsetBegin>1235</CharacterOffsetBegin>
            <CharacterOffsetEnd>1245</CharacterOffsetEnd>
            <POS>NNP</POS>
            <deprel>flat</deprel>
            <depreal_head_id>72</depreal_head_id>
            <depreal_head_text>Joint</depreal_head_text>
            <ner>I-EVENT</ner>
          </token>
          <token id="74">
            <word>and</word>
            <lemma>and</lemma>
            <CharacterOffsetBegin>1246</CharacterOffsetBegin>
            <CharacterOffsetEnd>1249</CharacterOffsetEnd>
            <POS>CC</POS>
            <deprel>cc</deprel>
            <depreal_head_id>76</depreal_head_id>
            <depreal_head_text>Enterprise</depreal_head_text>
            <ner>I-EVENT</ner>
          </token>
          <token id="75">
            <word>Distribution</word>
            <lemma>Distribution</lemma>
            <CharacterOffsetBegin>1250</CharacterOffsetBegin>
            <CharacterOffsetEnd>1262</CharacterOffsetEnd>
            <POS>NNP</POS>
            <deprel>conj</deprel>
            <depreal_head_id>72</depreal_head_id>
            <depreal_head_text>Joint</depreal_head_text>
            <ner>I-EVENT</ner>
          </token>
          <token id="76">
            <word>Enterprise</word>
            <lemma>Enterprise</lemma>
            <CharacterOffsetBegin>1263</CharacterOffsetBegin>
            <CharacterOffsetEnd>1273</CharacterOffsetEnd>
            <POS>NNP</POS>
            <deprel>flat</deprel>
            <depreal_head_id>75</depreal_head_id>
            <depreal_head_text>Distribution</depreal_head_text>
            <ner>E-EVENT</ner>
          </token>
          <token id="77">
            <word>.</word>
            <lemma>.</lemma>
            <CharacterOffsetBegin>1273</CharacterOffsetBegin>
            <CharacterOffsetEnd>1274</CharacterOffsetEnd>
            <POS>.</POS>
            <deprel>punct</deprel>
            <depreal_head_id>60</depreal_head_id>
            <depreal_head_text>testament</depreal_head_text>
            <ner>O</ner>
          </token>
          <token id="78">
            <word>"</word>
            <lemma>&amp;quot;</lemma>
            <CharacterOffsetBegin>1274</CharacterOffsetBegin>
            <CharacterOffsetEnd>1275</CharacterOffsetEnd>
            <POS>''</POS>
            <deprel>punct</deprel>
            <depreal_head_id>60</depreal_head_id>
            <depreal_head_text>testament</depreal_head_text>
            <ner>O</ner>
          </token>
        </tokens>
      </sentence>
      <sentence section="content" type="bodyText" id="5">
        <tokens>
          <token id="1">
            <word>Work</word>
            <lemma>Work</lemma>
            <CharacterOffsetBegin>1276</CharacterOffsetBegin>
            <CharacterOffsetEnd>1280</CharacterOffsetEnd>
            <POS>NN</POS>
            <deprel>nsubj:pass</deprel>
            <depreal_head_id>4</depreal_head_id>
            <depreal_head_text>performed</depreal_head_text>
            <ner>O</ner>
          </token>
          <token id="2">
            <word>is</word>
            <lemma>be</lemma>
            <CharacterOffsetBegin>1281</CharacterOffsetBegin>
            <CharacterOffsetEnd>1283</CharacterOffsetEnd>
            <POS>VBZ</POS>
            <deprel>aux:pass</deprel>
            <depreal_head_id>4</depreal_head_id>
            <depreal_head_text>performed</depreal_head_text>
            <ner>O</ner>
          </token>
          <token id="3">
            <word>being</word>
            <lemma>be</lemma>
            <CharacterOffsetBegin>1284</CharacterOffsetBegin>
            <CharacterOffsetEnd>1289</CharacterOffsetEnd>
            <POS>VBG</POS>
            <deprel>aux:pass</deprel>
            <depreal_head_id>4</depreal_head_id>
            <depreal_head_text>performed</depreal_head_text>
            <ner>O</ner>
          </token>
          <token id="4">
            <word>performed</word>
            <lemma>perform</lemma>
            <CharacterOffsetBegin>1290</CharacterOffsetBegin>
            <CharacterOffsetEnd>1299</CharacterOffsetEnd>
            <POS>VBN</POS>
            <deprel>root</deprel>
            <depreal_head_id>0</depreal_head_id>
            <depreal_head_text>root</depreal_head_text>
            <ner>O</ner>
          </token>
          <token id="5">
            <word>by</word>
            <lemma>by</lemma>
            <CharacterOffsetBegin>1300</CharacterOffsetBegin>
            <CharacterOffsetEnd>1302</CharacterOffsetEnd>
            <POS>IN</POS>
            <deprel>case</deprel>
            <depreal_head_id>7</depreal_head_id>
            <depreal_head_text>Solutions</depreal_head_text>
            <ner>O</ner>
          </token>
          <token id="6">
            <word>Tapestry</word>
            <lemma>Tapestry</lemma>
            <CharacterOffsetBegin>1303</CharacterOffsetBegin>
            <CharacterOffsetEnd>1311</CharacterOffsetEnd>
            <POS>NNP</POS>
            <deprel>obl</deprel>
            <depreal_head_id>4</depreal_head_id>
            <depreal_head_text>performed</depreal_head_text>
            <ner>B-ORG</ner>
          </token>
          <token id="7">
            <word>Solutions</word>
            <lemma>Solutions</lemma>
            <CharacterOffsetBegin>1312</CharacterOffsetBegin>
            <CharacterOffsetEnd>1321</CharacterOffsetEnd>
            <POS>NNPS</POS>
            <deprel>flat</deprel>
            <depreal_head_id>6</depreal_head_id>
            <depreal_head_text>Tapestry</depreal_head_text>
            <ner>E-ORG</ner>
          </token>
          <token id="8">
            <word>,</word>
            <lemma>,</lemma>
            <CharacterOffsetBegin>1321</CharacterOffsetBegin>
            <CharacterOffsetEnd>1322</CharacterOffsetEnd>
            <POS>,</POS>
            <deprel>punct</deprel>
            <depreal_head_id>9</depreal_head_id>
            <depreal_head_text>part</depreal_head_text>
            <ner>O</ner>
          </token>
          <token id="9">
            <word>part</word>
            <lemma>part</lemma>
            <CharacterOffsetBegin>1323</CharacterOffsetBegin>
            <CharacterOffsetEnd>1327</CharacterOffsetEnd>
            <POS>NN</POS>
            <deprel>appos</deprel>
            <depreal_head_id>6</depreal_head_id>
            <depreal_head_text>Tapestry</depreal_head_text>
            <ner>O</ner>
          </token>
          <token id="10">
            <word>of</word>
            <lemma>of</lemma>
            <CharacterOffsetBegin>1328</CharacterOffsetBegin>
            <CharacterOffsetEnd>1330</CharacterOffsetEnd>
            <POS>IN</POS>
            <deprel>case</deprel>
            <depreal_head_id>13</depreal_head_id>
            <depreal_head_text>Services</depreal_head_text>
            <ner>O</ner>
          </token>
          <token id="11">
            <word>Boeing</word>
            <lemma>Boeing</lemma>
            <CharacterOffsetBegin>1331</CharacterOffsetBegin>
            <CharacterOffsetEnd>1337</CharacterOffsetEnd>
            <POS>NNP</POS>
            <deprel>nmod</deprel>
            <depreal_head_id>9</depreal_head_id>
            <depreal_head_text>part</depreal_head_text>
            <ner>B-ORG</ner>
          </token>
          <token id="12">
            <word>Global</word>
            <lemma>Global</lemma>
            <CharacterOffsetBegin>1338</CharacterOffsetBegin>
            <CharacterOffsetEnd>1344</CharacterOffsetEnd>
            <POS>NNP</POS>
            <deprel>flat</deprel>
            <depreal_head_id>11</depreal_head_id>
            <depreal_head_text>Boeing</depreal_head_text>
            <ner>I-ORG</ner>
          </token>
          <token id="13">
            <word>Services</word>
            <lemma>service</lemma>
            <CharacterOffsetBegin>1345</CharacterOffsetBegin>
            <CharacterOffsetEnd>1353</CharacterOffsetEnd>
            <POS>NNP</POS>
            <deprel>flat</deprel>
            <depreal_head_id>11</depreal_head_id>
            <depreal_head_text>Boeing</depreal_head_text>
            <ner>E-ORG</ner>
          </token>
          <token id="14">
            <word>,</word>
            <lemma>,</lemma>
            <CharacterOffsetBegin>1353</CharacterOffsetBegin>
            <CharacterOffsetEnd>1354</CharacterOffsetEnd>
            <POS>,</POS>
            <deprel>punct</deprel>
            <depreal_head_id>9</depreal_head_id>
            <depreal_head_text>part</depreal_head_text>
            <ner>O</ner>
          </token>
          <token id="15">
            <word>and</word>
            <lemma>and</lemma>
            <CharacterOffsetBegin>1355</CharacterOffsetBegin>
            <CharacterOffsetEnd>1358</CharacterOffsetEnd>
            <POS>CC</POS>
            <deprel>cc</deprel>
            <depreal_head_id>17</depreal_head_id>
            <depreal_head_text>UNCOMN</depreal_head_text>
            <ner>O</ner>
          </token>
          <token id="16">
            <word>teammates</word>
            <lemma>teammate</lemma>
            <CharacterOffsetBegin>1359</CharacterOffsetBegin>
            <CharacterOffsetEnd>1368</CharacterOffsetEnd>
            <POS>NNS</POS>
            <deprel>compound</deprel>
            <depreal_head_id>17</depreal_head_id>
            <depreal_head_text>UNCOMN</depreal_head_text>
            <ner>O</ner>
          </token>
          <token id="17">
            <word>UNCOMN</word>
            <lemma>UNCOMN</lemma>
            <CharacterOffsetBegin>1369</CharacterOffsetBegin>
            <CharacterOffsetEnd>1375</CharacterOffsetEnd>
            <POS>NNP</POS>
            <deprel>conj</deprel>
            <depreal_head_id>13</depreal_head_id>
            <depreal_head_text>Services</depreal_head_text>
            <ner>B-ORG</ner>
          </token>
          <token id="18">
            <word>LLC</word>
            <lemma>LLC</lemma>
            <CharacterOffsetBegin>1376</CharacterOffsetBegin>
            <CharacterOffsetEnd>1379</CharacterOffsetEnd>
            <POS>NNP</POS>
            <deprel>flat</deprel>
            <depreal_head_id>17</depreal_head_id>
            <depreal_head_text>UNCOMN</depreal_head_text>
            <ner>E-ORG</ner>
          </token>
          <token id="19">
            <word>and</word>
            <lemma>and</lemma>
            <CharacterOffsetBegin>1380</CharacterOffsetBegin>
            <CharacterOffsetEnd>1383</CharacterOffsetEnd>
            <POS>CC</POS>
            <deprel>cc</deprel>
            <depreal_head_id>21</depreal_head_id>
            <depreal_head_text>Solutions</depreal_head_text>
            <ner>O</ner>
          </token>
          <token id="20">
            <word>Jasper</word>
            <lemma>Jasper</lemma>
            <CharacterOffsetBegin>1384</CharacterOffsetBegin>
            <CharacterOffsetEnd>1390</CharacterOffsetEnd>
            <POS>NNP</POS>
            <deprel>conj</deprel>
            <depreal_head_id>18</depreal_head_id>
            <depreal_head_text>LLC</depreal_head_text>
            <ner>B-ORG</ner>
          </token>
          <token id="21">
            <word>Solutions</word>
            <lemma>Solutions</lemma>
            <CharacterOffsetBegin>1391</CharacterOffsetBegin>
            <CharacterOffsetEnd>1400</CharacterOffsetEnd>
            <POS>NNPS</POS>
            <deprel>flat</deprel>
            <depreal_head_id>20</depreal_head_id>
            <depreal_head_text>Jasper</depreal_head_text>
            <ner>I-ORG</ner>
          </token>
          <token id="22">
            <word>,</word>
            <lemma>,</lemma>
            <CharacterOffsetBegin>1400</CharacterOffsetBegin>
            <CharacterOffsetEnd>1401</CharacterOffsetEnd>
            <POS>,</POS>
            <deprel>punct</deprel>
            <depreal_head_id>23</depreal_head_id>
            <depreal_head_text>Inc</depreal_head_text>
            <ner>I-ORG</ner>
          </token>
          <token id="23">
            <word>Inc</word>
            <lemma>Inc</lemma>
            <CharacterOffsetBegin>1402</CharacterOffsetBegin>
            <CharacterOffsetEnd>1405</CharacterOffsetEnd>
            <POS>NNP</POS>
            <deprel>appos</deprel>
            <depreal_head_id>21</depreal_head_id>
            <depreal_head_text>Solutions</depreal_head_text>
            <ner>E-ORG</ner>
          </token>
          <token id="24">
            <word>.</word>
            <lemma>.</lemma>
            <CharacterOffsetBegin>1405</CharacterOffsetBegin>
            <CharacterOffsetEnd>1406</CharacterOffsetEnd>
            <POS>.</POS>
            <deprel>punct</deprel>
            <depreal_head_id>4</depreal_head_id>
            <depreal_head_text>performed</depreal_head_text>
            <ner>O</ner>
          </token>
        </tokens>
      </sentence>
    </sentences>
  </document>
</root>
