<root>
  <document>
    <sentences>
      <sentence section="title" type="title" id="1">
        <tokens>
          <token id="1">
            <word>United</word>
            <lemma>United</lemma>
            <CharacterOffsetBegin>0</CharacterOffsetBegin>
            <CharacterOffsetEnd>6</CharacterOffsetEnd>
            <POS>NNP</POS>
            <deprel>nsubj</deprel>
            <depreal_head_id>5</depreal_head_id>
            <depreal_head_text>launch</depreal_head_text>
            <ner>S-ORG</ner>
          </token>
          <token id="2">
            <word>and</word>
            <lemma>and</lemma>
            <CharacterOffsetBegin>7</CharacterOffsetBegin>
            <CharacterOffsetEnd>10</CharacterOffsetEnd>
            <POS>CC</POS>
            <deprel>cc</deprel>
            <depreal_head_id>3</depreal_head_id>
            <depreal_head_text>Lufthansa</depreal_head_text>
            <ner>O</ner>
          </token>
          <token id="3">
            <word>Lufthansa</word>
            <lemma>Lufthansa</lemma>
            <CharacterOffsetBegin>11</CharacterOffsetBegin>
            <CharacterOffsetEnd>20</CharacterOffsetEnd>
            <POS>NNP</POS>
            <deprel>conj</deprel>
            <depreal_head_id>1</depreal_head_id>
            <depreal_head_text>United</depreal_head_text>
            <ner>B-ORG</ner>
          </token>
          <token id="4">
            <word>Cargo</word>
            <lemma>cargo</lemma>
            <CharacterOffsetBegin>21</CharacterOffsetBegin>
            <CharacterOffsetEnd>26</CharacterOffsetEnd>
            <POS>NNP</POS>
            <deprel>nsubj</deprel>
            <depreal_head_id>5</depreal_head_id>
            <depreal_head_text>launch</depreal_head_text>
            <ner>E-ORG</ner>
          </token>
          <token id="5">
            <word>launch</word>
            <lemma>launch</lemma>
            <CharacterOffsetBegin>27</CharacterOffsetBegin>
            <CharacterOffsetEnd>33</CharacterOffsetEnd>
            <POS>VBP</POS>
            <deprel>root</deprel>
            <depreal_head_id>0</depreal_head_id>
            <depreal_head_text>root</depreal_head_text>
            <ner>O</ner>
          </token>
          <token id="6">
            <word>cargo</word>
            <lemma>cargo</lemma>
            <CharacterOffsetBegin>34</CharacterOffsetBegin>
            <CharacterOffsetEnd>39</CharacterOffsetEnd>
            <POS>NN</POS>
            <deprel>obj</deprel>
            <depreal_head_id>5</depreal_head_id>
            <depreal_head_text>launch</depreal_head_text>
            <ner>O</ner>
          </token>
          <token id="7">
            <word>JV</word>
            <lemma>JV</lemma>
            <CharacterOffsetBegin>40</CharacterOffsetBegin>
            <CharacterOffsetEnd>42</CharacterOffsetEnd>
            <POS>NNP</POS>
            <deprel>obj</deprel>
            <depreal_head_id>5</depreal_head_id>
            <depreal_head_text>launch</depreal_head_text>
            <ner>O</ner>
          </token>
        </tokens>
      </sentence>
      <sentence section="content" type="bodyText" id="2">
        <tokens>
          <token id="1">
            <word>Major</word>
            <lemma>Major</lemma>
            <CharacterOffsetBegin>43</CharacterOffsetBegin>
            <CharacterOffsetEnd>48</CharacterOffsetEnd>
            <POS>NNP</POS>
            <deprel>nsubj</deprel>
            <depreal_head_id>12</depreal_head_id>
            <depreal_head_text>launched</depreal_head_text>
            <ner>O</ner>
          </token>
          <token id="2">
            <word>US</word>
            <lemma>US</lemma>
            <CharacterOffsetBegin>49</CharacterOffsetBegin>
            <CharacterOffsetEnd>51</CharacterOffsetEnd>
            <POS>NNP</POS>
            <deprel>flat</deprel>
            <depreal_head_id>1</depreal_head_id>
            <depreal_head_text>Major</depreal_head_text>
            <ner>S-GPE</ner>
          </token>
          <token id="3">
            <word>carrier</word>
            <lemma>carrier</lemma>
            <CharacterOffsetBegin>52</CharacterOffsetBegin>
            <CharacterOffsetEnd>59</CharacterOffsetEnd>
            <POS>NN</POS>
            <deprel>nummod</deprel>
            <depreal_head_id>4</depreal_head_id>
            <depreal_head_text>United</depreal_head_text>
            <ner>O</ner>
          </token>
          <token id="4">
            <word>United</word>
            <lemma>United</lemma>
            <CharacterOffsetBegin>60</CharacterOffsetBegin>
            <CharacterOffsetEnd>66</CharacterOffsetEnd>
            <POS>NNP</POS>
            <deprel>appos</deprel>
            <depreal_head_id>1</depreal_head_id>
            <depreal_head_text>Major</depreal_head_text>
            <ner>B-ORG</ner>
          </token>
          <token id="5">
            <word>Airlines</word>
            <lemma>Airlines</lemma>
            <CharacterOffsetBegin>67</CharacterOffsetBegin>
            <CharacterOffsetEnd>75</CharacterOffsetEnd>
            <POS>NNPS</POS>
            <deprel>flat</deprel>
            <depreal_head_id>4</depreal_head_id>
            <depreal_head_text>United</depreal_head_text>
            <ner>E-ORG</ner>
          </token>
          <token id="6">
            <word>and</word>
            <lemma>and</lemma>
            <CharacterOffsetBegin>76</CharacterOffsetBegin>
            <CharacterOffsetEnd>79</CharacterOffsetEnd>
            <POS>CC</POS>
            <deprel>cc</deprel>
            <depreal_head_id>9</depreal_head_id>
            <depreal_head_text>Lufthansa</depreal_head_text>
            <ner>O</ner>
          </token>
          <token id="7">
            <word>Germany</word>
            <lemma>Germany</lemma>
            <CharacterOffsetBegin>80</CharacterOffsetBegin>
            <CharacterOffsetEnd>87</CharacterOffsetEnd>
            <POS>NNP</POS>
            <deprel>nmod:poss</deprel>
            <depreal_head_id>10</depreal_head_id>
            <depreal_head_text>Cargo</depreal_head_text>
            <ner>S-GPE</ner>
          </token>
          <token id="8">
            <word>'s</word>
            <lemma>'s</lemma>
            <CharacterOffsetBegin>87</CharacterOffsetBegin>
            <CharacterOffsetEnd>89</CharacterOffsetEnd>
            <POS>POS</POS>
            <deprel>case</deprel>
            <depreal_head_id>7</depreal_head_id>
            <depreal_head_text>Germany</depreal_head_text>
            <ner>O</ner>
          </token>
          <token id="9">
            <word>Lufthansa</word>
            <lemma>Lufthansa</lemma>
            <CharacterOffsetBegin>90</CharacterOffsetBegin>
            <CharacterOffsetEnd>99</CharacterOffsetEnd>
            <POS>NNP</POS>
            <deprel>compound</deprel>
            <depreal_head_id>10</depreal_head_id>
            <depreal_head_text>Cargo</depreal_head_text>
            <ner>B-ORG</ner>
          </token>
          <token id="10">
            <word>Cargo</word>
            <lemma>cargo</lemma>
            <CharacterOffsetBegin>100</CharacterOffsetBegin>
            <CharacterOffsetEnd>105</CharacterOffsetEnd>
            <POS>NNP</POS>
            <deprel>nsubj</deprel>
            <depreal_head_id>12</depreal_head_id>
            <depreal_head_text>launched</depreal_head_text>
            <ner>E-ORG</ner>
          </token>
          <token id="11">
            <word>have</word>
            <lemma>have</lemma>
            <CharacterOffsetBegin>106</CharacterOffsetBegin>
            <CharacterOffsetEnd>110</CharacterOffsetEnd>
            <POS>VBP</POS>
            <deprel>aux</deprel>
            <depreal_head_id>12</depreal_head_id>
            <depreal_head_text>launched</depreal_head_text>
            <ner>O</ner>
          </token>
          <token id="12">
            <word>launched</word>
            <lemma>launch</lemma>
            <CharacterOffsetBegin>111</CharacterOffsetBegin>
            <CharacterOffsetEnd>119</CharacterOffsetEnd>
            <POS>VBN</POS>
            <deprel>root</deprel>
            <depreal_head_id>0</depreal_head_id>
            <depreal_head_text>root</depreal_head_text>
            <ner>O</ner>
          </token>
          <token id="13">
            <word>their</word>
            <lemma>they</lemma>
            <CharacterOffsetBegin>120</CharacterOffsetBegin>
            <CharacterOffsetEnd>125</CharacterOffsetEnd>
            <POS>PRP$</POS>
            <deprel>nmod:poss</deprel>
            <depreal_head_id>15</depreal_head_id>
            <depreal_head_text>announced</depreal_head_text>
            <ner>O</ner>
          </token>
          <token id="14">
            <word>previously</word>
            <lemma>previously</lemma>
            <CharacterOffsetBegin>126</CharacterOffsetBegin>
            <CharacterOffsetEnd>136</CharacterOffsetEnd>
            <POS>RB</POS>
            <deprel>advmod</deprel>
            <depreal_head_id>15</depreal_head_id>
            <depreal_head_text>announced</depreal_head_text>
            <ner>O</ner>
          </token>
          <token id="15">
            <word>announced</word>
            <lemma>announce</lemma>
            <CharacterOffsetBegin>137</CharacterOffsetBegin>
            <CharacterOffsetEnd>146</CharacterOffsetEnd>
            <POS>VBN</POS>
            <deprel>xcomp</deprel>
            <depreal_head_id>12</depreal_head_id>
            <depreal_head_text>launched</depreal_head_text>
            <ner>O</ner>
          </token>
          <token id="16">
            <word>air</word>
            <lemma>air</lemma>
            <CharacterOffsetBegin>147</CharacterOffsetBegin>
            <CharacterOffsetEnd>150</CharacterOffsetEnd>
            <POS>NN</POS>
            <deprel>case</deprel>
            <depreal_head_id>19</depreal_head_id>
            <depreal_head_text>venture</depreal_head_text>
            <ner>O</ner>
          </token>
          <token id="17">
            <word>cargo</word>
            <lemma>cargo</lemma>
            <CharacterOffsetBegin>151</CharacterOffsetBegin>
            <CharacterOffsetEnd>156</CharacterOffsetEnd>
            <POS>NN</POS>
            <deprel>compound</deprel>
            <depreal_head_id>19</depreal_head_id>
            <depreal_head_text>venture</depreal_head_text>
            <ner>O</ner>
          </token>
          <token id="18">
            <word>joint</word>
            <lemma>joint</lemma>
            <CharacterOffsetBegin>157</CharacterOffsetBegin>
            <CharacterOffsetEnd>162</CharacterOffsetEnd>
            <POS>JJ</POS>
            <deprel>amod</deprel>
            <depreal_head_id>19</depreal_head_id>
            <depreal_head_text>venture</depreal_head_text>
            <ner>O</ner>
          </token>
          <token id="19">
            <word>venture</word>
            <lemma>venture</lemma>
            <CharacterOffsetBegin>163</CharacterOffsetBegin>
            <CharacterOffsetEnd>170</CharacterOffsetEnd>
            <POS>NN</POS>
            <deprel>obl</deprel>
            <depreal_head_id>15</depreal_head_id>
            <depreal_head_text>announced</depreal_head_text>
            <ner>O</ner>
          </token>
          <token id="20">
            <word>.</word>
            <lemma>.</lemma>
            <CharacterOffsetBegin>170</CharacterOffsetBegin>
            <CharacterOffsetEnd>171</CharacterOffsetEnd>
            <POS>.</POS>
            <deprel>punct</deprel>
            <depreal_head_id>12</depreal_head_id>
            <depreal_head_text>launched</depreal_head_text>
            <ner>O</ner>
          </token>
        </tokens>
      </sentence>
      <sentence section="content" type="bodyText" id="3">
        <tokens>
          <token id="1">
            <word>Effective</word>
            <lemma>effective</lemma>
            <CharacterOffsetBegin>172</CharacterOffsetBegin>
            <CharacterOffsetEnd>181</CharacterOffsetEnd>
            <POS>JJ</POS>
            <deprel>amod</deprel>
            <depreal_head_id>2</depreal_head_id>
            <depreal_head_text>May</depreal_head_text>
            <ner>O</ner>
          </token>
          <token id="2">
            <word>May</word>
            <lemma>May</lemma>
            <CharacterOffsetBegin>182</CharacterOffsetBegin>
            <CharacterOffsetEnd>185</CharacterOffsetEnd>
            <POS>NNP</POS>
            <deprel>obl</deprel>
            <depreal_head_id>9</depreal_head_id>
            <depreal_head_text>manage</depreal_head_text>
            <ner>B-DATE</ner>
          </token>
          <token id="3">
            <word>3</word>
            <lemma>3</lemma>
            <CharacterOffsetBegin>186</CharacterOffsetBegin>
            <CharacterOffsetEnd>187</CharacterOffsetEnd>
            <POS>CD</POS>
            <deprel>nummod</deprel>
            <depreal_head_id>2</depreal_head_id>
            <depreal_head_text>May</depreal_head_text>
            <ner>E-DATE</ner>
          </token>
          <token id="4">
            <word>,</word>
            <lemma>,</lemma>
            <CharacterOffsetBegin>187</CharacterOffsetBegin>
            <CharacterOffsetEnd>188</CharacterOffsetEnd>
            <POS>,</POS>
            <deprel>punct</deprel>
            <depreal_head_id>2</depreal_head_id>
            <depreal_head_text>May</depreal_head_text>
            <ner>O</ner>
          </token>
          <token id="5">
            <word>the</word>
            <lemma>the</lemma>
            <CharacterOffsetBegin>189</CharacterOffsetBegin>
            <CharacterOffsetEnd>192</CharacterOffsetEnd>
            <POS>DT</POS>
            <deprel>det</deprel>
            <depreal_head_id>7</depreal_head_id>
            <depreal_head_text>carriers</depreal_head_text>
            <ner>O</ner>
          </token>
          <token id="6">
            <word>two</word>
            <lemma>two</lemma>
            <CharacterOffsetBegin>193</CharacterOffsetBegin>
            <CharacterOffsetEnd>196</CharacterOffsetEnd>
            <POS>CD</POS>
            <deprel>nummod</deprel>
            <depreal_head_id>7</depreal_head_id>
            <depreal_head_text>carriers</depreal_head_text>
            <ner>S-CARDINAL</ner>
          </token>
          <token id="7">
            <word>carriers</word>
            <lemma>carrier</lemma>
            <CharacterOffsetBegin>197</CharacterOffsetBegin>
            <CharacterOffsetEnd>205</CharacterOffsetEnd>
            <POS>NNS</POS>
            <deprel>nsubj</deprel>
            <depreal_head_id>9</depreal_head_id>
            <depreal_head_text>manage</depreal_head_text>
            <ner>O</ner>
          </token>
          <token id="8">
            <word>jointly</word>
            <lemma>jointly</lemma>
            <CharacterOffsetBegin>206</CharacterOffsetBegin>
            <CharacterOffsetEnd>213</CharacterOffsetEnd>
            <POS>RB</POS>
            <deprel>advmod</deprel>
            <depreal_head_id>9</depreal_head_id>
            <depreal_head_text>manage</depreal_head_text>
            <ner>O</ner>
          </token>
          <token id="9">
            <word>manage</word>
            <lemma>manage</lemma>
            <CharacterOffsetBegin>214</CharacterOffsetBegin>
            <CharacterOffsetEnd>220</CharacterOffsetEnd>
            <POS>VBP</POS>
            <deprel>root</deprel>
            <depreal_head_id>0</depreal_head_id>
            <depreal_head_text>root</depreal_head_text>
            <ner>O</ner>
          </token>
          <token id="10">
            <word>sales</word>
            <lemma>sale</lemma>
            <CharacterOffsetBegin>221</CharacterOffsetBegin>
            <CharacterOffsetEnd>226</CharacterOffsetEnd>
            <POS>NNS</POS>
            <deprel>obj</deprel>
            <depreal_head_id>9</depreal_head_id>
            <depreal_head_text>manage</depreal_head_text>
            <ner>O</ner>
          </token>
          <token id="11">
            <word>and</word>
            <lemma>and</lemma>
            <CharacterOffsetBegin>227</CharacterOffsetBegin>
            <CharacterOffsetEnd>230</CharacterOffsetEnd>
            <POS>CC</POS>
            <deprel>cc</deprel>
            <depreal_head_id>12</depreal_head_id>
            <depreal_head_text>booking</depreal_head_text>
            <ner>O</ner>
          </token>
          <token id="12">
            <word>booking</word>
            <lemma>booking</lemma>
            <CharacterOffsetBegin>231</CharacterOffsetBegin>
            <CharacterOffsetEnd>238</CharacterOffsetEnd>
            <POS>NN</POS>
            <deprel>conj</deprel>
            <depreal_head_id>10</depreal_head_id>
            <depreal_head_text>sales</depreal_head_text>
            <ner>O</ner>
          </token>
          <token id="13">
            <word>of</word>
            <lemma>of</lemma>
            <CharacterOffsetBegin>239</CharacterOffsetBegin>
            <CharacterOffsetEnd>241</CharacterOffsetEnd>
            <POS>IN</POS>
            <deprel>case</deprel>
            <depreal_head_id>17</depreal_head_id>
            <depreal_head_text>shipments</depreal_head_text>
            <ner>O</ner>
          </token>
          <token id="14">
            <word>standard</word>
            <lemma>standard</lemma>
            <CharacterOffsetBegin>242</CharacterOffsetBegin>
            <CharacterOffsetEnd>250</CharacterOffsetEnd>
            <POS>JJ</POS>
            <deprel>amod</deprel>
            <depreal_head_id>17</depreal_head_id>
            <depreal_head_text>shipments</depreal_head_text>
            <ner>O</ner>
          </token>
          <token id="15">
            <word>and</word>
            <lemma>and</lemma>
            <CharacterOffsetBegin>251</CharacterOffsetBegin>
            <CharacterOffsetEnd>254</CharacterOffsetEnd>
            <POS>CC</POS>
            <deprel>cc</deprel>
            <depreal_head_id>16</depreal_head_id>
            <depreal_head_text>express</depreal_head_text>
            <ner>O</ner>
          </token>
          <token id="16">
            <word>express</word>
            <lemma>express</lemma>
            <CharacterOffsetBegin>255</CharacterOffsetBegin>
            <CharacterOffsetEnd>262</CharacterOffsetEnd>
            <POS>NN</POS>
            <deprel>conj</deprel>
            <depreal_head_id>14</depreal_head_id>
            <depreal_head_text>standard</depreal_head_text>
            <ner>O</ner>
          </token>
          <token id="17">
            <word>shipments</word>
            <lemma>shipment</lemma>
            <CharacterOffsetBegin>263</CharacterOffsetBegin>
            <CharacterOffsetEnd>272</CharacterOffsetEnd>
            <POS>NNS</POS>
            <deprel>nmod</deprel>
            <depreal_head_id>12</depreal_head_id>
            <depreal_head_text>booking</depreal_head_text>
            <ner>O</ner>
          </token>
          <token id="18">
            <word>on</word>
            <lemma>on</lemma>
            <CharacterOffsetBegin>273</CharacterOffsetBegin>
            <CharacterOffsetEnd>275</CharacterOffsetEnd>
            <POS>IN</POS>
            <deprel>case</deprel>
            <depreal_head_id>19</depreal_head_id>
            <depreal_head_text>routes</depreal_head_text>
            <ner>O</ner>
          </token>
          <token id="19">
            <word>routes</word>
            <lemma>route</lemma>
            <CharacterOffsetBegin>276</CharacterOffsetBegin>
            <CharacterOffsetEnd>282</CharacterOffsetEnd>
            <POS>NNS</POS>
            <deprel>nmod</deprel>
            <depreal_head_id>17</depreal_head_id>
            <depreal_head_text>shipments</depreal_head_text>
            <ner>O</ner>
          </token>
          <token id="20">
            <word>between</word>
            <lemma>between</lemma>
            <CharacterOffsetBegin>283</CharacterOffsetBegin>
            <CharacterOffsetEnd>290</CharacterOffsetEnd>
            <POS>IN</POS>
            <deprel>case</deprel>
            <depreal_head_id>21</depreal_head_id>
            <depreal_head_text>Europe</depreal_head_text>
            <ner>O</ner>
          </token>
          <token id="21">
            <word>Europe</word>
            <lemma>Europe</lemma>
            <CharacterOffsetBegin>291</CharacterOffsetBegin>
            <CharacterOffsetEnd>297</CharacterOffsetEnd>
            <POS>NNP</POS>
            <deprel>nmod</deprel>
            <depreal_head_id>19</depreal_head_id>
            <depreal_head_text>routes</depreal_head_text>
            <ner>S-LOC</ner>
          </token>
          <token id="22">
            <word>and</word>
            <lemma>and</lemma>
            <CharacterOffsetBegin>298</CharacterOffsetBegin>
            <CharacterOffsetEnd>301</CharacterOffsetEnd>
            <POS>CC</POS>
            <deprel>cc</deprel>
            <depreal_head_id>24</depreal_head_id>
            <depreal_head_text>US</depreal_head_text>
            <ner>O</ner>
          </token>
          <token id="23">
            <word>the</word>
            <lemma>the</lemma>
            <CharacterOffsetBegin>302</CharacterOffsetBegin>
            <CharacterOffsetEnd>305</CharacterOffsetEnd>
            <POS>DT</POS>
            <deprel>det</deprel>
            <depreal_head_id>24</depreal_head_id>
            <depreal_head_text>US</depreal_head_text>
            <ner>O</ner>
          </token>
          <token id="24">
            <word>US</word>
            <lemma>US</lemma>
            <CharacterOffsetBegin>306</CharacterOffsetBegin>
            <CharacterOffsetEnd>308</CharacterOffsetEnd>
            <POS>NNP</POS>
            <deprel>conj</deprel>
            <depreal_head_id>21</depreal_head_id>
            <depreal_head_text>Europe</depreal_head_text>
            <ner>S-GPE</ner>
          </token>
          <token id="25">
            <word>using</word>
            <lemma>use</lemma>
            <CharacterOffsetBegin>309</CharacterOffsetBegin>
            <CharacterOffsetEnd>314</CharacterOffsetEnd>
            <POS>VBG</POS>
            <deprel>acl</deprel>
            <depreal_head_id>24</depreal_head_id>
            <depreal_head_text>US</depreal_head_text>
            <ner>O</ner>
          </token>
          <token id="26">
            <word>their</word>
            <lemma>they</lemma>
            <CharacterOffsetBegin>315</CharacterOffsetBegin>
            <CharacterOffsetEnd>320</CharacterOffsetEnd>
            <POS>PRP$</POS>
            <deprel>nmod:poss</deprel>
            <depreal_head_id>29</depreal_head_id>
            <depreal_head_text>framework</depreal_head_text>
            <ner>O</ner>
          </token>
          <token id="27">
            <word>joint</word>
            <lemma>joint</lemma>
            <CharacterOffsetBegin>321</CharacterOffsetBegin>
            <CharacterOffsetEnd>326</CharacterOffsetEnd>
            <POS>JJ</POS>
            <deprel>amod</deprel>
            <depreal_head_id>29</depreal_head_id>
            <depreal_head_text>framework</depreal_head_text>
            <ner>O</ner>
          </token>
          <token id="28">
            <word>venture</word>
            <lemma>venture</lemma>
            <CharacterOffsetBegin>327</CharacterOffsetBegin>
            <CharacterOffsetEnd>334</CharacterOffsetEnd>
            <POS>NN</POS>
            <deprel>compound</deprel>
            <depreal_head_id>29</depreal_head_id>
            <depreal_head_text>framework</depreal_head_text>
            <ner>O</ner>
          </token>
          <token id="29">
            <word>framework</word>
            <lemma>framework</lemma>
            <CharacterOffsetBegin>335</CharacterOffsetBegin>
            <CharacterOffsetEnd>344</CharacterOffsetEnd>
            <POS>NN</POS>
            <deprel>obj</deprel>
            <depreal_head_id>25</depreal_head_id>
            <depreal_head_text>using</depreal_head_text>
            <ner>O</ner>
          </token>
          <token id="30">
            <word>.</word>
            <lemma>.</lemma>
            <CharacterOffsetBegin>344</CharacterOffsetBegin>
            <CharacterOffsetEnd>345</CharacterOffsetEnd>
            <POS>.</POS>
            <deprel>punct</deprel>
            <depreal_head_id>9</depreal_head_id>
            <depreal_head_text>manage</depreal_head_text>
            <ner>O</ner>
          </token>
        </tokens>
      </sentence>
      <sentence section="content" type="bodyText" id="4">
        <tokens>
          <token id="1">
            <word>Starting</word>
            <lemma>start</lemma>
            <CharacterOffsetBegin>346</CharacterOffsetBegin>
            <CharacterOffsetEnd>354</CharacterOffsetEnd>
            <POS>VBG</POS>
            <deprel>advcl</deprel>
            <depreal_head_id>21</depreal_head_id>
            <depreal_head_text>expand</depreal_head_text>
            <ner>O</ner>
          </token>
          <token id="2">
            <word>with</word>
            <lemma>with</lemma>
            <CharacterOffsetBegin>355</CharacterOffsetBegin>
            <CharacterOffsetEnd>359</CharacterOffsetEnd>
            <POS>IN</POS>
            <deprel>mark</deprel>
            <depreal_head_id>3</depreal_head_id>
            <depreal_head_text>selected</depreal_head_text>
            <ner>O</ner>
          </token>
          <token id="3">
            <word>selected</word>
            <lemma>select</lemma>
            <CharacterOffsetBegin>360</CharacterOffsetBegin>
            <CharacterOffsetEnd>368</CharacterOffsetEnd>
            <POS>VBN</POS>
            <deprel>ccomp</deprel>
            <depreal_head_id>1</depreal_head_id>
            <depreal_head_text>Starting</depreal_head_text>
            <ner>O</ner>
          </token>
          <token id="4">
            <word>routings</word>
            <lemma>routing</lemma>
            <CharacterOffsetBegin>369</CharacterOffsetBegin>
            <CharacterOffsetEnd>377</CharacterOffsetEnd>
            <POS>NNS</POS>
            <deprel>obj</deprel>
            <depreal_head_id>3</depreal_head_id>
            <depreal_head_text>selected</depreal_head_text>
            <ner>O</ner>
          </token>
          <token id="5">
            <word>from</word>
            <lemma>from</lemma>
            <CharacterOffsetBegin>378</CharacterOffsetBegin>
            <CharacterOffsetEnd>382</CharacterOffsetEnd>
            <POS>IN</POS>
            <deprel>case</deprel>
            <depreal_head_id>7</depreal_head_id>
            <depreal_head_text>US</depreal_head_text>
            <ner>O</ner>
          </token>
          <token id="6">
            <word>the</word>
            <lemma>the</lemma>
            <CharacterOffsetBegin>383</CharacterOffsetBegin>
            <CharacterOffsetEnd>386</CharacterOffsetEnd>
            <POS>DT</POS>
            <deprel>det</deprel>
            <depreal_head_id>7</depreal_head_id>
            <depreal_head_text>US</depreal_head_text>
            <ner>O</ner>
          </token>
          <token id="7">
            <word>US</word>
            <lemma>US</lemma>
            <CharacterOffsetBegin>387</CharacterOffsetBegin>
            <CharacterOffsetEnd>389</CharacterOffsetEnd>
            <POS>NNP</POS>
            <deprel>obl</deprel>
            <depreal_head_id>3</depreal_head_id>
            <depreal_head_text>selected</depreal_head_text>
            <ner>S-GPE</ner>
          </token>
          <token id="8">
            <word>,</word>
            <lemma>,</lemma>
            <CharacterOffsetBegin>389</CharacterOffsetBegin>
            <CharacterOffsetEnd>390</CharacterOffsetEnd>
            <POS>,</POS>
            <deprel>punct</deprel>
            <depreal_head_id>9</depreal_head_id>
            <depreal_head_text>Italy</depreal_head_text>
            <ner>O</ner>
          </token>
          <token id="9">
            <word>Italy</word>
            <lemma>Italy</lemma>
            <CharacterOffsetBegin>391</CharacterOffsetBegin>
            <CharacterOffsetEnd>396</CharacterOffsetEnd>
            <POS>NNP</POS>
            <deprel>conj</deprel>
            <depreal_head_id>7</depreal_head_id>
            <depreal_head_text>US</depreal_head_text>
            <ner>S-GPE</ner>
          </token>
          <token id="10">
            <word>,</word>
            <lemma>,</lemma>
            <CharacterOffsetBegin>396</CharacterOffsetBegin>
            <CharacterOffsetEnd>397</CharacterOffsetEnd>
            <POS>,</POS>
            <deprel>punct</deprel>
            <depreal_head_id>9</depreal_head_id>
            <depreal_head_text>Italy</depreal_head_text>
            <ner>O</ner>
          </token>
          <token id="11">
            <word>Great</word>
            <lemma>Great</lemma>
            <CharacterOffsetBegin>398</CharacterOffsetBegin>
            <CharacterOffsetEnd>403</CharacterOffsetEnd>
            <POS>NNP</POS>
            <deprel>conj</deprel>
            <depreal_head_id>7</depreal_head_id>
            <depreal_head_text>US</depreal_head_text>
            <ner>B-GPE</ner>
          </token>
          <token id="12">
            <word>Britain</word>
            <lemma>Britain</lemma>
            <CharacterOffsetBegin>404</CharacterOffsetBegin>
            <CharacterOffsetEnd>411</CharacterOffsetEnd>
            <POS>NNP</POS>
            <deprel>flat</deprel>
            <depreal_head_id>11</depreal_head_id>
            <depreal_head_text>Great</depreal_head_text>
            <ner>E-GPE</ner>
          </token>
          <token id="13">
            <word>,</word>
            <lemma>,</lemma>
            <CharacterOffsetBegin>411</CharacterOffsetBegin>
            <CharacterOffsetEnd>412</CharacterOffsetEnd>
            <POS>,</POS>
            <deprel>punct</deprel>
            <depreal_head_id>14</depreal_head_id>
            <depreal_head_text>Ireland</depreal_head_text>
            <ner>O</ner>
          </token>
          <token id="14">
            <word>Ireland</word>
            <lemma>Ireland</lemma>
            <CharacterOffsetBegin>413</CharacterOffsetBegin>
            <CharacterOffsetEnd>420</CharacterOffsetEnd>
            <POS>NNP</POS>
            <deprel>conj</deprel>
            <depreal_head_id>7</depreal_head_id>
            <depreal_head_text>US</depreal_head_text>
            <ner>S-GPE</ner>
          </token>
          <token id="15">
            <word>and</word>
            <lemma>and</lemma>
            <CharacterOffsetBegin>421</CharacterOffsetBegin>
            <CharacterOffsetEnd>424</CharacterOffsetEnd>
            <POS>CC</POS>
            <deprel>cc</deprel>
            <depreal_head_id>16</depreal_head_id>
            <depreal_head_text>Germany</depreal_head_text>
            <ner>O</ner>
          </token>
          <token id="16">
            <word>Germany</word>
            <lemma>Germany</lemma>
            <CharacterOffsetBegin>425</CharacterOffsetBegin>
            <CharacterOffsetEnd>432</CharacterOffsetEnd>
            <POS>NNP</POS>
            <deprel>conj</deprel>
            <depreal_head_id>14</depreal_head_id>
            <depreal_head_text>Ireland</depreal_head_text>
            <ner>S-GPE</ner>
          </token>
          <token id="17">
            <word>,</word>
            <lemma>,</lemma>
            <CharacterOffsetBegin>432</CharacterOffsetBegin>
            <CharacterOffsetEnd>433</CharacterOffsetEnd>
            <POS>,</POS>
            <deprel>punct</deprel>
            <depreal_head_id>1</depreal_head_id>
            <depreal_head_text>Starting</depreal_head_text>
            <ner>O</ner>
          </token>
          <token id="18">
            <word>the</word>
            <lemma>the</lemma>
            <CharacterOffsetBegin>434</CharacterOffsetBegin>
            <CharacterOffsetEnd>437</CharacterOffsetEnd>
            <POS>DT</POS>
            <deprel>det</deprel>
            <depreal_head_id>19</depreal_head_id>
            <depreal_head_text>carriers</depreal_head_text>
            <ner>O</ner>
          </token>
          <token id="19">
            <word>carriers</word>
            <lemma>carrier</lemma>
            <CharacterOffsetBegin>438</CharacterOffsetBegin>
            <CharacterOffsetEnd>446</CharacterOffsetEnd>
            <POS>NNS</POS>
            <deprel>nsubj</deprel>
            <depreal_head_id>21</depreal_head_id>
            <depreal_head_text>expand</depreal_head_text>
            <ner>O</ner>
          </token>
          <token id="20">
            <word>will</word>
            <lemma>will</lemma>
            <CharacterOffsetBegin>447</CharacterOffsetBegin>
            <CharacterOffsetEnd>451</CharacterOffsetEnd>
            <POS>MD</POS>
            <deprel>aux</deprel>
            <depreal_head_id>21</depreal_head_id>
            <depreal_head_text>expand</depreal_head_text>
            <ner>O</ner>
          </token>
          <token id="21">
            <word>expand</word>
            <lemma>expand</lemma>
            <CharacterOffsetBegin>452</CharacterOffsetBegin>
            <CharacterOffsetEnd>458</CharacterOffsetEnd>
            <POS>VB</POS>
            <deprel>root</deprel>
            <depreal_head_id>0</depreal_head_id>
            <depreal_head_text>root</depreal_head_text>
            <ner>O</ner>
          </token>
          <token id="22">
            <word>the</word>
            <lemma>the</lemma>
            <CharacterOffsetBegin>459</CharacterOffsetBegin>
            <CharacterOffsetEnd>462</CharacterOffsetEnd>
            <POS>DT</POS>
            <deprel>det</deprel>
            <depreal_head_id>24</depreal_head_id>
            <depreal_head_text>scope</depreal_head_text>
            <ner>O</ner>
          </token>
          <token id="23">
            <word>geographical</word>
            <lemma>geographical</lemma>
            <CharacterOffsetBegin>463</CharacterOffsetBegin>
            <CharacterOffsetEnd>475</CharacterOffsetEnd>
            <POS>JJ</POS>
            <deprel>amod</deprel>
            <depreal_head_id>24</depreal_head_id>
            <depreal_head_text>scope</depreal_head_text>
            <ner>O</ner>
          </token>
          <token id="24">
            <word>scope</word>
            <lemma>scope</lemma>
            <CharacterOffsetBegin>476</CharacterOffsetBegin>
            <CharacterOffsetEnd>481</CharacterOffsetEnd>
            <POS>NN</POS>
            <deprel>obj</deprel>
            <depreal_head_id>21</depreal_head_id>
            <depreal_head_text>expand</depreal_head_text>
            <ner>O</ner>
          </token>
          <token id="25">
            <word>in</word>
            <lemma>in</lemma>
            <CharacterOffsetBegin>482</CharacterOffsetBegin>
            <CharacterOffsetEnd>484</CharacterOffsetEnd>
            <POS>IN</POS>
            <deprel>case</deprel>
            <depreal_head_id>28</depreal_head_id>
            <depreal_head_text>months</depreal_head_text>
            <ner>O</ner>
          </token>
          <token id="26">
            <word>the</word>
            <lemma>the</lemma>
            <CharacterOffsetBegin>485</CharacterOffsetBegin>
            <CharacterOffsetEnd>488</CharacterOffsetEnd>
            <POS>DT</POS>
            <deprel>det</deprel>
            <depreal_head_id>28</depreal_head_id>
            <depreal_head_text>months</depreal_head_text>
            <ner>B-DATE</ner>
          </token>
          <token id="27">
            <word>coming</word>
            <lemma>come</lemma>
            <CharacterOffsetBegin>489</CharacterOffsetBegin>
            <CharacterOffsetEnd>495</CharacterOffsetEnd>
            <POS>VBG</POS>
            <deprel>compound</deprel>
            <depreal_head_id>28</depreal_head_id>
            <depreal_head_text>months</depreal_head_text>
            <ner>I-DATE</ner>
          </token>
          <token id="28">
            <word>months</word>
            <lemma>month</lemma>
            <CharacterOffsetBegin>496</CharacterOffsetBegin>
            <CharacterOffsetEnd>502</CharacterOffsetEnd>
            <POS>NNS</POS>
            <deprel>obl</deprel>
            <depreal_head_id>21</depreal_head_id>
            <depreal_head_text>expand</depreal_head_text>
            <ner>E-DATE</ner>
          </token>
          <token id="29">
            <word>and</word>
            <lemma>and</lemma>
            <CharacterOffsetBegin>503</CharacterOffsetBegin>
            <CharacterOffsetEnd>506</CharacterOffsetEnd>
            <POS>CC</POS>
            <deprel>cc</deprel>
            <depreal_head_id>30</depreal_head_id>
            <depreal_head_text>plan</depreal_head_text>
            <ner>O</ner>
          </token>
          <token id="30">
            <word>plan</word>
            <lemma>plan</lemma>
            <CharacterOffsetBegin>507</CharacterOffsetBegin>
            <CharacterOffsetEnd>511</CharacterOffsetEnd>
            <POS>VB</POS>
            <deprel>conj</deprel>
            <depreal_head_id>21</depreal_head_id>
            <depreal_head_text>expand</depreal_head_text>
            <ner>O</ner>
          </token>
          <token id="31">
            <word>to</word>
            <lemma>to</lemma>
            <CharacterOffsetBegin>512</CharacterOffsetBegin>
            <CharacterOffsetEnd>514</CharacterOffsetEnd>
            <POS>TO</POS>
            <deprel>mark</deprel>
            <depreal_head_id>32</depreal_head_id>
            <depreal_head_text>include</depreal_head_text>
            <ner>O</ner>
          </token>
          <token id="32">
            <word>include</word>
            <lemma>include</lemma>
            <CharacterOffsetBegin>515</CharacterOffsetBegin>
            <CharacterOffsetEnd>522</CharacterOffsetEnd>
            <POS>VB</POS>
            <deprel>xcomp</deprel>
            <depreal_head_id>30</depreal_head_id>
            <depreal_head_text>plan</depreal_head_text>
            <ner>O</ner>
          </token>
          <token id="33">
            <word>additional</word>
            <lemma>additional</lemma>
            <CharacterOffsetBegin>523</CharacterOffsetBegin>
            <CharacterOffsetEnd>533</CharacterOffsetEnd>
            <POS>JJ</POS>
            <deprel>amod</deprel>
            <depreal_head_id>34</depreal_head_id>
            <depreal_head_text>products</depreal_head_text>
            <ner>O</ner>
          </token>
          <token id="34">
            <word>products</word>
            <lemma>product</lemma>
            <CharacterOffsetBegin>534</CharacterOffsetBegin>
            <CharacterOffsetEnd>542</CharacterOffsetEnd>
            <POS>NNS</POS>
            <deprel>obj</deprel>
            <depreal_head_id>32</depreal_head_id>
            <depreal_head_text>include</depreal_head_text>
            <ner>O</ner>
          </token>
          <token id="35">
            <word>and</word>
            <lemma>and</lemma>
            <CharacterOffsetBegin>543</CharacterOffsetBegin>
            <CharacterOffsetEnd>546</CharacterOffsetEnd>
            <POS>CC</POS>
            <deprel>cc</deprel>
            <depreal_head_id>36</depreal_head_id>
            <depreal_head_text>features</depreal_head_text>
            <ner>O</ner>
          </token>
          <token id="36">
            <word>features</word>
            <lemma>feature</lemma>
            <CharacterOffsetBegin>547</CharacterOffsetBegin>
            <CharacterOffsetEnd>555</CharacterOffsetEnd>
            <POS>NNS</POS>
            <deprel>conj</deprel>
            <depreal_head_id>34</depreal_head_id>
            <depreal_head_text>products</depreal_head_text>
            <ner>O</ner>
          </token>
          <token id="37">
            <word>in</word>
            <lemma>in</lemma>
            <CharacterOffsetBegin>556</CharacterOffsetBegin>
            <CharacterOffsetEnd>558</CharacterOffsetEnd>
            <POS>IN</POS>
            <deprel>case</deprel>
            <depreal_head_id>39</depreal_head_id>
            <depreal_head_text>future</depreal_head_text>
            <ner>O</ner>
          </token>
          <token id="38">
            <word>the</word>
            <lemma>the</lemma>
            <CharacterOffsetBegin>559</CharacterOffsetBegin>
            <CharacterOffsetEnd>562</CharacterOffsetEnd>
            <POS>DT</POS>
            <deprel>det</deprel>
            <depreal_head_id>39</depreal_head_id>
            <depreal_head_text>future</depreal_head_text>
            <ner>O</ner>
          </token>
          <token id="39">
            <word>future</word>
            <lemma>future</lemma>
            <CharacterOffsetBegin>563</CharacterOffsetBegin>
            <CharacterOffsetEnd>569</CharacterOffsetEnd>
            <POS>NN</POS>
            <deprel>nmod</deprel>
            <depreal_head_id>36</depreal_head_id>
            <depreal_head_text>features</depreal_head_text>
            <ner>O</ner>
          </token>
          <token id="40">
            <word>.</word>
            <lemma>.</lemma>
            <CharacterOffsetBegin>569</CharacterOffsetBegin>
            <CharacterOffsetEnd>570</CharacterOffsetEnd>
            <POS>.</POS>
            <deprel>punct</deprel>
            <depreal_head_id>21</depreal_head_id>
            <depreal_head_text>expand</depreal_head_text>
            <ner>O</ner>
          </token>
        </tokens>
      </sentence>
      <sentence section="content" type="bodyText" id="5">
        <tokens>
          <token id="1">
            <word>"</word>
            <lemma>&amp;quot;</lemma>
            <CharacterOffsetBegin>571</CharacterOffsetBegin>
            <CharacterOffsetEnd>572</CharacterOffsetEnd>
            <POS>``</POS>
            <deprel>punct</deprel>
            <depreal_head_id>9</depreal_head_id>
            <depreal_head_text>offers</depreal_head_text>
            <ner>O</ner>
          </token>
          <token id="2">
            <word>The</word>
            <lemma>the</lemma>
            <CharacterOffsetBegin>572</CharacterOffsetBegin>
            <CharacterOffsetEnd>575</CharacterOffsetEnd>
            <POS>DT</POS>
            <deprel>det</deprel>
            <depreal_head_id>3</depreal_head_id>
            <depreal_head_text>combination</depreal_head_text>
            <ner>O</ner>
          </token>
          <token id="3">
            <word>combination</word>
            <lemma>combination</lemma>
            <CharacterOffsetBegin>576</CharacterOffsetBegin>
            <CharacterOffsetEnd>587</CharacterOffsetEnd>
            <POS>NN</POS>
            <deprel>nsubj</deprel>
            <depreal_head_id>9</depreal_head_id>
            <depreal_head_text>offers</depreal_head_text>
            <ner>O</ner>
          </token>
          <token id="4">
            <word>of</word>
            <lemma>of</lemma>
            <CharacterOffsetBegin>588</CharacterOffsetBegin>
            <CharacterOffsetEnd>590</CharacterOffsetEnd>
            <POS>IN</POS>
            <deprel>case</deprel>
            <depreal_head_id>8</depreal_head_id>
            <depreal_head_text>networks</depreal_head_text>
            <ner>O</ner>
          </token>
          <token id="5">
            <word>the</word>
            <lemma>the</lemma>
            <CharacterOffsetBegin>591</CharacterOffsetBegin>
            <CharacterOffsetEnd>594</CharacterOffsetEnd>
            <POS>DT</POS>
            <deprel>det</deprel>
            <depreal_head_id>8</depreal_head_id>
            <depreal_head_text>networks</depreal_head_text>
            <ner>O</ner>
          </token>
          <token id="6">
            <word>two</word>
            <lemma>two</lemma>
            <CharacterOffsetBegin>595</CharacterOffsetBegin>
            <CharacterOffsetEnd>598</CharacterOffsetEnd>
            <POS>CD</POS>
            <deprel>nummod</deprel>
            <depreal_head_id>8</depreal_head_id>
            <depreal_head_text>networks</depreal_head_text>
            <ner>S-CARDINAL</ner>
          </token>
          <token id="7">
            <word>strong</word>
            <lemma>strong</lemma>
            <CharacterOffsetBegin>599</CharacterOffsetBegin>
            <CharacterOffsetEnd>605</CharacterOffsetEnd>
            <POS>JJ</POS>
            <deprel>amod</deprel>
            <depreal_head_id>8</depreal_head_id>
            <depreal_head_text>networks</depreal_head_text>
            <ner>O</ner>
          </token>
          <token id="8">
            <word>networks</word>
            <lemma>network</lemma>
            <CharacterOffsetBegin>606</CharacterOffsetBegin>
            <CharacterOffsetEnd>614</CharacterOffsetEnd>
            <POS>NNS</POS>
            <deprel>nmod</deprel>
            <depreal_head_id>3</depreal_head_id>
            <depreal_head_text>combination</depreal_head_text>
            <ner>O</ner>
          </token>
          <token id="9">
            <word>offers</word>
            <lemma>offer</lemma>
            <CharacterOffsetBegin>615</CharacterOffsetBegin>
            <CharacterOffsetEnd>621</CharacterOffsetEnd>
            <POS>VBZ</POS>
            <deprel>root</deprel>
            <depreal_head_id>0</depreal_head_id>
            <depreal_head_text>root</depreal_head_text>
            <ner>O</ner>
          </token>
          <token id="10">
            <word>new</word>
            <lemma>new</lemma>
            <CharacterOffsetBegin>622</CharacterOffsetBegin>
            <CharacterOffsetEnd>625</CharacterOffsetEnd>
            <POS>JJ</POS>
            <deprel>amod</deprel>
            <depreal_head_id>12</depreal_head_id>
            <depreal_head_text>options</depreal_head_text>
            <ner>O</ner>
          </token>
          <token id="11">
            <word>routing</word>
            <lemma>rout</lemma>
            <CharacterOffsetBegin>626</CharacterOffsetBegin>
            <CharacterOffsetEnd>633</CharacterOffsetEnd>
            <POS>VBG</POS>
            <deprel>compound</deprel>
            <depreal_head_id>12</depreal_head_id>
            <depreal_head_text>options</depreal_head_text>
            <ner>O</ner>
          </token>
          <token id="12">
            <word>options</word>
            <lemma>option</lemma>
            <CharacterOffsetBegin>634</CharacterOffsetBegin>
            <CharacterOffsetEnd>641</CharacterOffsetEnd>
            <POS>NNS</POS>
            <deprel>obj</deprel>
            <depreal_head_id>9</depreal_head_id>
            <depreal_head_text>offers</depreal_head_text>
            <ner>O</ner>
          </token>
          <token id="13">
            <word>.</word>
            <lemma>.</lemma>
            <CharacterOffsetBegin>641</CharacterOffsetBegin>
            <CharacterOffsetEnd>642</CharacterOffsetEnd>
            <POS>.</POS>
            <deprel>punct</deprel>
            <depreal_head_id>9</depreal_head_id>
            <depreal_head_text>offers</depreal_head_text>
            <ner>O</ner>
          </token>
          <token id="14">
            <word>The</word>
            <lemma>the</lemma>
            <CharacterOffsetBegin>643</CharacterOffsetBegin>
            <CharacterOffsetEnd>646</CharacterOffsetEnd>
            <POS>DT</POS>
            <deprel>det</deprel>
            <depreal_head_id>15</depreal_head_id>
            <depreal_head_text>co-location</depreal_head_text>
            <ner>O</ner>
          </token>
          <token id="15">
            <word>co-location</word>
            <lemma>co-location</lemma>
            <CharacterOffsetBegin>647</CharacterOffsetBegin>
            <CharacterOffsetEnd>658</CharacterOffsetEnd>
            <POS>NN</POS>
            <deprel>nsubj</deprel>
            <depreal_head_id>9</depreal_head_id>
            <depreal_head_text>offers</depreal_head_text>
            <ner>O</ner>
          </token>
          <token id="16">
            <word>of</word>
            <lemma>of</lemma>
            <CharacterOffsetBegin>659</CharacterOffsetBegin>
            <CharacterOffsetEnd>661</CharacterOffsetEnd>
            <POS>IN</POS>
            <deprel>case</deprel>
            <depreal_head_id>18</depreal_head_id>
            <depreal_head_text>warehouses</depreal_head_text>
            <ner>O</ner>
          </token>
          <token id="17">
            <word>our</word>
            <lemma>we</lemma>
            <CharacterOffsetBegin>662</CharacterOffsetBegin>
            <CharacterOffsetEnd>665</CharacterOffsetEnd>
            <POS>PRP$</POS>
            <deprel>nmod:poss</deprel>
            <depreal_head_id>18</depreal_head_id>
            <depreal_head_text>warehouses</depreal_head_text>
            <ner>O</ner>
          </token>
          <token id="18">
            <word>warehouses</word>
            <lemma>warehouse</lemma>
            <CharacterOffsetBegin>666</CharacterOffsetBegin>
            <CharacterOffsetEnd>676</CharacterOffsetEnd>
            <POS>NNS</POS>
            <deprel>nmod</deprel>
            <depreal_head_id>15</depreal_head_id>
            <depreal_head_text>co-location</depreal_head_text>
            <ner>O</ner>
          </token>
          <token id="19">
            <word>,</word>
            <lemma>,</lemma>
            <CharacterOffsetBegin>676</CharacterOffsetBegin>
            <CharacterOffsetEnd>677</CharacterOffsetEnd>
            <POS>,</POS>
            <deprel>punct</deprel>
            <depreal_head_id>21</depreal_head_id>
            <depreal_head_text>Munich</depreal_head_text>
            <ner>O</ner>
          </token>
          <token id="20">
            <word>in</word>
            <lemma>in</lemma>
            <CharacterOffsetBegin>678</CharacterOffsetBegin>
            <CharacterOffsetEnd>680</CharacterOffsetEnd>
            <POS>IN</POS>
            <deprel>case</deprel>
            <depreal_head_id>21</depreal_head_id>
            <depreal_head_text>Munich</depreal_head_text>
            <ner>O</ner>
          </token>
          <token id="21">
            <word>Munich</word>
            <lemma>Munich</lemma>
            <CharacterOffsetBegin>681</CharacterOffsetBegin>
            <CharacterOffsetEnd>687</CharacterOffsetEnd>
            <POS>NNP</POS>
            <deprel>nmod</deprel>
            <depreal_head_id>28</depreal_head_id>
            <depreal_head_text>benefit</depreal_head_text>
            <ner>S-GPE</ner>
          </token>
          <token id="22">
            <word>for</word>
            <lemma>for</lemma>
            <CharacterOffsetBegin>688</CharacterOffsetBegin>
            <CharacterOffsetEnd>691</CharacterOffsetEnd>
            <POS>IN</POS>
            <deprel>case</deprel>
            <depreal_head_id>21</depreal_head_id>
            <depreal_head_text>Munich</depreal_head_text>
            <ner>O</ner>
          </token>
          <token id="23">
            <word>example</word>
            <lemma>example</lemma>
            <CharacterOffsetBegin>692</CharacterOffsetBegin>
            <CharacterOffsetEnd>699</CharacterOffsetEnd>
            <POS>NN</POS>
            <deprel>fixed</deprel>
            <depreal_head_id>22</depreal_head_id>
            <depreal_head_text>for</depreal_head_text>
            <ner>O</ner>
          </token>
          <token id="24">
            <word>,</word>
            <lemma>,</lemma>
            <CharacterOffsetBegin>699</CharacterOffsetBegin>
            <CharacterOffsetEnd>700</CharacterOffsetEnd>
            <POS>,</POS>
            <deprel>punct</deprel>
            <depreal_head_id>22</depreal_head_id>
            <depreal_head_text>for</depreal_head_text>
            <ner>O</ner>
          </token>
          <token id="25">
            <word>is</word>
            <lemma>be</lemma>
            <CharacterOffsetBegin>701</CharacterOffsetBegin>
            <CharacterOffsetEnd>703</CharacterOffsetEnd>
            <POS>VBZ</POS>
            <deprel>cop</deprel>
            <depreal_head_id>28</depreal_head_id>
            <depreal_head_text>benefit</depreal_head_text>
            <ner>O</ner>
          </token>
          <token id="26">
            <word>an</word>
            <lemma>an</lemma>
            <CharacterOffsetBegin>704</CharacterOffsetBegin>
            <CharacterOffsetEnd>706</CharacterOffsetEnd>
            <POS>DT</POS>
            <deprel>det</deprel>
            <depreal_head_id>28</depreal_head_id>
            <depreal_head_text>benefit</depreal_head_text>
            <ner>O</ner>
          </token>
          <token id="27">
            <word>additional</word>
            <lemma>additional</lemma>
            <CharacterOffsetBegin>707</CharacterOffsetBegin>
            <CharacterOffsetEnd>717</CharacterOffsetEnd>
            <POS>JJ</POS>
            <deprel>amod</deprel>
            <depreal_head_id>28</depreal_head_id>
            <depreal_head_text>benefit</depreal_head_text>
            <ner>O</ner>
          </token>
          <token id="28">
            <word>benefit</word>
            <lemma>benefit</lemma>
            <CharacterOffsetBegin>718</CharacterOffsetBegin>
            <CharacterOffsetEnd>725</CharacterOffsetEnd>
            <POS>NN</POS>
            <deprel>conj</deprel>
            <depreal_head_id>9</depreal_head_id>
            <depreal_head_text>offers</depreal_head_text>
            <ner>O</ner>
          </token>
          <token id="29">
            <word>,</word>
            <lemma>,</lemma>
            <CharacterOffsetBegin>725</CharacterOffsetBegin>
            <CharacterOffsetEnd>726</CharacterOffsetEnd>
            <POS>,</POS>
            <deprel>punct</deprel>
            <depreal_head_id>32</depreal_head_id>
            <depreal_head_text>needing</depreal_head_text>
            <ner>O</ner>
          </token>
          <token id="30">
            <word>with</word>
            <lemma>with</lemma>
            <CharacterOffsetBegin>727</CharacterOffsetBegin>
            <CharacterOffsetEnd>731</CharacterOffsetEnd>
            <POS>IN</POS>
            <deprel>mark</deprel>
            <depreal_head_id>32</depreal_head_id>
            <depreal_head_text>needing</depreal_head_text>
            <ner>O</ner>
          </token>
          <token id="31">
            <word>customers</word>
            <lemma>customer</lemma>
            <CharacterOffsetBegin>732</CharacterOffsetBegin>
            <CharacterOffsetEnd>741</CharacterOffsetEnd>
            <POS>NNS</POS>
            <deprel>nsubj</deprel>
            <depreal_head_id>32</depreal_head_id>
            <depreal_head_text>needing</depreal_head_text>
            <ner>O</ner>
          </token>
          <token id="32">
            <word>needing</word>
            <lemma>need</lemma>
            <CharacterOffsetBegin>742</CharacterOffsetBegin>
            <CharacterOffsetEnd>749</CharacterOffsetEnd>
            <POS>VBG</POS>
            <deprel>advcl</deprel>
            <depreal_head_id>28</depreal_head_id>
            <depreal_head_text>benefit</depreal_head_text>
            <ner>O</ner>
          </token>
          <token id="33">
            <word>only</word>
            <lemma>only</lemma>
            <CharacterOffsetBegin>750</CharacterOffsetBegin>
            <CharacterOffsetEnd>754</CharacterOffsetEnd>
            <POS>RB</POS>
            <deprel>advmod</deprel>
            <depreal_head_id>34</depreal_head_id>
            <depreal_head_text>one</depreal_head_text>
            <ner>O</ner>
          </token>
          <token id="34">
            <word>one</word>
            <lemma>one</lemma>
            <CharacterOffsetBegin>755</CharacterOffsetBegin>
            <CharacterOffsetEnd>758</CharacterOffsetEnd>
            <POS>CD</POS>
            <deprel>nummod</deprel>
            <depreal_head_id>35</depreal_head_id>
            <depreal_head_text>location</depreal_head_text>
            <ner>S-CARDINAL</ner>
          </token>
          <token id="35">
            <word>location</word>
            <lemma>location</lemma>
            <CharacterOffsetBegin>759</CharacterOffsetBegin>
            <CharacterOffsetEnd>767</CharacterOffsetEnd>
            <POS>NN</POS>
            <deprel>obj</deprel>
            <depreal_head_id>32</depreal_head_id>
            <depreal_head_text>needing</depreal_head_text>
            <ner>O</ner>
          </token>
          <token id="36">
            <word>for</word>
            <lemma>for</lemma>
            <CharacterOffsetBegin>768</CharacterOffsetBegin>
            <CharacterOffsetEnd>771</CharacterOffsetEnd>
            <POS>IN</POS>
            <deprel>case</deprel>
            <depreal_head_id>37</depreal_head_id>
            <depreal_head_text>export</depreal_head_text>
            <ner>O</ner>
          </token>
          <token id="37">
            <word>export</word>
            <lemma>export</lemma>
            <CharacterOffsetBegin>772</CharacterOffsetBegin>
            <CharacterOffsetEnd>778</CharacterOffsetEnd>
            <POS>NN</POS>
            <deprel>nmod</deprel>
            <depreal_head_id>35</depreal_head_id>
            <depreal_head_text>location</depreal_head_text>
            <ner>O</ner>
          </token>
          <token id="38">
            <word>drop-off</word>
            <lemma>drop-off</lemma>
            <CharacterOffsetBegin>779</CharacterOffsetBegin>
            <CharacterOffsetEnd>787</CharacterOffsetEnd>
            <POS>NN</POS>
            <deprel>flat</deprel>
            <depreal_head_id>37</depreal_head_id>
            <depreal_head_text>export</depreal_head_text>
            <ner>O</ner>
          </token>
          <token id="39">
            <word>and</word>
            <lemma>and</lemma>
            <CharacterOffsetBegin>788</CharacterOffsetBegin>
            <CharacterOffsetEnd>791</CharacterOffsetEnd>
            <POS>CC</POS>
            <deprel>cc</deprel>
            <depreal_head_id>40</depreal_head_id>
            <depreal_head_text>import</depreal_head_text>
            <ner>O</ner>
          </token>
          <token id="40">
            <word>import</word>
            <lemma>import</lemma>
            <CharacterOffsetBegin>792</CharacterOffsetBegin>
            <CharacterOffsetEnd>798</CharacterOffsetEnd>
            <POS>VB</POS>
            <deprel>conj</deprel>
            <depreal_head_id>32</depreal_head_id>
            <depreal_head_text>needing</depreal_head_text>
            <ner>O</ner>
          </token>
          <token id="41">
            <word>delivery</word>
            <lemma>delivery</lemma>
            <CharacterOffsetBegin>799</CharacterOffsetBegin>
            <CharacterOffsetEnd>807</CharacterOffsetEnd>
            <POS>NN</POS>
            <deprel>obj</deprel>
            <depreal_head_id>40</depreal_head_id>
            <depreal_head_text>import</depreal_head_text>
            <ner>O</ner>
          </token>
          <token id="42">
            <word>.</word>
            <lemma>.</lemma>
            <CharacterOffsetBegin>807</CharacterOffsetBegin>
            <CharacterOffsetEnd>808</CharacterOffsetEnd>
            <POS>.</POS>
            <deprel>punct</deprel>
            <depreal_head_id>40</depreal_head_id>
            <depreal_head_text>import</depreal_head_text>
            <ner>O</ner>
          </token>
          <token id="43">
            <word>Aligned</word>
            <lemma>align</lemma>
            <CharacterOffsetBegin>809</CharacterOffsetBegin>
            <CharacterOffsetEnd>816</CharacterOffsetEnd>
            <POS>VBN</POS>
            <deprel>conj</deprel>
            <depreal_head_id>32</depreal_head_id>
            <depreal_head_text>needing</depreal_head_text>
            <ner>O</ner>
          </token>
          <token id="44">
            <word>processes</word>
            <lemma>process</lemma>
            <CharacterOffsetBegin>817</CharacterOffsetBegin>
            <CharacterOffsetEnd>826</CharacterOffsetEnd>
            <POS>NNS</POS>
            <deprel>obj</deprel>
            <depreal_head_id>43</depreal_head_id>
            <depreal_head_text>Aligned</depreal_head_text>
            <ner>O</ner>
          </token>
          <token id="45">
            <word>and</word>
            <lemma>and</lemma>
            <CharacterOffsetBegin>827</CharacterOffsetBegin>
            <CharacterOffsetEnd>830</CharacterOffsetEnd>
            <POS>CC</POS>
            <deprel>cc</deprel>
            <depreal_head_id>47</depreal_head_id>
            <depreal_head_text>transfers</depreal_head_text>
            <ner>O</ner>
          </token>
          <token id="46">
            <word>quicker</word>
            <lemma>quicker</lemma>
            <CharacterOffsetBegin>831</CharacterOffsetBegin>
            <CharacterOffsetEnd>838</CharacterOffsetEnd>
            <POS>JJR</POS>
            <deprel>amod</deprel>
            <depreal_head_id>47</depreal_head_id>
            <depreal_head_text>transfers</depreal_head_text>
            <ner>O</ner>
          </token>
          <token id="47">
            <word>transfers</word>
            <lemma>transfer</lemma>
            <CharacterOffsetBegin>839</CharacterOffsetBegin>
            <CharacterOffsetEnd>848</CharacterOffsetEnd>
            <POS>NNS</POS>
            <deprel>conj</deprel>
            <depreal_head_id>44</depreal_head_id>
            <depreal_head_text>processes</depreal_head_text>
            <ner>O</ner>
          </token>
          <token id="48">
            <word>between</word>
            <lemma>between</lemma>
            <CharacterOffsetBegin>849</CharacterOffsetBegin>
            <CharacterOffsetEnd>856</CharacterOffsetEnd>
            <POS>IN</POS>
            <deprel>case</deprel>
            <depreal_head_id>50</depreal_head_id>
            <depreal_head_text>warehouses</depreal_head_text>
            <ner>O</ner>
          </token>
          <token id="49">
            <word>separate</word>
            <lemma>separate</lemma>
            <CharacterOffsetBegin>857</CharacterOffsetBegin>
            <CharacterOffsetEnd>865</CharacterOffsetEnd>
            <POS>JJ</POS>
            <deprel>amod</deprel>
            <depreal_head_id>50</depreal_head_id>
            <depreal_head_text>warehouses</depreal_head_text>
            <ner>O</ner>
          </token>
          <token id="50">
            <word>warehouses</word>
            <lemma>warehouse</lemma>
            <CharacterOffsetBegin>866</CharacterOffsetBegin>
            <CharacterOffsetEnd>876</CharacterOffsetEnd>
            <POS>NNS</POS>
            <deprel>nmod</deprel>
            <depreal_head_id>47</depreal_head_id>
            <depreal_head_text>transfers</depreal_head_text>
            <ner>O</ner>
          </token>
          <token id="51">
            <word>also</word>
            <lemma>also</lemma>
            <CharacterOffsetBegin>877</CharacterOffsetBegin>
            <CharacterOffsetEnd>881</CharacterOffsetEnd>
            <POS>RB</POS>
            <deprel>advmod</deprel>
            <depreal_head_id>52</depreal_head_id>
            <depreal_head_text>lead</depreal_head_text>
            <ner>O</ner>
          </token>
          <token id="52">
            <word>lead</word>
            <lemma>lead</lemma>
            <CharacterOffsetBegin>882</CharacterOffsetBegin>
            <CharacterOffsetEnd>886</CharacterOffsetEnd>
            <POS>VBP</POS>
            <deprel>conj</deprel>
            <depreal_head_id>43</depreal_head_id>
            <depreal_head_text>Aligned</depreal_head_text>
            <ner>O</ner>
          </token>
          <token id="53">
            <word>to</word>
            <lemma>to</lemma>
            <CharacterOffsetBegin>887</CharacterOffsetBegin>
            <CharacterOffsetEnd>889</CharacterOffsetEnd>
            <POS>TO</POS>
            <deprel>mark</deprel>
            <depreal_head_id>54</depreal_head_id>
            <depreal_head_text>streamlined</depreal_head_text>
            <ner>O</ner>
          </token>
          <token id="54">
            <word>streamlined</word>
            <lemma>streamline</lemma>
            <CharacterOffsetBegin>890</CharacterOffsetBegin>
            <CharacterOffsetEnd>901</CharacterOffsetEnd>
            <POS>VBN</POS>
            <deprel>advcl</deprel>
            <depreal_head_id>52</depreal_head_id>
            <depreal_head_text>lead</depreal_head_text>
            <ner>O</ner>
          </token>
          <token id="55">
            <word>transport</word>
            <lemma>transport</lemma>
            <CharacterOffsetBegin>902</CharacterOffsetBegin>
            <CharacterOffsetEnd>911</CharacterOffsetEnd>
            <POS>NN</POS>
            <deprel>compound</deprel>
            <depreal_head_id>56</depreal_head_id>
            <depreal_head_text>times</depreal_head_text>
            <ner>O</ner>
          </token>
          <token id="56">
            <word>times</word>
            <lemma>time</lemma>
            <CharacterOffsetBegin>912</CharacterOffsetBegin>
            <CharacterOffsetEnd>917</CharacterOffsetEnd>
            <POS>NNS</POS>
            <deprel>obj</deprel>
            <depreal_head_id>54</depreal_head_id>
            <depreal_head_text>streamlined</depreal_head_text>
            <ner>O</ner>
          </token>
          <token id="57">
            <word>,</word>
            <lemma>,</lemma>
            <CharacterOffsetBegin>917</CharacterOffsetBegin>
            <CharacterOffsetEnd>918</CharacterOffsetEnd>
            <POS>,</POS>
            <deprel>punct</deprel>
            <depreal_head_id>59</depreal_head_id>
            <depreal_head_text>said</depreal_head_text>
            <ner>O</ner>
          </token>
          <token id="58">
            <word>"</word>
            <lemma>&amp;quot;</lemma>
            <CharacterOffsetBegin>918</CharacterOffsetBegin>
            <CharacterOffsetEnd>919</CharacterOffsetEnd>
            <POS>''</POS>
            <deprel>punct</deprel>
            <depreal_head_id>59</depreal_head_id>
            <depreal_head_text>said</depreal_head_text>
            <ner>O</ner>
          </token>
          <token id="59">
            <word>said</word>
            <lemma>say</lemma>
            <CharacterOffsetBegin>920</CharacterOffsetBegin>
            <CharacterOffsetEnd>924</CharacterOffsetEnd>
            <POS>VBD</POS>
            <deprel>conj</deprel>
            <depreal_head_id>52</depreal_head_id>
            <depreal_head_text>lead</depreal_head_text>
            <ner>O</ner>
          </token>
          <token id="60">
            <word>Peter</word>
            <lemma>Peter</lemma>
            <CharacterOffsetBegin>925</CharacterOffsetBegin>
            <CharacterOffsetEnd>930</CharacterOffsetEnd>
            <POS>NNP</POS>
            <deprel>nsubj</deprel>
            <depreal_head_id>59</depreal_head_id>
            <depreal_head_text>said</depreal_head_text>
            <ner>B-PERSON</ner>
          </token>
          <token id="61">
            <word>Gerber</word>
            <lemma>Gerber</lemma>
            <CharacterOffsetBegin>931</CharacterOffsetBegin>
            <CharacterOffsetEnd>937</CharacterOffsetEnd>
            <POS>NNP</POS>
            <deprel>flat</deprel>
            <depreal_head_id>60</depreal_head_id>
            <depreal_head_text>Peter</depreal_head_text>
            <ner>E-PERSON</ner>
          </token>
          <token id="62">
            <word>,</word>
            <lemma>,</lemma>
            <CharacterOffsetBegin>937</CharacterOffsetBegin>
            <CharacterOffsetEnd>938</CharacterOffsetEnd>
            <POS>,</POS>
            <deprel>punct</deprel>
            <depreal_head_id>63</depreal_head_id>
            <depreal_head_text>chairman</depreal_head_text>
            <ner>O</ner>
          </token>
          <token id="63">
            <word>chairman</word>
            <lemma>chairman</lemma>
            <CharacterOffsetBegin>939</CharacterOffsetBegin>
            <CharacterOffsetEnd>947</CharacterOffsetEnd>
            <POS>NN</POS>
            <deprel>conj</deprel>
            <depreal_head_id>61</depreal_head_id>
            <depreal_head_text>Gerber</depreal_head_text>
            <ner>O</ner>
          </token>
          <token id="64">
            <word>and</word>
            <lemma>and</lemma>
            <CharacterOffsetBegin>948</CharacterOffsetBegin>
            <CharacterOffsetEnd>951</CharacterOffsetEnd>
            <POS>CC</POS>
            <deprel>cc</deprel>
            <depreal_head_id>65</depreal_head_id>
            <depreal_head_text>CEO</depreal_head_text>
            <ner>O</ner>
          </token>
          <token id="65">
            <word>CEO</word>
            <lemma>Ceo</lemma>
            <CharacterOffsetBegin>952</CharacterOffsetBegin>
            <CharacterOffsetEnd>955</CharacterOffsetEnd>
            <POS>NNP</POS>
            <deprel>conj</deprel>
            <depreal_head_id>63</depreal_head_id>
            <depreal_head_text>chairman</depreal_head_text>
            <ner>O</ner>
          </token>
          <token id="66">
            <word>of</word>
            <lemma>of</lemma>
            <CharacterOffsetBegin>956</CharacterOffsetBegin>
            <CharacterOffsetEnd>958</CharacterOffsetEnd>
            <POS>IN</POS>
            <deprel>case</deprel>
            <depreal_head_id>68</depreal_head_id>
            <depreal_head_text>Cargo</depreal_head_text>
            <ner>O</ner>
          </token>
          <token id="67">
            <word>Lufthansa</word>
            <lemma>Lufthansa</lemma>
            <CharacterOffsetBegin>959</CharacterOffsetBegin>
            <CharacterOffsetEnd>968</CharacterOffsetEnd>
            <POS>NNP</POS>
            <deprel>nmod</deprel>
            <depreal_head_id>65</depreal_head_id>
            <depreal_head_text>CEO</depreal_head_text>
            <ner>B-ORG</ner>
          </token>
          <token id="68">
            <word>Cargo</word>
            <lemma>cargo</lemma>
            <CharacterOffsetBegin>969</CharacterOffsetBegin>
            <CharacterOffsetEnd>974</CharacterOffsetEnd>
            <POS>NNP</POS>
            <deprel>flat</deprel>
            <depreal_head_id>67</depreal_head_id>
            <depreal_head_text>Lufthansa</depreal_head_text>
            <ner>E-ORG</ner>
          </token>
          <token id="69">
            <word>.</word>
            <lemma>.</lemma>
            <CharacterOffsetBegin>974</CharacterOffsetBegin>
            <CharacterOffsetEnd>975</CharacterOffsetEnd>
            <POS>.</POS>
            <deprel>punct</deprel>
            <depreal_head_id>59</depreal_head_id>
            <depreal_head_text>said</depreal_head_text>
            <ner>O</ner>
          </token>
        </tokens>
      </sentence>
      <sentence section="content" type="bodyText" id="6">
        <tokens>
          <token id="1">
            <word>"</word>
            <lemma>&amp;quot;</lemma>
            <CharacterOffsetBegin>976</CharacterOffsetBegin>
            <CharacterOffsetEnd>977</CharacterOffsetEnd>
            <POS>``</POS>
            <deprel>punct</deprel>
            <depreal_head_id>11</depreal_head_id>
            <depreal_head_text>offer</depreal_head_text>
            <ner>O</ner>
          </token>
          <token id="2">
            <word>Through</word>
            <lemma>through</lemma>
            <CharacterOffsetBegin>977</CharacterOffsetBegin>
            <CharacterOffsetEnd>984</CharacterOffsetEnd>
            <POS>IN</POS>
            <deprel>case</deprel>
            <depreal_head_id>5</depreal_head_id>
            <depreal_head_text>venture</depreal_head_text>
            <ner>O</ner>
          </token>
          <token id="3">
            <word>our</word>
            <lemma>we</lemma>
            <CharacterOffsetBegin>985</CharacterOffsetBegin>
            <CharacterOffsetEnd>988</CharacterOffsetEnd>
            <POS>PRP$</POS>
            <deprel>nmod:poss</deprel>
            <depreal_head_id>5</depreal_head_id>
            <depreal_head_text>venture</depreal_head_text>
            <ner>O</ner>
          </token>
          <token id="4">
            <word>joint</word>
            <lemma>joint</lemma>
            <CharacterOffsetBegin>989</CharacterOffsetBegin>
            <CharacterOffsetEnd>994</CharacterOffsetEnd>
            <POS>JJ</POS>
            <deprel>amod</deprel>
            <depreal_head_id>5</depreal_head_id>
            <depreal_head_text>venture</depreal_head_text>
            <ner>O</ner>
          </token>
          <token id="5">
            <word>venture</word>
            <lemma>venture</lemma>
            <CharacterOffsetBegin>995</CharacterOffsetBegin>
            <CharacterOffsetEnd>1002</CharacterOffsetEnd>
            <POS>NN</POS>
            <deprel>nsubj</deprel>
            <depreal_head_id>11</depreal_head_id>
            <depreal_head_text>offer</depreal_head_text>
            <ner>O</ner>
          </token>
          <token id="6">
            <word>,</word>
            <lemma>,</lemma>
            <CharacterOffsetBegin>1002</CharacterOffsetBegin>
            <CharacterOffsetEnd>1003</CharacterOffsetEnd>
            <POS>,</POS>
            <deprel>punct</deprel>
            <depreal_head_id>7</depreal_head_id>
            <depreal_head_text>United</depreal_head_text>
            <ner>O</ner>
          </token>
          <token id="7">
            <word>United</word>
            <lemma>United</lemma>
            <CharacterOffsetBegin>1004</CharacterOffsetBegin>
            <CharacterOffsetEnd>1010</CharacterOffsetEnd>
            <POS>NNP</POS>
            <deprel>nmod</deprel>
            <depreal_head_id>5</depreal_head_id>
            <depreal_head_text>venture</depreal_head_text>
            <ner>S-ORG</ner>
          </token>
          <token id="8">
            <word>and</word>
            <lemma>and</lemma>
            <CharacterOffsetBegin>1011</CharacterOffsetBegin>
            <CharacterOffsetEnd>1014</CharacterOffsetEnd>
            <POS>CC</POS>
            <deprel>cc</deprel>
            <depreal_head_id>9</depreal_head_id>
            <depreal_head_text>Lufthansa</depreal_head_text>
            <ner>O</ner>
          </token>
          <token id="9">
            <word>Lufthansa</word>
            <lemma>Lufthansa</lemma>
            <CharacterOffsetBegin>1015</CharacterOffsetBegin>
            <CharacterOffsetEnd>1024</CharacterOffsetEnd>
            <POS>NNP</POS>
            <deprel>conj</deprel>
            <depreal_head_id>7</depreal_head_id>
            <depreal_head_text>United</depreal_head_text>
            <ner>B-ORG</ner>
          </token>
          <token id="10">
            <word>Cargo</word>
            <lemma>cargo</lemma>
            <CharacterOffsetBegin>1025</CharacterOffsetBegin>
            <CharacterOffsetEnd>1030</CharacterOffsetEnd>
            <POS>NNP</POS>
            <deprel>conj</deprel>
            <depreal_head_id>7</depreal_head_id>
            <depreal_head_text>United</depreal_head_text>
            <ner>E-ORG</ner>
          </token>
          <token id="11">
            <word>offer</word>
            <lemma>offer</lemma>
            <CharacterOffsetBegin>1031</CharacterOffsetBegin>
            <CharacterOffsetEnd>1036</CharacterOffsetEnd>
            <POS>VBP</POS>
            <deprel>root</deprel>
            <depreal_head_id>0</depreal_head_id>
            <depreal_head_text>root</depreal_head_text>
            <ner>O</ner>
          </token>
          <token id="12">
            <word>transatlantic</word>
            <lemma>transatlantic</lemma>
            <CharacterOffsetBegin>1037</CharacterOffsetBegin>
            <CharacterOffsetEnd>1050</CharacterOffsetEnd>
            <POS>JJ</POS>
            <deprel>amod</deprel>
            <depreal_head_id>13</depreal_head_id>
            <depreal_head_text>shippers</depreal_head_text>
            <ner>O</ner>
          </token>
          <token id="13">
            <word>shippers</word>
            <lemma>shipper</lemma>
            <CharacterOffsetBegin>1051</CharacterOffsetBegin>
            <CharacterOffsetEnd>1059</CharacterOffsetEnd>
            <POS>NNS</POS>
            <deprel>compound</deprel>
            <depreal_head_id>15</depreal_head_id>
            <depreal_head_text>options</depreal_head_text>
            <ner>O</ner>
          </token>
          <token id="14">
            <word>more</word>
            <lemma>much</lemma>
            <CharacterOffsetBegin>1060</CharacterOffsetBegin>
            <CharacterOffsetEnd>1064</CharacterOffsetEnd>
            <POS>JJR</POS>
            <deprel>amod</deprel>
            <depreal_head_id>15</depreal_head_id>
            <depreal_head_text>options</depreal_head_text>
            <ner>O</ner>
          </token>
          <token id="15">
            <word>options</word>
            <lemma>option</lemma>
            <CharacterOffsetBegin>1065</CharacterOffsetBegin>
            <CharacterOffsetEnd>1072</CharacterOffsetEnd>
            <POS>NNS</POS>
            <deprel>obj</deprel>
            <depreal_head_id>11</depreal_head_id>
            <depreal_head_text>offer</depreal_head_text>
            <ner>O</ner>
          </token>
          <token id="16">
            <word>that</word>
            <lemma>that</lemma>
            <CharacterOffsetBegin>1073</CharacterOffsetBegin>
            <CharacterOffsetEnd>1077</CharacterOffsetEnd>
            <POS>WDT</POS>
            <deprel>nsubj</deprel>
            <depreal_head_id>17</depreal_head_id>
            <depreal_head_text>produce</depreal_head_text>
            <ner>O</ner>
          </token>
          <token id="17">
            <word>produce</word>
            <lemma>produce</lemma>
            <CharacterOffsetBegin>1078</CharacterOffsetBegin>
            <CharacterOffsetEnd>1085</CharacterOffsetEnd>
            <POS>VBP</POS>
            <deprel>acl:relcl</deprel>
            <depreal_head_id>15</depreal_head_id>
            <depreal_head_text>options</depreal_head_text>
            <ner>O</ner>
          </token>
          <token id="18">
            <word>these</word>
            <lemma>this</lemma>
            <CharacterOffsetBegin>1086</CharacterOffsetBegin>
            <CharacterOffsetEnd>1091</CharacterOffsetEnd>
            <POS>DT</POS>
            <deprel>det</deprel>
            <depreal_head_id>19</depreal_head_id>
            <depreal_head_text>benefits</depreal_head_text>
            <ner>O</ner>
          </token>
          <token id="19">
            <word>benefits</word>
            <lemma>benefit</lemma>
            <CharacterOffsetBegin>1092</CharacterOffsetBegin>
            <CharacterOffsetEnd>1100</CharacterOffsetEnd>
            <POS>NNS</POS>
            <deprel>obj</deprel>
            <depreal_head_id>17</depreal_head_id>
            <depreal_head_text>produce</depreal_head_text>
            <ner>O</ner>
          </token>
          <token id="20">
            <word>–</word>
            <lemma>–</lemma>
            <CharacterOffsetBegin>1101</CharacterOffsetBegin>
            <CharacterOffsetEnd>1102</CharacterOffsetEnd>
            <POS>:</POS>
            <deprel>punct</deprel>
            <depreal_head_id>21</depreal_head_id>
            <depreal_head_text>including</depreal_head_text>
            <ner>O</ner>
          </token>
          <token id="21">
            <word>including</word>
            <lemma>include</lemma>
            <CharacterOffsetBegin>1103</CharacterOffsetBegin>
            <CharacterOffsetEnd>1112</CharacterOffsetEnd>
            <POS>VBG</POS>
            <deprel>xcomp</deprel>
            <depreal_head_id>17</depreal_head_id>
            <depreal_head_text>produce</depreal_head_text>
            <ner>O</ner>
          </token>
          <token id="22">
            <word>increased</word>
            <lemma>increase</lemma>
            <CharacterOffsetBegin>1113</CharacterOffsetBegin>
            <CharacterOffsetEnd>1122</CharacterOffsetEnd>
            <POS>VBN</POS>
            <deprel>xcomp</deprel>
            <depreal_head_id>21</depreal_head_id>
            <depreal_head_text>including</depreal_head_text>
            <ner>O</ner>
          </token>
          <token id="23">
            <word>frequencies</word>
            <lemma>frequency</lemma>
            <CharacterOffsetBegin>1123</CharacterOffsetBegin>
            <CharacterOffsetEnd>1134</CharacterOffsetEnd>
            <POS>NNS</POS>
            <deprel>obj</deprel>
            <depreal_head_id>22</depreal_head_id>
            <depreal_head_text>increased</depreal_head_text>
            <ner>O</ner>
          </token>
          <token id="24">
            <word>on</word>
            <lemma>on</lemma>
            <CharacterOffsetBegin>1135</CharacterOffsetBegin>
            <CharacterOffsetEnd>1137</CharacterOffsetEnd>
            <POS>IN</POS>
            <deprel>case</deprel>
            <depreal_head_id>27</depreal_head_id>
            <depreal_head_text>network</depreal_head_text>
            <ner>O</ner>
          </token>
          <token id="25">
            <word>a</word>
            <lemma>a</lemma>
            <CharacterOffsetBegin>1138</CharacterOffsetBegin>
            <CharacterOffsetEnd>1139</CharacterOffsetEnd>
            <POS>DT</POS>
            <deprel>det</deprel>
            <depreal_head_id>27</depreal_head_id>
            <depreal_head_text>network</depreal_head_text>
            <ner>O</ner>
          </token>
          <token id="26">
            <word>combined</word>
            <lemma>combine</lemma>
            <CharacterOffsetBegin>1140</CharacterOffsetBegin>
            <CharacterOffsetEnd>1148</CharacterOffsetEnd>
            <POS>VBN</POS>
            <deprel>compound</deprel>
            <depreal_head_id>27</depreal_head_id>
            <depreal_head_text>network</depreal_head_text>
            <ner>O</ner>
          </token>
          <token id="27">
            <word>network</word>
            <lemma>network</lemma>
            <CharacterOffsetBegin>1149</CharacterOffsetBegin>
            <CharacterOffsetEnd>1156</CharacterOffsetEnd>
            <POS>NN</POS>
            <deprel>obl</deprel>
            <depreal_head_id>22</depreal_head_id>
            <depreal_head_text>increased</depreal_head_text>
            <ner>O</ner>
          </token>
          <token id="28">
            <word>accessible</word>
            <lemma>accessible</lemma>
            <CharacterOffsetBegin>1157</CharacterOffsetBegin>
            <CharacterOffsetEnd>1167</CharacterOffsetEnd>
            <POS>JJ</POS>
            <deprel>amod</deprel>
            <depreal_head_id>27</depreal_head_id>
            <depreal_head_text>network</depreal_head_text>
            <ner>O</ner>
          </token>
          <token id="29">
            <word>through</word>
            <lemma>through</lemma>
            <CharacterOffsetBegin>1168</CharacterOffsetBegin>
            <CharacterOffsetEnd>1175</CharacterOffsetEnd>
            <POS>IN</POS>
            <deprel>case</deprel>
            <depreal_head_id>34</depreal_head_id>
            <depreal_head_text>channels</depreal_head_text>
            <ner>O</ner>
          </token>
          <token id="30">
            <word>either</word>
            <lemma>either</lemma>
            <CharacterOffsetBegin>1176</CharacterOffsetBegin>
            <CharacterOffsetEnd>1182</CharacterOffsetEnd>
            <POS>DT</POS>
            <deprel>det</deprel>
            <depreal_head_id>31</depreal_head_id>
            <depreal_head_text>partner</depreal_head_text>
            <ner>O</ner>
          </token>
          <token id="31">
            <word>partner</word>
            <lemma>partner</lemma>
            <CharacterOffsetBegin>1183</CharacterOffsetBegin>
            <CharacterOffsetEnd>1190</CharacterOffsetEnd>
            <POS>NN</POS>
            <deprel>nmod:poss</deprel>
            <depreal_head_id>34</depreal_head_id>
            <depreal_head_text>channels</depreal_head_text>
            <ner>O</ner>
          </token>
          <token id="32">
            <word>'s</word>
            <lemma>'s</lemma>
            <CharacterOffsetBegin>1190</CharacterOffsetBegin>
            <CharacterOffsetEnd>1192</CharacterOffsetEnd>
            <POS>POS</POS>
            <deprel>case</deprel>
            <depreal_head_id>31</depreal_head_id>
            <depreal_head_text>partner</depreal_head_text>
            <ner>O</ner>
          </token>
          <token id="33">
            <word>booking</word>
            <lemma>book</lemma>
            <CharacterOffsetBegin>1193</CharacterOffsetBegin>
            <CharacterOffsetEnd>1200</CharacterOffsetEnd>
            <POS>VBG</POS>
            <deprel>compound</deprel>
            <depreal_head_id>34</depreal_head_id>
            <depreal_head_text>channels</depreal_head_text>
            <ner>O</ner>
          </token>
          <token id="34">
            <word>channels</word>
            <lemma>channel</lemma>
            <CharacterOffsetBegin>1201</CharacterOffsetBegin>
            <CharacterOffsetEnd>1209</CharacterOffsetEnd>
            <POS>NNS</POS>
            <deprel>nmod</deprel>
            <depreal_head_id>28</depreal_head_id>
            <depreal_head_text>accessible</depreal_head_text>
            <ner>O</ner>
          </token>
          <token id="35">
            <word>.</word>
            <lemma>.</lemma>
            <CharacterOffsetBegin>1209</CharacterOffsetBegin>
            <CharacterOffsetEnd>1210</CharacterOffsetEnd>
            <POS>.</POS>
            <deprel>punct</deprel>
            <depreal_head_id>42</depreal_head_id>
            <depreal_head_text>deliver</depreal_head_text>
            <ner>O</ner>
          </token>
          <token id="36">
            <word>Our</word>
            <lemma>we</lemma>
            <CharacterOffsetBegin>1211</CharacterOffsetBegin>
            <CharacterOffsetEnd>1214</CharacterOffsetEnd>
            <POS>PRP$</POS>
            <deprel>nsubj</deprel>
            <depreal_head_id>37</depreal_head_id>
            <depreal_head_text>aligned</depreal_head_text>
            <ner>O</ner>
          </token>
          <token id="37">
            <word>aligned</word>
            <lemma>align</lemma>
            <CharacterOffsetBegin>1215</CharacterOffsetBegin>
            <CharacterOffsetEnd>1222</CharacterOffsetEnd>
            <POS>VBN</POS>
            <deprel>appos</deprel>
            <depreal_head_id>34</depreal_head_id>
            <depreal_head_text>channels</depreal_head_text>
            <ner>O</ner>
          </token>
          <token id="38">
            <word>teams</word>
            <lemma>team</lemma>
            <CharacterOffsetBegin>1223</CharacterOffsetBegin>
            <CharacterOffsetEnd>1228</CharacterOffsetEnd>
            <POS>NNS</POS>
            <deprel>obj</deprel>
            <depreal_head_id>37</depreal_head_id>
            <depreal_head_text>aligned</depreal_head_text>
            <ner>O</ner>
          </token>
          <token id="39">
            <word>and</word>
            <lemma>and</lemma>
            <CharacterOffsetBegin>1229</CharacterOffsetBegin>
            <CharacterOffsetEnd>1232</CharacterOffsetEnd>
            <POS>CC</POS>
            <deprel>cc</deprel>
            <depreal_head_id>40</depreal_head_id>
            <depreal_head_text>processes</depreal_head_text>
            <ner>O</ner>
          </token>
          <token id="40">
            <word>processes</word>
            <lemma>process</lemma>
            <CharacterOffsetBegin>1233</CharacterOffsetBegin>
            <CharacterOffsetEnd>1242</CharacterOffsetEnd>
            <POS>NNS</POS>
            <deprel>conj</deprel>
            <depreal_head_id>38</depreal_head_id>
            <depreal_head_text>teams</depreal_head_text>
            <ner>O</ner>
          </token>
          <token id="41">
            <word>also</word>
            <lemma>also</lemma>
            <CharacterOffsetBegin>1243</CharacterOffsetBegin>
            <CharacterOffsetEnd>1247</CharacterOffsetEnd>
            <POS>RB</POS>
            <deprel>advmod</deprel>
            <depreal_head_id>42</depreal_head_id>
            <depreal_head_text>deliver</depreal_head_text>
            <ner>O</ner>
          </token>
          <token id="42">
            <word>deliver</word>
            <lemma>deliver</lemma>
            <CharacterOffsetBegin>1248</CharacterOffsetBegin>
            <CharacterOffsetEnd>1255</CharacterOffsetEnd>
            <POS>VBP</POS>
            <deprel>conj</deprel>
            <depreal_head_id>37</depreal_head_id>
            <depreal_head_text>aligned</depreal_head_text>
            <ner>O</ner>
          </token>
          <token id="43">
            <word>the</word>
            <lemma>the</lemma>
            <CharacterOffsetBegin>1256</CharacterOffsetBegin>
            <CharacterOffsetEnd>1259</CharacterOffsetEnd>
            <POS>DT</POS>
            <deprel>det</deprel>
            <depreal_head_id>46</depreal_head_id>
            <depreal_head_text>quality</depreal_head_text>
            <ner>O</ner>
          </token>
          <token id="44">
            <word>superior</word>
            <lemma>superior</lemma>
            <CharacterOffsetBegin>1260</CharacterOffsetBegin>
            <CharacterOffsetEnd>1268</CharacterOffsetEnd>
            <POS>JJ</POS>
            <deprel>amod</deprel>
            <depreal_head_id>45</depreal_head_id>
            <depreal_head_text>service</depreal_head_text>
            <ner>O</ner>
          </token>
          <token id="45">
            <word>service</word>
            <lemma>service</lemma>
            <CharacterOffsetBegin>1269</CharacterOffsetBegin>
            <CharacterOffsetEnd>1276</CharacterOffsetEnd>
            <POS>NN</POS>
            <deprel>compound</deprel>
            <depreal_head_id>46</depreal_head_id>
            <depreal_head_text>quality</depreal_head_text>
            <ner>O</ner>
          </token>
          <token id="46">
            <word>quality</word>
            <lemma>quality</lemma>
            <CharacterOffsetBegin>1277</CharacterOffsetBegin>
            <CharacterOffsetEnd>1284</CharacterOffsetEnd>
            <POS>NN</POS>
            <deprel>obj</deprel>
            <depreal_head_id>42</depreal_head_id>
            <depreal_head_text>deliver</depreal_head_text>
            <ner>O</ner>
          </token>
          <token id="47">
            <word>essential</word>
            <lemma>essential</lemma>
            <CharacterOffsetBegin>1285</CharacterOffsetBegin>
            <CharacterOffsetEnd>1294</CharacterOffsetEnd>
            <POS>JJ</POS>
            <deprel>amod</deprel>
            <depreal_head_id>46</depreal_head_id>
            <depreal_head_text>quality</depreal_head_text>
            <ner>O</ner>
          </token>
          <token id="48">
            <word>to</word>
            <lemma>to</lemma>
            <CharacterOffsetBegin>1295</CharacterOffsetBegin>
            <CharacterOffsetEnd>1297</CharacterOffsetEnd>
            <POS>TO</POS>
            <deprel>case</deprel>
            <depreal_head_id>52</depreal_head_id>
            <depreal_head_text>success</depreal_head_text>
            <ner>O</ner>
          </token>
          <token id="49">
            <word>our</word>
            <lemma>we</lemma>
            <CharacterOffsetBegin>1298</CharacterOffsetBegin>
            <CharacterOffsetEnd>1301</CharacterOffsetEnd>
            <POS>PRP$</POS>
            <deprel>nmod:poss</deprel>
            <depreal_head_id>50</depreal_head_id>
            <depreal_head_text>customers</depreal_head_text>
            <ner>O</ner>
          </token>
          <token id="50">
            <word>customers</word>
            <lemma>customer</lemma>
            <CharacterOffsetBegin>1302</CharacterOffsetBegin>
            <CharacterOffsetEnd>1311</CharacterOffsetEnd>
            <POS>NNS</POS>
            <deprel>nmod:poss</deprel>
            <depreal_head_id>52</depreal_head_id>
            <depreal_head_text>success</depreal_head_text>
            <ner>O</ner>
          </token>
          <token id="51">
            <word>'</word>
            <lemma>'s</lemma>
            <CharacterOffsetBegin>1311</CharacterOffsetBegin>
            <CharacterOffsetEnd>1312</CharacterOffsetEnd>
            <POS>POS</POS>
            <deprel>case</deprel>
            <depreal_head_id>50</depreal_head_id>
            <depreal_head_text>customers</depreal_head_text>
            <ner>O</ner>
          </token>
          <token id="52">
            <word>success</word>
            <lemma>success</lemma>
            <CharacterOffsetBegin>1313</CharacterOffsetBegin>
            <CharacterOffsetEnd>1320</CharacterOffsetEnd>
            <POS>NN</POS>
            <deprel>nmod</deprel>
            <depreal_head_id>47</depreal_head_id>
            <depreal_head_text>essential</depreal_head_text>
            <ner>O</ner>
          </token>
          <token id="53">
            <word>,</word>
            <lemma>,</lemma>
            <CharacterOffsetBegin>1320</CharacterOffsetBegin>
            <CharacterOffsetEnd>1321</CharacterOffsetEnd>
            <POS>,</POS>
            <deprel>punct</deprel>
            <depreal_head_id>55</depreal_head_id>
            <depreal_head_text>said</depreal_head_text>
            <ner>O</ner>
          </token>
          <token id="54">
            <word>"</word>
            <lemma>&amp;quot;</lemma>
            <CharacterOffsetBegin>1321</CharacterOffsetBegin>
            <CharacterOffsetEnd>1322</CharacterOffsetEnd>
            <POS>''</POS>
            <deprel>punct</deprel>
            <depreal_head_id>55</depreal_head_id>
            <depreal_head_text>said</depreal_head_text>
            <ner>O</ner>
          </token>
          <token id="55">
            <word>said</word>
            <lemma>say</lemma>
            <CharacterOffsetBegin>1323</CharacterOffsetBegin>
            <CharacterOffsetEnd>1327</CharacterOffsetEnd>
            <POS>VBD</POS>
            <deprel>parataxis</deprel>
            <depreal_head_id>42</depreal_head_id>
            <depreal_head_text>deliver</depreal_head_text>
            <ner>O</ner>
          </token>
          <token id="56">
            <word>Jan</word>
            <lemma>Jan</lemma>
            <CharacterOffsetBegin>1328</CharacterOffsetBegin>
            <CharacterOffsetEnd>1331</CharacterOffsetEnd>
            <POS>NNP</POS>
            <deprel>nsubj</deprel>
            <depreal_head_id>55</depreal_head_id>
            <depreal_head_text>said</depreal_head_text>
            <ner>B-PERSON</ner>
          </token>
          <token id="57">
            <word>Krems</word>
            <lemma>Krems</lemma>
            <CharacterOffsetBegin>1332</CharacterOffsetBegin>
            <CharacterOffsetEnd>1337</CharacterOffsetEnd>
            <POS>NNP</POS>
            <deprel>flat</deprel>
            <depreal_head_id>56</depreal_head_id>
            <depreal_head_text>Jan</depreal_head_text>
            <ner>E-PERSON</ner>
          </token>
          <token id="58">
            <word>,</word>
            <lemma>,</lemma>
            <CharacterOffsetBegin>1337</CharacterOffsetBegin>
            <CharacterOffsetEnd>1338</CharacterOffsetEnd>
            <POS>,</POS>
            <deprel>punct</deprel>
            <depreal_head_id>59</depreal_head_id>
            <depreal_head_text>president</depreal_head_text>
            <ner>O</ner>
          </token>
          <token id="59">
            <word>president</word>
            <lemma>president</lemma>
            <CharacterOffsetBegin>1339</CharacterOffsetBegin>
            <CharacterOffsetEnd>1348</CharacterOffsetEnd>
            <POS>NN</POS>
            <deprel>conj</deprel>
            <depreal_head_id>57</depreal_head_id>
            <depreal_head_text>Krems</depreal_head_text>
            <ner>O</ner>
          </token>
          <token id="60">
            <word>,</word>
            <lemma>,</lemma>
            <CharacterOffsetBegin>1348</CharacterOffsetBegin>
            <CharacterOffsetEnd>1349</CharacterOffsetEnd>
            <POS>,</POS>
            <deprel>punct</deprel>
            <depreal_head_id>59</depreal_head_id>
            <depreal_head_text>president</depreal_head_text>
            <ner>O</ner>
          </token>
          <token id="61">
            <word>United</word>
            <lemma>United</lemma>
            <CharacterOffsetBegin>1350</CharacterOffsetBegin>
            <CharacterOffsetEnd>1356</CharacterOffsetEnd>
            <POS>NNP</POS>
            <deprel>conj</deprel>
            <depreal_head_id>57</depreal_head_id>
            <depreal_head_text>Krems</depreal_head_text>
            <ner>B-ORG</ner>
          </token>
          <token id="62">
            <word>Cargo</word>
            <lemma>cargo</lemma>
            <CharacterOffsetBegin>1357</CharacterOffsetBegin>
            <CharacterOffsetEnd>1362</CharacterOffsetEnd>
            <POS>NNP</POS>
            <deprel>flat</deprel>
            <depreal_head_id>61</depreal_head_id>
            <depreal_head_text>United</depreal_head_text>
            <ner>E-ORG</ner>
          </token>
          <token id="63">
            <word>.</word>
            <lemma>.</lemma>
            <CharacterOffsetBegin>1362</CharacterOffsetBegin>
            <CharacterOffsetEnd>1363</CharacterOffsetEnd>
            <POS>.</POS>
            <deprel>punct</deprel>
            <depreal_head_id>55</depreal_head_id>
            <depreal_head_text>said</depreal_head_text>
            <ner>O</ner>
          </token>
        </tokens>
      </sentence>
    </sentences>
  </document>
</root>
