<root>
  <document>
    <sentences>
      <sentence section="title" type="title" id="1">
        <tokens>
          <token id="1">
            <word>Geodis</word>
            <lemma>Geodis</lemma>
            <CharacterOffsetBegin>0</CharacterOffsetBegin>
            <CharacterOffsetEnd>6</CharacterOffsetEnd>
            <POS>NNP</POS>
            <deprel>nsubj</deprel>
            <depreal_head_id>2</depreal_head_id>
            <depreal_head_text>offers</depreal_head_text>
            <ner>S-ORG</ner>
          </token>
          <token id="2">
            <word>offers</word>
            <lemma>offer</lemma>
            <CharacterOffsetBegin>7</CharacterOffsetBegin>
            <CharacterOffsetEnd>13</CharacterOffsetEnd>
            <POS>VBZ</POS>
            <deprel>root</deprel>
            <depreal_head_id>0</depreal_head_id>
            <depreal_head_text>root</depreal_head_text>
            <ner>O</ner>
          </token>
          <token id="3">
            <word>online</word>
            <lemma>online</lemma>
            <CharacterOffsetBegin>14</CharacterOffsetBegin>
            <CharacterOffsetEnd>20</CharacterOffsetEnd>
            <POS>JJ</POS>
            <deprel>amod</deprel>
            <depreal_head_id>4</depreal_head_id>
            <depreal_head_text>quotes</depreal_head_text>
            <ner>O</ner>
          </token>
          <token id="4">
            <word>quotes</word>
            <lemma>quote</lemma>
            <CharacterOffsetBegin>21</CharacterOffsetBegin>
            <CharacterOffsetEnd>27</CharacterOffsetEnd>
            <POS>NNS</POS>
            <deprel>obj</deprel>
            <depreal_head_id>2</depreal_head_id>
            <depreal_head_text>offers</depreal_head_text>
            <ner>O</ner>
          </token>
          <token id="5">
            <word>and</word>
            <lemma>and</lemma>
            <CharacterOffsetBegin>28</CharacterOffsetBegin>
            <CharacterOffsetEnd>31</CharacterOffsetEnd>
            <POS>CC</POS>
            <deprel>cc</deprel>
            <depreal_head_id>6</depreal_head_id>
            <depreal_head_text>bookings</depreal_head_text>
            <ner>O</ner>
          </token>
          <token id="6">
            <word>bookings</word>
            <lemma>booking</lemma>
            <CharacterOffsetBegin>32</CharacterOffsetBegin>
            <CharacterOffsetEnd>40</CharacterOffsetEnd>
            <POS>NNS</POS>
            <deprel>conj</deprel>
            <depreal_head_id>4</depreal_head_id>
            <depreal_head_text>quotes</depreal_head_text>
            <ner>O</ner>
          </token>
        </tokens>
      </sentence>
      <sentence section="content" type="bodyText" id="2">
        <tokens>
          <token id="1">
            <word>French</word>
            <lemma>french</lemma>
            <CharacterOffsetBegin>41</CharacterOffsetBegin>
            <CharacterOffsetEnd>47</CharacterOffsetEnd>
            <POS>JJ</POS>
            <deprel>amod</deprel>
            <depreal_head_id>4</depreal_head_id>
            <depreal_head_text>Geodis</depreal_head_text>
            <ner>S-NORP</ner>
          </token>
          <token id="2">
            <word>freight</word>
            <lemma>freight</lemma>
            <CharacterOffsetBegin>48</CharacterOffsetBegin>
            <CharacterOffsetEnd>55</CharacterOffsetEnd>
            <POS>NN</POS>
            <deprel>compound</deprel>
            <depreal_head_id>3</depreal_head_id>
            <depreal_head_text>forwarder</depreal_head_text>
            <ner>O</ner>
          </token>
          <token id="3">
            <word>forwarder</word>
            <lemma>forwarder</lemma>
            <CharacterOffsetBegin>56</CharacterOffsetBegin>
            <CharacterOffsetEnd>65</CharacterOffsetEnd>
            <POS>NN</POS>
            <deprel>compound</deprel>
            <depreal_head_id>4</depreal_head_id>
            <depreal_head_text>Geodis</depreal_head_text>
            <ner>O</ner>
          </token>
          <token id="4">
            <word>Geodis</word>
            <lemma>Geodis</lemma>
            <CharacterOffsetBegin>66</CharacterOffsetBegin>
            <CharacterOffsetEnd>72</CharacterOffsetEnd>
            <POS>NNP</POS>
            <deprel>nsubj</deprel>
            <depreal_head_id>6</depreal_head_id>
            <depreal_head_text>begun</depreal_head_text>
            <ner>S-ORG</ner>
          </token>
          <token id="5">
            <word>has</word>
            <lemma>have</lemma>
            <CharacterOffsetBegin>73</CharacterOffsetBegin>
            <CharacterOffsetEnd>76</CharacterOffsetEnd>
            <POS>VBZ</POS>
            <deprel>aux</deprel>
            <depreal_head_id>6</depreal_head_id>
            <depreal_head_text>begun</depreal_head_text>
            <ner>O</ner>
          </token>
          <token id="6">
            <word>begun</word>
            <lemma>begin</lemma>
            <CharacterOffsetBegin>77</CharacterOffsetBegin>
            <CharacterOffsetEnd>82</CharacterOffsetEnd>
            <POS>VBN</POS>
            <deprel>root</deprel>
            <depreal_head_id>0</depreal_head_id>
            <depreal_head_text>root</depreal_head_text>
            <ner>O</ner>
          </token>
          <token id="7">
            <word>offering</word>
            <lemma>offer</lemma>
            <CharacterOffsetBegin>83</CharacterOffsetBegin>
            <CharacterOffsetEnd>91</CharacterOffsetEnd>
            <POS>VBG</POS>
            <deprel>xcomp</deprel>
            <depreal_head_id>6</depreal_head_id>
            <depreal_head_text>begun</depreal_head_text>
            <ner>O</ner>
          </token>
          <token id="8">
            <word>online</word>
            <lemma>online</lemma>
            <CharacterOffsetBegin>92</CharacterOffsetBegin>
            <CharacterOffsetEnd>98</CharacterOffsetEnd>
            <POS>JJ</POS>
            <deprel>amod</deprel>
            <depreal_head_id>9</depreal_head_id>
            <depreal_head_text>quotations</depreal_head_text>
            <ner>O</ner>
          </token>
          <token id="9">
            <word>quotations</word>
            <lemma>quotation</lemma>
            <CharacterOffsetBegin>99</CharacterOffsetBegin>
            <CharacterOffsetEnd>109</CharacterOffsetEnd>
            <POS>NNS</POS>
            <deprel>obj</deprel>
            <depreal_head_id>7</depreal_head_id>
            <depreal_head_text>offering</depreal_head_text>
            <ner>O</ner>
          </token>
          <token id="10">
            <word>and</word>
            <lemma>and</lemma>
            <CharacterOffsetBegin>110</CharacterOffsetBegin>
            <CharacterOffsetEnd>113</CharacterOffsetEnd>
            <POS>CC</POS>
            <deprel>cc</deprel>
            <depreal_head_id>11</depreal_head_id>
            <depreal_head_text>bookings</depreal_head_text>
            <ner>O</ner>
          </token>
          <token id="11">
            <word>bookings</word>
            <lemma>booking</lemma>
            <CharacterOffsetBegin>114</CharacterOffsetBegin>
            <CharacterOffsetEnd>122</CharacterOffsetEnd>
            <POS>NNS</POS>
            <deprel>conj</deprel>
            <depreal_head_id>9</depreal_head_id>
            <depreal_head_text>quotations</depreal_head_text>
            <ner>O</ner>
          </token>
          <token id="12">
            <word>for</word>
            <lemma>for</lemma>
            <CharacterOffsetBegin>123</CharacterOffsetBegin>
            <CharacterOffsetEnd>126</CharacterOffsetEnd>
            <POS>IN</POS>
            <deprel>case</deprel>
            <depreal_head_id>13</depreal_head_id>
            <depreal_head_text>air</depreal_head_text>
            <ner>O</ner>
          </token>
          <token id="13">
            <word>air</word>
            <lemma>air</lemma>
            <CharacterOffsetBegin>127</CharacterOffsetBegin>
            <CharacterOffsetEnd>130</CharacterOffsetEnd>
            <POS>NN</POS>
            <deprel>nmod</deprel>
            <depreal_head_id>9</depreal_head_id>
            <depreal_head_text>quotations</depreal_head_text>
            <ner>O</ner>
          </token>
          <token id="14">
            <word>and</word>
            <lemma>and</lemma>
            <CharacterOffsetBegin>131</CharacterOffsetBegin>
            <CharacterOffsetEnd>134</CharacterOffsetEnd>
            <POS>CC</POS>
            <deprel>cc</deprel>
            <depreal_head_id>16</depreal_head_id>
            <depreal_head_text>shipments</depreal_head_text>
            <ner>O</ner>
          </token>
          <token id="15">
            <word>ocean</word>
            <lemma>ocean</lemma>
            <CharacterOffsetBegin>135</CharacterOffsetBegin>
            <CharacterOffsetEnd>140</CharacterOffsetEnd>
            <POS>JJ</POS>
            <deprel>amod</deprel>
            <depreal_head_id>16</depreal_head_id>
            <depreal_head_text>shipments</depreal_head_text>
            <ner>O</ner>
          </token>
          <token id="16">
            <word>shipments</word>
            <lemma>shipment</lemma>
            <CharacterOffsetBegin>141</CharacterOffsetBegin>
            <CharacterOffsetEnd>150</CharacterOffsetEnd>
            <POS>NNS</POS>
            <deprel>conj</deprel>
            <depreal_head_id>9</depreal_head_id>
            <depreal_head_text>quotations</depreal_head_text>
            <ner>O</ner>
          </token>
          <token id="17">
            <word>via</word>
            <lemma>via</lemma>
            <CharacterOffsetBegin>151</CharacterOffsetBegin>
            <CharacterOffsetEnd>154</CharacterOffsetEnd>
            <POS>IN</POS>
            <deprel>case</deprel>
            <depreal_head_id>22</depreal_head_id>
            <depreal_head_text>System</depreal_head_text>
            <ner>O</ner>
          </token>
          <token id="18">
            <word>its</word>
            <lemma>it</lemma>
            <CharacterOffsetBegin>155</CharacterOffsetBegin>
            <CharacterOffsetEnd>158</CharacterOffsetEnd>
            <POS>PRP$</POS>
            <deprel>nmod:poss</deprel>
            <depreal_head_id>22</depreal_head_id>
            <depreal_head_text>System</depreal_head_text>
            <ner>O</ner>
          </token>
          <token id="19">
            <word>Intelligent</word>
            <lemma>intelligent</lemma>
            <CharacterOffsetBegin>159</CharacterOffsetBegin>
            <CharacterOffsetEnd>170</CharacterOffsetEnd>
            <POS>JJ</POS>
            <deprel>amod</deprel>
            <depreal_head_id>22</depreal_head_id>
            <depreal_head_text>System</depreal_head_text>
            <ner>B-PRODUCT</ner>
          </token>
          <token id="20">
            <word>Real-time</word>
            <lemma>real-time</lemma>
            <CharacterOffsetBegin>171</CharacterOffsetBegin>
            <CharacterOffsetEnd>180</CharacterOffsetEnd>
            <POS>JJ</POS>
            <deprel>amod</deprel>
            <depreal_head_id>21</depreal_head_id>
            <depreal_head_text>Information</depreal_head_text>
            <ner>I-PRODUCT</ner>
          </token>
          <token id="21">
            <word>Information</word>
            <lemma>information</lemma>
            <CharacterOffsetBegin>181</CharacterOffsetBegin>
            <CharacterOffsetEnd>192</CharacterOffsetEnd>
            <POS>NN</POS>
            <deprel>compound</deprel>
            <depreal_head_id>22</depreal_head_id>
            <depreal_head_text>System</depreal_head_text>
            <ner>I-PRODUCT</ner>
          </token>
          <token id="22">
            <word>System</word>
            <lemma>system</lemma>
            <CharacterOffsetBegin>193</CharacterOffsetBegin>
            <CharacterOffsetEnd>199</CharacterOffsetEnd>
            <POS>NN</POS>
            <deprel>nmod</deprel>
            <depreal_head_id>16</depreal_head_id>
            <depreal_head_text>shipments</depreal_head_text>
            <ner>I-PRODUCT</ner>
          </token>
          <token id="23">
            <word>–</word>
            <lemma>–</lemma>
            <CharacterOffsetBegin>200</CharacterOffsetBegin>
            <CharacterOffsetEnd>201</CharacterOffsetEnd>
            <POS>:</POS>
            <deprel>punct</deprel>
            <depreal_head_id>24</depreal_head_id>
            <depreal_head_text>IRIS</depreal_head_text>
            <ner>I-PRODUCT</ner>
          </token>
          <token id="24">
            <word>IRIS</word>
            <lemma>IRIS</lemma>
            <CharacterOffsetBegin>202</CharacterOffsetBegin>
            <CharacterOffsetEnd>206</CharacterOffsetEnd>
            <POS>NNP</POS>
            <deprel>nmod</deprel>
            <depreal_head_id>22</depreal_head_id>
            <depreal_head_text>System</depreal_head_text>
            <ner>E-PRODUCT</ner>
          </token>
          <token id="25">
            <word>.</word>
            <lemma>.</lemma>
            <CharacterOffsetBegin>206</CharacterOffsetBegin>
            <CharacterOffsetEnd>207</CharacterOffsetEnd>
            <POS>.</POS>
            <deprel>punct</deprel>
            <depreal_head_id>24</depreal_head_id>
            <depreal_head_text>IRIS</depreal_head_text>
            <ner>O</ner>
          </token>
          <token id="26">
            <word>The</word>
            <lemma>the</lemma>
            <CharacterOffsetBegin>208</CharacterOffsetBegin>
            <CharacterOffsetEnd>211</CharacterOffsetEnd>
            <POS>DT</POS>
            <deprel>det</deprel>
            <depreal_head_id>28</depreal_head_id>
            <depreal_head_text>features</depreal_head_text>
            <ner>O</ner>
          </token>
          <token id="27">
            <word>new</word>
            <lemma>new</lemma>
            <CharacterOffsetBegin>212</CharacterOffsetBegin>
            <CharacterOffsetEnd>215</CharacterOffsetEnd>
            <POS>JJ</POS>
            <deprel>amod</deprel>
            <depreal_head_id>28</depreal_head_id>
            <depreal_head_text>features</depreal_head_text>
            <ner>O</ner>
          </token>
          <token id="28">
            <word>features</word>
            <lemma>feature</lemma>
            <CharacterOffsetBegin>216</CharacterOffsetBegin>
            <CharacterOffsetEnd>224</CharacterOffsetEnd>
            <POS>NNS</POS>
            <deprel>conj</deprel>
            <depreal_head_id>9</depreal_head_id>
            <depreal_head_text>quotations</depreal_head_text>
            <ner>O</ner>
          </token>
          <token id="29">
            <word>of</word>
            <lemma>of</lemma>
            <CharacterOffsetBegin>225</CharacterOffsetBegin>
            <CharacterOffsetEnd>227</CharacterOffsetEnd>
            <POS>IN</POS>
            <deprel>case</deprel>
            <depreal_head_id>31</depreal_head_id>
            <depreal_head_text>system</depreal_head_text>
            <ner>O</ner>
          </token>
          <token id="30">
            <word>the</word>
            <lemma>the</lemma>
            <CharacterOffsetBegin>228</CharacterOffsetBegin>
            <CharacterOffsetEnd>231</CharacterOffsetEnd>
            <POS>DT</POS>
            <deprel>det</deprel>
            <depreal_head_id>31</depreal_head_id>
            <depreal_head_text>system</depreal_head_text>
            <ner>O</ner>
          </token>
          <token id="31">
            <word>system</word>
            <lemma>system</lemma>
            <CharacterOffsetBegin>232</CharacterOffsetBegin>
            <CharacterOffsetEnd>238</CharacterOffsetEnd>
            <POS>NN</POS>
            <deprel>nmod</deprel>
            <depreal_head_id>28</depreal_head_id>
            <depreal_head_text>features</depreal_head_text>
            <ner>O</ner>
          </token>
          <token id="32">
            <word>,</word>
            <lemma>,</lemma>
            <CharacterOffsetBegin>238</CharacterOffsetBegin>
            <CharacterOffsetEnd>239</CharacterOffsetEnd>
            <POS>,</POS>
            <deprel>punct</deprel>
            <depreal_head_id>34</depreal_head_id>
            <depreal_head_text>automate</depreal_head_text>
            <ner>O</ner>
          </token>
          <token id="33">
            <word>which</word>
            <lemma>which</lemma>
            <CharacterOffsetBegin>240</CharacterOffsetBegin>
            <CharacterOffsetEnd>245</CharacterOffsetEnd>
            <POS>WDT</POS>
            <deprel>nsubj</deprel>
            <depreal_head_id>34</depreal_head_id>
            <depreal_head_text>automate</depreal_head_text>
            <ner>O</ner>
          </token>
          <token id="34">
            <word>automate</word>
            <lemma>automate</lemma>
            <CharacterOffsetBegin>246</CharacterOffsetBegin>
            <CharacterOffsetEnd>254</CharacterOffsetEnd>
            <POS>VBP</POS>
            <deprel>acl:relcl</deprel>
            <depreal_head_id>28</depreal_head_id>
            <depreal_head_text>features</depreal_head_text>
            <ner>O</ner>
          </token>
          <token id="35">
            <word>key</word>
            <lemma>key</lemma>
            <CharacterOffsetBegin>255</CharacterOffsetBegin>
            <CharacterOffsetEnd>258</CharacterOffsetEnd>
            <POS>JJ</POS>
            <deprel>amod</deprel>
            <depreal_head_id>36</depreal_head_id>
            <depreal_head_text>steps</depreal_head_text>
            <ner>O</ner>
          </token>
          <token id="36">
            <word>steps</word>
            <lemma>step</lemma>
            <CharacterOffsetBegin>259</CharacterOffsetBegin>
            <CharacterOffsetEnd>264</CharacterOffsetEnd>
            <POS>NNS</POS>
            <deprel>obj</deprel>
            <depreal_head_id>34</depreal_head_id>
            <depreal_head_text>automate</depreal_head_text>
            <ner>O</ner>
          </token>
          <token id="37">
            <word>in</word>
            <lemma>in</lemma>
            <CharacterOffsetBegin>265</CharacterOffsetBegin>
            <CharacterOffsetEnd>267</CharacterOffsetEnd>
            <POS>IN</POS>
            <deprel>case</deprel>
            <depreal_head_id>40</depreal_head_id>
            <depreal_head_text>process</depreal_head_text>
            <ner>O</ner>
          </token>
          <token id="38">
            <word>the</word>
            <lemma>the</lemma>
            <CharacterOffsetBegin>268</CharacterOffsetBegin>
            <CharacterOffsetEnd>271</CharacterOffsetEnd>
            <POS>DT</POS>
            <deprel>det</deprel>
            <depreal_head_id>40</depreal_head_id>
            <depreal_head_text>process</depreal_head_text>
            <ner>O</ner>
          </token>
          <token id="39">
            <word>booking</word>
            <lemma>booking</lemma>
            <CharacterOffsetBegin>272</CharacterOffsetBegin>
            <CharacterOffsetEnd>279</CharacterOffsetEnd>
            <POS>NN</POS>
            <deprel>compound</deprel>
            <depreal_head_id>40</depreal_head_id>
            <depreal_head_text>process</depreal_head_text>
            <ner>O</ner>
          </token>
          <token id="40">
            <word>process</word>
            <lemma>process</lemma>
            <CharacterOffsetBegin>280</CharacterOffsetBegin>
            <CharacterOffsetEnd>287</CharacterOffsetEnd>
            <POS>NN</POS>
            <deprel>nmod</deprel>
            <depreal_head_id>36</depreal_head_id>
            <depreal_head_text>steps</depreal_head_text>
            <ner>O</ner>
          </token>
          <token id="41">
            <word>to</word>
            <lemma>to</lemma>
            <CharacterOffsetBegin>288</CharacterOffsetBegin>
            <CharacterOffsetEnd>290</CharacterOffsetEnd>
            <POS>TO</POS>
            <deprel>mark</deprel>
            <depreal_head_id>42</depreal_head_id>
            <depreal_head_text>improve</depreal_head_text>
            <ner>O</ner>
          </token>
          <token id="42">
            <word>improve</word>
            <lemma>improve</lemma>
            <CharacterOffsetBegin>291</CharacterOffsetBegin>
            <CharacterOffsetEnd>298</CharacterOffsetEnd>
            <POS>VB</POS>
            <deprel>acl</deprel>
            <depreal_head_id>40</depreal_head_id>
            <depreal_head_text>process</depreal_head_text>
            <ner>O</ner>
          </token>
          <token id="43">
            <word>data</word>
            <lemma>data</lemma>
            <CharacterOffsetBegin>299</CharacterOffsetBegin>
            <CharacterOffsetEnd>303</CharacterOffsetEnd>
            <POS>NNS</POS>
            <deprel>compound</deprel>
            <depreal_head_id>44</depreal_head_id>
            <depreal_head_text>accuracy</depreal_head_text>
            <ner>O</ner>
          </token>
          <token id="44">
            <word>accuracy</word>
            <lemma>accuracy</lemma>
            <CharacterOffsetBegin>304</CharacterOffsetBegin>
            <CharacterOffsetEnd>312</CharacterOffsetEnd>
            <POS>NN</POS>
            <deprel>obj</deprel>
            <depreal_head_id>42</depreal_head_id>
            <depreal_head_text>improve</depreal_head_text>
            <ner>O</ner>
          </token>
          <token id="45">
            <word>and</word>
            <lemma>and</lemma>
            <CharacterOffsetBegin>313</CharacterOffsetBegin>
            <CharacterOffsetEnd>316</CharacterOffsetEnd>
            <POS>CC</POS>
            <deprel>cc</deprel>
            <depreal_head_id>46</depreal_head_id>
            <depreal_head_text>efficiency</depreal_head_text>
            <ner>O</ner>
          </token>
          <token id="46">
            <word>efficiency</word>
            <lemma>efficiency</lemma>
            <CharacterOffsetBegin>317</CharacterOffsetBegin>
            <CharacterOffsetEnd>327</CharacterOffsetEnd>
            <POS>NN</POS>
            <deprel>conj</deprel>
            <depreal_head_id>44</depreal_head_id>
            <depreal_head_text>accuracy</depreal_head_text>
            <ner>O</ner>
          </token>
          <token id="47">
            <word>,</word>
            <lemma>,</lemma>
            <CharacterOffsetBegin>327</CharacterOffsetBegin>
            <CharacterOffsetEnd>328</CharacterOffsetEnd>
            <POS>,</POS>
            <deprel>punct</deprel>
            <depreal_head_id>50</depreal_head_id>
            <depreal_head_text>live</depreal_head_text>
            <ner>O</ner>
          </token>
          <token id="48">
            <word>are</word>
            <lemma>be</lemma>
            <CharacterOffsetBegin>329</CharacterOffsetBegin>
            <CharacterOffsetEnd>332</CharacterOffsetEnd>
            <POS>VBP</POS>
            <deprel>aux</deprel>
            <depreal_head_id>50</depreal_head_id>
            <depreal_head_text>live</depreal_head_text>
            <ner>O</ner>
          </token>
          <token id="49">
            <word>already</word>
            <lemma>already</lemma>
            <CharacterOffsetBegin>333</CharacterOffsetBegin>
            <CharacterOffsetEnd>340</CharacterOffsetEnd>
            <POS>RB</POS>
            <deprel>advmod</deprel>
            <depreal_head_id>50</depreal_head_id>
            <depreal_head_text>live</depreal_head_text>
            <ner>O</ner>
          </token>
          <token id="50">
            <word>live</word>
            <lemma>live</lemma>
            <CharacterOffsetBegin>341</CharacterOffsetBegin>
            <CharacterOffsetEnd>345</CharacterOffsetEnd>
            <POS>VB</POS>
            <deprel>acl:relcl</deprel>
            <depreal_head_id>36</depreal_head_id>
            <depreal_head_text>steps</depreal_head_text>
            <ner>O</ner>
          </token>
          <token id="51">
            <word>in</word>
            <lemma>in</lemma>
            <CharacterOffsetBegin>346</CharacterOffsetBegin>
            <CharacterOffsetEnd>348</CharacterOffsetEnd>
            <POS>IN</POS>
            <deprel>case</deprel>
            <depreal_head_id>52</depreal_head_id>
            <depreal_head_text>Belgium</depreal_head_text>
            <ner>O</ner>
          </token>
          <token id="52">
            <word>Belgium</word>
            <lemma>Belgium</lemma>
            <CharacterOffsetBegin>349</CharacterOffsetBegin>
            <CharacterOffsetEnd>356</CharacterOffsetEnd>
            <POS>NNP</POS>
            <deprel>obl</deprel>
            <depreal_head_id>50</depreal_head_id>
            <depreal_head_text>live</depreal_head_text>
            <ner>S-GPE</ner>
          </token>
          <token id="53">
            <word>,</word>
            <lemma>,</lemma>
            <CharacterOffsetBegin>356</CharacterOffsetBegin>
            <CharacterOffsetEnd>357</CharacterOffsetEnd>
            <POS>,</POS>
            <deprel>punct</deprel>
            <depreal_head_id>52</depreal_head_id>
            <depreal_head_text>Belgium</depreal_head_text>
            <ner>O</ner>
          </token>
          <token id="54">
            <word>Indonesia</word>
            <lemma>Indonesia</lemma>
            <CharacterOffsetBegin>358</CharacterOffsetBegin>
            <CharacterOffsetEnd>367</CharacterOffsetEnd>
            <POS>NNP</POS>
            <deprel>nmod</deprel>
            <depreal_head_id>52</depreal_head_id>
            <depreal_head_text>Belgium</depreal_head_text>
            <ner>S-GPE</ner>
          </token>
          <token id="55">
            <word>,</word>
            <lemma>,</lemma>
            <CharacterOffsetBegin>367</CharacterOffsetBegin>
            <CharacterOffsetEnd>368</CharacterOffsetEnd>
            <POS>,</POS>
            <deprel>punct</deprel>
            <depreal_head_id>56</depreal_head_id>
            <depreal_head_text>Sweden</depreal_head_text>
            <ner>O</ner>
          </token>
          <token id="56">
            <word>Sweden</word>
            <lemma>Sweden</lemma>
            <CharacterOffsetBegin>369</CharacterOffsetBegin>
            <CharacterOffsetEnd>375</CharacterOffsetEnd>
            <POS>NNP</POS>
            <deprel>nmod</deprel>
            <depreal_head_id>52</depreal_head_id>
            <depreal_head_text>Belgium</depreal_head_text>
            <ner>S-GPE</ner>
          </token>
          <token id="57">
            <word>and</word>
            <lemma>and</lemma>
            <CharacterOffsetBegin>376</CharacterOffsetBegin>
            <CharacterOffsetEnd>379</CharacterOffsetEnd>
            <POS>CC</POS>
            <deprel>cc</deprel>
            <depreal_head_id>59</depreal_head_id>
            <depreal_head_text>US</depreal_head_text>
            <ner>O</ner>
          </token>
          <token id="58">
            <word>the</word>
            <lemma>the</lemma>
            <CharacterOffsetBegin>380</CharacterOffsetBegin>
            <CharacterOffsetEnd>383</CharacterOffsetEnd>
            <POS>DT</POS>
            <deprel>det</deprel>
            <depreal_head_id>59</depreal_head_id>
            <depreal_head_text>US</depreal_head_text>
            <ner>O</ner>
          </token>
          <token id="59">
            <word>US</word>
            <lemma>US</lemma>
            <CharacterOffsetBegin>384</CharacterOffsetBegin>
            <CharacterOffsetEnd>386</CharacterOffsetEnd>
            <POS>NNP</POS>
            <deprel>conj</deprel>
            <depreal_head_id>52</depreal_head_id>
            <depreal_head_text>Belgium</depreal_head_text>
            <ner>S-GPE</ner>
          </token>
          <token id="60">
            <word>;</word>
            <lemma>;</lemma>
            <CharacterOffsetBegin>386</CharacterOffsetBegin>
            <CharacterOffsetEnd>387</CharacterOffsetEnd>
            <POS>:</POS>
            <deprel>punct</deprel>
            <depreal_head_id>50</depreal_head_id>
            <depreal_head_text>live</depreal_head_text>
            <ner>O</ner>
          </token>
          <token id="61">
            <word>rollout</word>
            <lemma>rollout</lemma>
            <CharacterOffsetBegin>388</CharacterOffsetBegin>
            <CharacterOffsetEnd>395</CharacterOffsetEnd>
            <POS>NN</POS>
            <deprel>nsubj</deprel>
            <depreal_head_id>63</depreal_head_id>
            <depreal_head_text>continuing</depreal_head_text>
            <ner>O</ner>
          </token>
          <token id="62">
            <word>is</word>
            <lemma>be</lemma>
            <CharacterOffsetBegin>396</CharacterOffsetBegin>
            <CharacterOffsetEnd>398</CharacterOffsetEnd>
            <POS>VBZ</POS>
            <deprel>aux</deprel>
            <depreal_head_id>63</depreal_head_id>
            <depreal_head_text>continuing</depreal_head_text>
            <ner>O</ner>
          </token>
          <token id="63">
            <word>continuing</word>
            <lemma>continue</lemma>
            <CharacterOffsetBegin>399</CharacterOffsetBegin>
            <CharacterOffsetEnd>409</CharacterOffsetEnd>
            <POS>VBG</POS>
            <deprel>advcl</deprel>
            <depreal_head_id>50</depreal_head_id>
            <depreal_head_text>live</depreal_head_text>
            <ner>O</ner>
          </token>
          <token id="64">
            <word>gradually</word>
            <lemma>gradually</lemma>
            <CharacterOffsetBegin>410</CharacterOffsetBegin>
            <CharacterOffsetEnd>419</CharacterOffsetEnd>
            <POS>RB</POS>
            <deprel>advmod</deprel>
            <depreal_head_id>63</depreal_head_id>
            <depreal_head_text>continuing</depreal_head_text>
            <ner>O</ner>
          </token>
          <token id="65">
            <word>.</word>
            <lemma>.</lemma>
            <CharacterOffsetBegin>419</CharacterOffsetBegin>
            <CharacterOffsetEnd>420</CharacterOffsetEnd>
            <POS>.</POS>
            <deprel>punct</deprel>
            <depreal_head_id>63</depreal_head_id>
            <depreal_head_text>continuing</depreal_head_text>
            <ner>O</ner>
          </token>
          <token id="66">
            <word>Geodis</word>
            <lemma>Geodis</lemma>
            <CharacterOffsetBegin>421</CharacterOffsetBegin>
            <CharacterOffsetEnd>427</CharacterOffsetEnd>
            <POS>NNP</POS>
            <deprel>nsubj</deprel>
            <depreal_head_id>67</depreal_head_id>
            <depreal_head_text>noted</depreal_head_text>
            <ner>S-ORG</ner>
          </token>
          <token id="67">
            <word>noted</word>
            <lemma>note</lemma>
            <CharacterOffsetBegin>428</CharacterOffsetBegin>
            <CharacterOffsetEnd>433</CharacterOffsetEnd>
            <POS>VBN</POS>
            <deprel>conj</deprel>
            <depreal_head_id>63</depreal_head_id>
            <depreal_head_text>continuing</depreal_head_text>
            <ner>O</ner>
          </token>
          <token id="68">
            <word>that</word>
            <lemma>that</lemma>
            <CharacterOffsetBegin>434</CharacterOffsetBegin>
            <CharacterOffsetEnd>438</CharacterOffsetEnd>
            <POS>IN</POS>
            <deprel>mark</deprel>
            <depreal_head_id>73</depreal_head_id>
            <depreal_head_text>offers</depreal_head_text>
            <ner>O</ner>
          </token>
          <token id="69">
            <word>its</word>
            <lemma>it</lemma>
            <CharacterOffsetBegin>439</CharacterOffsetBegin>
            <CharacterOffsetEnd>442</CharacterOffsetEnd>
            <POS>PRP$</POS>
            <deprel>nmod:poss</deprel>
            <depreal_head_id>70</depreal_head_id>
            <depreal_head_text>pricing</depreal_head_text>
            <ner>O</ner>
          </token>
          <token id="70">
            <word>pricing</word>
            <lemma>pricing</lemma>
            <CharacterOffsetBegin>443</CharacterOffsetBegin>
            <CharacterOffsetEnd>450</CharacterOffsetEnd>
            <POS>NN</POS>
            <deprel>compound</deprel>
            <depreal_head_id>71</depreal_head_id>
            <depreal_head_text>engine</depreal_head_text>
            <ner>O</ner>
          </token>
          <token id="71">
            <word>engine</word>
            <lemma>engine</lemma>
            <CharacterOffsetBegin>451</CharacterOffsetBegin>
            <CharacterOffsetEnd>457</CharacterOffsetEnd>
            <POS>NN</POS>
            <deprel>nsubj</deprel>
            <depreal_head_id>73</depreal_head_id>
            <depreal_head_text>offers</depreal_head_text>
            <ner>O</ner>
          </token>
          <token id="72">
            <word>"</word>
            <lemma>&amp;quot;</lemma>
            <CharacterOffsetBegin>458</CharacterOffsetBegin>
            <CharacterOffsetEnd>459</CharacterOffsetEnd>
            <POS>''</POS>
            <deprel>punct</deprel>
            <depreal_head_id>73</depreal_head_id>
            <depreal_head_text>offers</depreal_head_text>
            <ner>O</ner>
          </token>
          <token id="73">
            <word>offers</word>
            <lemma>offer</lemma>
            <CharacterOffsetBegin>459</CharacterOffsetBegin>
            <CharacterOffsetEnd>465</CharacterOffsetEnd>
            <POS>VBZ</POS>
            <deprel>ccomp</deprel>
            <depreal_head_id>67</depreal_head_id>
            <depreal_head_text>noted</depreal_head_text>
            <ner>O</ner>
          </token>
          <token id="74">
            <word>visibility</word>
            <lemma>visibility</lemma>
            <CharacterOffsetBegin>466</CharacterOffsetBegin>
            <CharacterOffsetEnd>476</CharacterOffsetEnd>
            <POS>NN</POS>
            <deprel>obj</deprel>
            <depreal_head_id>73</depreal_head_id>
            <depreal_head_text>offers</depreal_head_text>
            <ner>O</ner>
          </token>
          <token id="75">
            <word>on</word>
            <lemma>on</lemma>
            <CharacterOffsetBegin>477</CharacterOffsetBegin>
            <CharacterOffsetEnd>479</CharacterOffsetEnd>
            <POS>IN</POS>
            <deprel>case</deprel>
            <depreal_head_id>78</depreal_head_id>
            <depreal_head_text>structures</depreal_head_text>
            <ner>O</ner>
          </token>
          <token id="76">
            <word>end-to-end</word>
            <lemma>end-to-end</lemma>
            <CharacterOffsetBegin>480</CharacterOffsetBegin>
            <CharacterOffsetEnd>490</CharacterOffsetEnd>
            <POS>JJ</POS>
            <deprel>amod</deprel>
            <depreal_head_id>77</depreal_head_id>
            <depreal_head_text>cost</depreal_head_text>
            <ner>O</ner>
          </token>
          <token id="77">
            <word>cost</word>
            <lemma>cost</lemma>
            <CharacterOffsetBegin>491</CharacterOffsetBegin>
            <CharacterOffsetEnd>495</CharacterOffsetEnd>
            <POS>NN</POS>
            <deprel>compound</deprel>
            <depreal_head_id>78</depreal_head_id>
            <depreal_head_text>structures</depreal_head_text>
            <ner>O</ner>
          </token>
          <token id="78">
            <word>structures</word>
            <lemma>structure</lemma>
            <CharacterOffsetBegin>496</CharacterOffsetBegin>
            <CharacterOffsetEnd>506</CharacterOffsetEnd>
            <POS>NNS</POS>
            <deprel>obl</deprel>
            <depreal_head_id>73</depreal_head_id>
            <depreal_head_text>offers</depreal_head_text>
            <ner>O</ner>
          </token>
          <token id="79">
            <word>,</word>
            <lemma>,</lemma>
            <CharacterOffsetBegin>506</CharacterOffsetBegin>
            <CharacterOffsetEnd>507</CharacterOffsetEnd>
            <POS>,</POS>
            <deprel>punct</deprel>
            <depreal_head_id>80</depreal_head_id>
            <depreal_head_text>covering</depreal_head_text>
            <ner>O</ner>
          </token>
          <token id="80">
            <word>covering</word>
            <lemma>cover</lemma>
            <CharacterOffsetBegin>508</CharacterOffsetBegin>
            <CharacterOffsetEnd>516</CharacterOffsetEnd>
            <POS>VBG</POS>
            <deprel>conj</deprel>
            <depreal_head_id>73</depreal_head_id>
            <depreal_head_text>offers</depreal_head_text>
            <ner>O</ner>
          </token>
          <token id="81">
            <word>port-to-port</word>
            <lemma>port-to-port</lemma>
            <CharacterOffsetBegin>517</CharacterOffsetBegin>
            <CharacterOffsetEnd>529</CharacterOffsetEnd>
            <POS>JJ</POS>
            <deprel>amod</deprel>
            <depreal_head_id>82</depreal_head_id>
            <depreal_head_text>rates</depreal_head_text>
            <ner>O</ner>
          </token>
          <token id="82">
            <word>rates</word>
            <lemma>rate</lemma>
            <CharacterOffsetBegin>530</CharacterOffsetBegin>
            <CharacterOffsetEnd>535</CharacterOffsetEnd>
            <POS>NNS</POS>
            <deprel>obj</deprel>
            <depreal_head_id>80</depreal_head_id>
            <depreal_head_text>covering</depreal_head_text>
            <ner>O</ner>
          </token>
          <token id="83">
            <word>,</word>
            <lemma>,</lemma>
            <CharacterOffsetBegin>535</CharacterOffsetBegin>
            <CharacterOffsetEnd>536</CharacterOffsetEnd>
            <POS>,</POS>
            <deprel>punct</deprel>
            <depreal_head_id>85</depreal_head_id>
            <depreal_head_text>charges</depreal_head_text>
            <ner>O</ner>
          </token>
          <token id="84">
            <word>local</word>
            <lemma>local</lemma>
            <CharacterOffsetBegin>537</CharacterOffsetBegin>
            <CharacterOffsetEnd>542</CharacterOffsetEnd>
            <POS>JJ</POS>
            <deprel>amod</deprel>
            <depreal_head_id>85</depreal_head_id>
            <depreal_head_text>charges</depreal_head_text>
            <ner>O</ner>
          </token>
          <token id="85">
            <word>charges</word>
            <lemma>charge</lemma>
            <CharacterOffsetBegin>543</CharacterOffsetBegin>
            <CharacterOffsetEnd>550</CharacterOffsetEnd>
            <POS>NNS</POS>
            <deprel>conj</deprel>
            <depreal_head_id>82</depreal_head_id>
            <depreal_head_text>rates</depreal_head_text>
            <ner>O</ner>
          </token>
          <token id="86">
            <word>,</word>
            <lemma>,</lemma>
            <CharacterOffsetBegin>550</CharacterOffsetBegin>
            <CharacterOffsetEnd>551</CharacterOffsetEnd>
            <POS>,</POS>
            <deprel>punct</deprel>
            <depreal_head_id>87</depreal_head_id>
            <depreal_head_text>pick-up</depreal_head_text>
            <ner>O</ner>
          </token>
          <token id="87">
            <word>pick-up</word>
            <lemma>pick-up</lemma>
            <CharacterOffsetBegin>552</CharacterOffsetBegin>
            <CharacterOffsetEnd>559</CharacterOffsetEnd>
            <POS>NN</POS>
            <deprel>conj</deprel>
            <depreal_head_id>82</depreal_head_id>
            <depreal_head_text>rates</depreal_head_text>
            <ner>O</ner>
          </token>
          <token id="88">
            <word>,</word>
            <lemma>,</lemma>
            <CharacterOffsetBegin>559</CharacterOffsetBegin>
            <CharacterOffsetEnd>560</CharacterOffsetEnd>
            <POS>,</POS>
            <deprel>punct</deprel>
            <depreal_head_id>94</depreal_head_id>
            <depreal_head_text>deliveries</depreal_head_text>
            <ner>O</ner>
          </token>
          <token id="89">
            <word>and</word>
            <lemma>and</lemma>
            <CharacterOffsetBegin>561</CharacterOffsetBegin>
            <CharacterOffsetEnd>564</CharacterOffsetEnd>
            <POS>CC</POS>
            <deprel>cc</deprel>
            <depreal_head_id>94</depreal_head_id>
            <depreal_head_text>deliveries</depreal_head_text>
            <ner>O</ner>
          </token>
          <token id="90">
            <word>first</word>
            <lemma>first</lemma>
            <CharacterOffsetBegin>565</CharacterOffsetBegin>
            <CharacterOffsetEnd>570</CharacterOffsetEnd>
            <POS>JJ</POS>
            <deprel>amod</deprel>
            <depreal_head_id>94</depreal_head_id>
            <depreal_head_text>deliveries</depreal_head_text>
            <ner>S-ORDINAL</ner>
          </token>
          <token id="91">
            <word>and</word>
            <lemma>and</lemma>
            <CharacterOffsetBegin>571</CharacterOffsetBegin>
            <CharacterOffsetEnd>574</CharacterOffsetEnd>
            <POS>CC</POS>
            <deprel>cc</deprel>
            <depreal_head_id>94</depreal_head_id>
            <depreal_head_text>deliveries</depreal_head_text>
            <ner>O</ner>
          </token>
          <token id="92">
            <word>final</word>
            <lemma>final</lemma>
            <CharacterOffsetBegin>575</CharacterOffsetBegin>
            <CharacterOffsetEnd>580</CharacterOffsetEnd>
            <POS>JJ</POS>
            <deprel>amod</deprel>
            <depreal_head_id>93</depreal_head_id>
            <depreal_head_text>mile</depreal_head_text>
            <ner>O</ner>
          </token>
          <token id="93">
            <word>mile</word>
            <lemma>mile</lemma>
            <CharacterOffsetBegin>581</CharacterOffsetBegin>
            <CharacterOffsetEnd>585</CharacterOffsetEnd>
            <POS>NN</POS>
            <deprel>compound</deprel>
            <depreal_head_id>94</depreal_head_id>
            <depreal_head_text>deliveries</depreal_head_text>
            <ner>O</ner>
          </token>
          <token id="94">
            <word>deliveries</word>
            <lemma>delivery</lemma>
            <CharacterOffsetBegin>586</CharacterOffsetBegin>
            <CharacterOffsetEnd>596</CharacterOffsetEnd>
            <POS>NNS</POS>
            <deprel>conj</deprel>
            <depreal_head_id>82</depreal_head_id>
            <depreal_head_text>rates</depreal_head_text>
            <ner>O</ner>
          </token>
          <token id="95">
            <word>"</word>
            <lemma>&amp;quot;</lemma>
            <CharacterOffsetBegin>596</CharacterOffsetBegin>
            <CharacterOffsetEnd>597</CharacterOffsetEnd>
            <POS>''</POS>
            <deprel>punct</deprel>
            <depreal_head_id>94</depreal_head_id>
            <depreal_head_text>deliveries</depreal_head_text>
            <ner>O</ner>
          </token>
          <token id="96">
            <word>.</word>
            <lemma>.</lemma>
            <CharacterOffsetBegin>597</CharacterOffsetBegin>
            <CharacterOffsetEnd>598</CharacterOffsetEnd>
            <POS>.</POS>
            <deprel>punct</deprel>
            <depreal_head_id>94</depreal_head_id>
            <depreal_head_text>deliveries</depreal_head_text>
            <ner>O</ner>
          </token>
          <token id="97">
            <word>IRIS</word>
            <lemma>IRIS</lemma>
            <CharacterOffsetBegin>599</CharacterOffsetBegin>
            <CharacterOffsetEnd>603</CharacterOffsetEnd>
            <POS>NNP</POS>
            <deprel>nsubj</deprel>
            <depreal_head_id>99</depreal_head_id>
            <depreal_head_text>provides</depreal_head_text>
            <ner>S-ORG</ner>
          </token>
          <token id="98">
            <word>also</word>
            <lemma>also</lemma>
            <CharacterOffsetBegin>604</CharacterOffsetBegin>
            <CharacterOffsetEnd>608</CharacterOffsetEnd>
            <POS>RB</POS>
            <deprel>advmod</deprel>
            <depreal_head_id>99</depreal_head_id>
            <depreal_head_text>provides</depreal_head_text>
            <ner>O</ner>
          </token>
          <token id="99">
            <word>provides</word>
            <lemma>provide</lemma>
            <CharacterOffsetBegin>609</CharacterOffsetBegin>
            <CharacterOffsetEnd>617</CharacterOffsetEnd>
            <POS>VBZ</POS>
            <deprel>conj</deprel>
            <depreal_head_id>6</depreal_head_id>
            <depreal_head_text>begun</depreal_head_text>
            <ner>O</ner>
          </token>
          <token id="100">
            <word>full</word>
            <lemma>full</lemma>
            <CharacterOffsetBegin>618</CharacterOffsetBegin>
            <CharacterOffsetEnd>622</CharacterOffsetEnd>
            <POS>JJ</POS>
            <deprel>amod</deprel>
            <depreal_head_id>101</depreal_head_id>
            <depreal_head_text>visibility</depreal_head_text>
            <ner>O</ner>
          </token>
          <token id="101">
            <word>visibility</word>
            <lemma>visibility</lemma>
            <CharacterOffsetBegin>623</CharacterOffsetBegin>
            <CharacterOffsetEnd>633</CharacterOffsetEnd>
            <POS>NN</POS>
            <deprel>obj</deprel>
            <depreal_head_id>99</depreal_head_id>
            <depreal_head_text>provides</depreal_head_text>
            <ner>O</ner>
          </token>
          <token id="102">
            <word>on</word>
            <lemma>on</lemma>
            <CharacterOffsetBegin>634</CharacterOffsetBegin>
            <CharacterOffsetEnd>636</CharacterOffsetEnd>
            <POS>IN</POS>
            <deprel>case</deprel>
            <depreal_head_id>104</depreal_head_id>
            <depreal_head_text>statuses</depreal_head_text>
            <ner>O</ner>
          </token>
          <token id="103">
            <word>shipment</word>
            <lemma>shipment</lemma>
            <CharacterOffsetBegin>637</CharacterOffsetBegin>
            <CharacterOffsetEnd>645</CharacterOffsetEnd>
            <POS>NN</POS>
            <deprel>compound</deprel>
            <depreal_head_id>104</depreal_head_id>
            <depreal_head_text>statuses</depreal_head_text>
            <ner>O</ner>
          </token>
          <token id="104">
            <word>statuses</word>
            <lemma>statuse</lemma>
            <CharacterOffsetBegin>646</CharacterOffsetBegin>
            <CharacterOffsetEnd>654</CharacterOffsetEnd>
            <POS>NNS</POS>
            <deprel>nmod</deprel>
            <depreal_head_id>101</depreal_head_id>
            <depreal_head_text>visibility</depreal_head_text>
            <ner>O</ner>
          </token>
          <token id="105">
            <word>in</word>
            <lemma>in</lemma>
            <CharacterOffsetBegin>655</CharacterOffsetBegin>
            <CharacterOffsetEnd>657</CharacterOffsetEnd>
            <POS>IN</POS>
            <deprel>case</deprel>
            <depreal_head_id>107</depreal_head_id>
            <depreal_head_text>time</depreal_head_text>
            <ner>O</ner>
          </token>
          <token id="106">
            <word>real</word>
            <lemma>real</lemma>
            <CharacterOffsetBegin>658</CharacterOffsetBegin>
            <CharacterOffsetEnd>662</CharacterOffsetEnd>
            <POS>JJ</POS>
            <deprel>amod</deprel>
            <depreal_head_id>107</depreal_head_id>
            <depreal_head_text>time</depreal_head_text>
            <ner>O</ner>
          </token>
          <token id="107">
            <word>time</word>
            <lemma>time</lemma>
            <CharacterOffsetBegin>663</CharacterOffsetBegin>
            <CharacterOffsetEnd>667</CharacterOffsetEnd>
            <POS>NN</POS>
            <deprel>nmod</deprel>
            <depreal_head_id>104</depreal_head_id>
            <depreal_head_text>statuses</depreal_head_text>
            <ner>O</ner>
          </token>
          <token id="108">
            <word>,</word>
            <lemma>,</lemma>
            <CharacterOffsetBegin>667</CharacterOffsetBegin>
            <CharacterOffsetEnd>668</CharacterOffsetEnd>
            <POS>,</POS>
            <deprel>punct</deprel>
            <depreal_head_id>109</depreal_head_id>
            <depreal_head_text>access</depreal_head_text>
            <ner>O</ner>
          </token>
          <token id="109">
            <word>access</word>
            <lemma>access</lemma>
            <CharacterOffsetBegin>669</CharacterOffsetBegin>
            <CharacterOffsetEnd>675</CharacterOffsetEnd>
            <POS>NN</POS>
            <deprel>conj</deprel>
            <depreal_head_id>107</depreal_head_id>
            <depreal_head_text>time</depreal_head_text>
            <ner>O</ner>
          </token>
          <token id="110">
            <word>to</word>
            <lemma>to</lemma>
            <CharacterOffsetBegin>676</CharacterOffsetBegin>
            <CharacterOffsetEnd>678</CharacterOffsetEnd>
            <POS>TO</POS>
            <deprel>case</deprel>
            <depreal_head_id>112</depreal_head_id>
            <depreal_head_text>documentation</depreal_head_text>
            <ner>O</ner>
          </token>
          <token id="111">
            <word>shipment-related</word>
            <lemma>shipment-related</lemma>
            <CharacterOffsetBegin>679</CharacterOffsetBegin>
            <CharacterOffsetEnd>695</CharacterOffsetEnd>
            <POS>JJ</POS>
            <deprel>amod</deprel>
            <depreal_head_id>112</depreal_head_id>
            <depreal_head_text>documentation</depreal_head_text>
            <ner>O</ner>
          </token>
          <token id="112">
            <word>documentation</word>
            <lemma>documentation</lemma>
            <CharacterOffsetBegin>696</CharacterOffsetBegin>
            <CharacterOffsetEnd>709</CharacterOffsetEnd>
            <POS>NN</POS>
            <deprel>obl</deprel>
            <depreal_head_id>99</depreal_head_id>
            <depreal_head_text>provides</depreal_head_text>
            <ner>O</ner>
          </token>
          <token id="113">
            <word>,</word>
            <lemma>,</lemma>
            <CharacterOffsetBegin>709</CharacterOffsetBegin>
            <CharacterOffsetEnd>710</CharacterOffsetEnd>
            <POS>,</POS>
            <deprel>punct</deprel>
            <depreal_head_id>112</depreal_head_id>
            <depreal_head_text>documentation</depreal_head_text>
            <ner>O</ner>
          </token>
          <token id="114">
            <word>label</word>
            <lemma>label</lemma>
            <CharacterOffsetBegin>711</CharacterOffsetBegin>
            <CharacterOffsetEnd>716</CharacterOffsetEnd>
            <POS>NN</POS>
            <deprel>compound</deprel>
            <depreal_head_id>115</depreal_head_id>
            <depreal_head_text>printing</depreal_head_text>
            <ner>O</ner>
          </token>
          <token id="115">
            <word>printing</word>
            <lemma>printing</lemma>
            <CharacterOffsetBegin>717</CharacterOffsetBegin>
            <CharacterOffsetEnd>725</CharacterOffsetEnd>
            <POS>NN</POS>
            <deprel>conj</deprel>
            <depreal_head_id>112</depreal_head_id>
            <depreal_head_text>documentation</depreal_head_text>
            <ner>O</ner>
          </token>
          <token id="116">
            <word>,</word>
            <lemma>,</lemma>
            <CharacterOffsetBegin>725</CharacterOffsetBegin>
            <CharacterOffsetEnd>726</CharacterOffsetEnd>
            <POS>,</POS>
            <deprel>punct</deprel>
            <depreal_head_id>115</depreal_head_id>
            <depreal_head_text>printing</depreal_head_text>
            <ner>O</ner>
          </token>
          <token id="117">
            <word>KPI</word>
            <lemma>kpi</lemma>
            <CharacterOffsetBegin>727</CharacterOffsetBegin>
            <CharacterOffsetEnd>730</CharacterOffsetEnd>
            <POS>NN</POS>
            <deprel>compound</deprel>
            <depreal_head_id>118</depreal_head_id>
            <depreal_head_text>management</depreal_head_text>
            <ner>O</ner>
          </token>
          <token id="118">
            <word>management</word>
            <lemma>management</lemma>
            <CharacterOffsetBegin>731</CharacterOffsetBegin>
            <CharacterOffsetEnd>741</CharacterOffsetEnd>
            <POS>NN</POS>
            <deprel>conj</deprel>
            <depreal_head_id>115</depreal_head_id>
            <depreal_head_text>printing</depreal_head_text>
            <ner>O</ner>
          </token>
          <token id="119">
            <word>,</word>
            <lemma>,</lemma>
            <CharacterOffsetBegin>741</CharacterOffsetBegin>
            <CharacterOffsetEnd>742</CharacterOffsetEnd>
            <POS>,</POS>
            <deprel>punct</deprel>
            <depreal_head_id>118</depreal_head_id>
            <depreal_head_text>management</depreal_head_text>
            <ner>O</ner>
          </token>
          <token id="120">
            <word>milestone</word>
            <lemma>milestone</lemma>
            <CharacterOffsetBegin>743</CharacterOffsetBegin>
            <CharacterOffsetEnd>752</CharacterOffsetEnd>
            <POS>NN</POS>
            <deprel>compound</deprel>
            <depreal_head_id>121</depreal_head_id>
            <depreal_head_text>alerts</depreal_head_text>
            <ner>O</ner>
          </token>
          <token id="121">
            <word>alerts</word>
            <lemma>alert</lemma>
            <CharacterOffsetBegin>753</CharacterOffsetBegin>
            <CharacterOffsetEnd>759</CharacterOffsetEnd>
            <POS>NNS</POS>
            <deprel>conj</deprel>
            <depreal_head_id>112</depreal_head_id>
            <depreal_head_text>documentation</depreal_head_text>
            <ner>O</ner>
          </token>
          <token id="122">
            <word>,</word>
            <lemma>,</lemma>
            <CharacterOffsetBegin>759</CharacterOffsetBegin>
            <CharacterOffsetEnd>760</CharacterOffsetEnd>
            <POS>,</POS>
            <deprel>punct</deprel>
            <depreal_head_id>124</depreal_head_id>
            <depreal_head_text>management</depreal_head_text>
            <ner>O</ner>
          </token>
          <token id="123">
            <word>exception</word>
            <lemma>exception</lemma>
            <CharacterOffsetBegin>761</CharacterOffsetBegin>
            <CharacterOffsetEnd>770</CharacterOffsetEnd>
            <POS>NN</POS>
            <deprel>amod</deprel>
            <depreal_head_id>124</depreal_head_id>
            <depreal_head_text>management</depreal_head_text>
            <ner>O</ner>
          </token>
          <token id="124">
            <word>management</word>
            <lemma>management</lemma>
            <CharacterOffsetBegin>771</CharacterOffsetBegin>
            <CharacterOffsetEnd>781</CharacterOffsetEnd>
            <POS>NN</POS>
            <deprel>compound</deprel>
            <depreal_head_id>121</depreal_head_id>
            <depreal_head_text>alerts</depreal_head_text>
            <ner>O</ner>
          </token>
          <token id="125">
            <word>and</word>
            <lemma>and</lemma>
            <CharacterOffsetBegin>782</CharacterOffsetBegin>
            <CharacterOffsetEnd>785</CharacterOffsetEnd>
            <POS>CC</POS>
            <deprel>cc</deprel>
            <depreal_head_id>126</depreal_head_id>
            <depreal_head_text>customised</depreal_head_text>
            <ner>O</ner>
          </token>
          <token id="126">
            <word>customised</word>
            <lemma>customise</lemma>
            <CharacterOffsetBegin>786</CharacterOffsetBegin>
            <CharacterOffsetEnd>796</CharacterOffsetEnd>
            <POS>VBN</POS>
            <deprel>conj</deprel>
            <depreal_head_id>124</depreal_head_id>
            <depreal_head_text>management</depreal_head_text>
            <ner>O</ner>
          </token>
          <token id="127">
            <word>reporting</word>
            <lemma>report</lemma>
            <CharacterOffsetBegin>797</CharacterOffsetBegin>
            <CharacterOffsetEnd>806</CharacterOffsetEnd>
            <POS>VBG</POS>
            <deprel>xcomp</deprel>
            <depreal_head_id>126</depreal_head_id>
            <depreal_head_text>customised</depreal_head_text>
            <ner>O</ner>
          </token>
          <token id="128">
            <word>including</word>
            <lemma>include</lemma>
            <CharacterOffsetBegin>807</CharacterOffsetBegin>
            <CharacterOffsetEnd>816</CharacterOffsetEnd>
            <POS>VBG</POS>
            <deprel>xcomp</deprel>
            <depreal_head_id>127</depreal_head_id>
            <depreal_head_text>reporting</depreal_head_text>
            <ner>O</ner>
          </token>
          <token id="129">
            <word>financials</word>
            <lemma>financial</lemma>
            <CharacterOffsetBegin>817</CharacterOffsetBegin>
            <CharacterOffsetEnd>827</CharacterOffsetEnd>
            <POS>NNS</POS>
            <deprel>obj</deprel>
            <depreal_head_id>128</depreal_head_id>
            <depreal_head_text>including</depreal_head_text>
            <ner>O</ner>
          </token>
          <token id="130">
            <word>.</word>
            <lemma>.</lemma>
            <CharacterOffsetBegin>827</CharacterOffsetBegin>
            <CharacterOffsetEnd>828</CharacterOffsetEnd>
            <POS>.</POS>
            <deprel>punct</deprel>
            <depreal_head_id>127</depreal_head_id>
            <depreal_head_text>reporting</depreal_head_text>
            <ner>O</ner>
          </token>
          <token id="131">
            <word>"</word>
            <lemma>&amp;quot;</lemma>
            <CharacterOffsetBegin>829</CharacterOffsetBegin>
            <CharacterOffsetEnd>830</CharacterOffsetEnd>
            <POS>``</POS>
            <deprel>punct</deprel>
            <depreal_head_id>134</depreal_head_id>
            <depreal_head_text>bringing</depreal_head_text>
            <ner>O</ner>
          </token>
          <token id="132">
            <word>IRIS</word>
            <lemma>IRIS</lemma>
            <CharacterOffsetBegin>830</CharacterOffsetBegin>
            <CharacterOffsetEnd>834</CharacterOffsetEnd>
            <POS>NNP</POS>
            <deprel>nsubj</deprel>
            <depreal_head_id>134</depreal_head_id>
            <depreal_head_text>bringing</depreal_head_text>
            <ner>S-ORG</ner>
          </token>
          <token id="133">
            <word>is</word>
            <lemma>be</lemma>
            <CharacterOffsetBegin>835</CharacterOffsetBegin>
            <CharacterOffsetEnd>837</CharacterOffsetEnd>
            <POS>VBZ</POS>
            <deprel>aux</deprel>
            <depreal_head_id>134</depreal_head_id>
            <depreal_head_text>bringing</depreal_head_text>
            <ner>O</ner>
          </token>
          <token id="134">
            <word>bringing</word>
            <lemma>bring</lemma>
            <CharacterOffsetBegin>838</CharacterOffsetBegin>
            <CharacterOffsetEnd>846</CharacterOffsetEnd>
            <POS>VBG</POS>
            <deprel>conj</deprel>
            <depreal_head_id>127</depreal_head_id>
            <depreal_head_text>reporting</depreal_head_text>
            <ner>O</ner>
          </token>
          <token id="135">
            <word>us</word>
            <lemma>we</lemma>
            <CharacterOffsetBegin>847</CharacterOffsetBegin>
            <CharacterOffsetEnd>849</CharacterOffsetEnd>
            <POS>PRP</POS>
            <deprel>obj</deprel>
            <depreal_head_id>134</depreal_head_id>
            <depreal_head_text>bringing</depreal_head_text>
            <ner>O</ner>
          </token>
          <token id="136">
            <word>into</word>
            <lemma>into</lemma>
            <CharacterOffsetBegin>850</CharacterOffsetBegin>
            <CharacterOffsetEnd>854</CharacterOffsetEnd>
            <POS>IN</POS>
            <deprel>case</deprel>
            <depreal_head_id>138</depreal_head_id>
            <depreal_head_text>forefront</depreal_head_text>
            <ner>O</ner>
          </token>
          <token id="137">
            <word>the</word>
            <lemma>the</lemma>
            <CharacterOffsetBegin>855</CharacterOffsetBegin>
            <CharacterOffsetEnd>858</CharacterOffsetEnd>
            <POS>DT</POS>
            <deprel>det</deprel>
            <depreal_head_id>138</depreal_head_id>
            <depreal_head_text>forefront</depreal_head_text>
            <ner>O</ner>
          </token>
          <token id="138">
            <word>forefront</word>
            <lemma>forefront</lemma>
            <CharacterOffsetBegin>859</CharacterOffsetBegin>
            <CharacterOffsetEnd>868</CharacterOffsetEnd>
            <POS>NN</POS>
            <deprel>obl</deprel>
            <depreal_head_id>134</depreal_head_id>
            <depreal_head_text>bringing</depreal_head_text>
            <ner>O</ner>
          </token>
          <token id="139">
            <word>of</word>
            <lemma>of</lemma>
            <CharacterOffsetBegin>869</CharacterOffsetBegin>
            <CharacterOffsetEnd>871</CharacterOffsetEnd>
            <POS>IN</POS>
            <deprel>case</deprel>
            <depreal_head_id>140</depreal_head_id>
            <depreal_head_text>digitalisation</depreal_head_text>
            <ner>O</ner>
          </token>
          <token id="140">
            <word>digitalisation</word>
            <lemma>digitalisation</lemma>
            <CharacterOffsetBegin>872</CharacterOffsetBegin>
            <CharacterOffsetEnd>886</CharacterOffsetEnd>
            <POS>NN</POS>
            <deprel>nmod</deprel>
            <depreal_head_id>138</depreal_head_id>
            <depreal_head_text>forefront</depreal_head_text>
            <ner>O</ner>
          </token>
          <token id="141">
            <word>in</word>
            <lemma>in</lemma>
            <CharacterOffsetBegin>887</CharacterOffsetBegin>
            <CharacterOffsetEnd>889</CharacterOffsetEnd>
            <POS>IN</POS>
            <deprel>case</deprel>
            <depreal_head_id>145</depreal_head_id>
            <depreal_head_text>industry</depreal_head_text>
            <ner>O</ner>
          </token>
          <token id="142">
            <word>the</word>
            <lemma>the</lemma>
            <CharacterOffsetBegin>890</CharacterOffsetBegin>
            <CharacterOffsetEnd>893</CharacterOffsetEnd>
            <POS>DT</POS>
            <deprel>det</deprel>
            <depreal_head_id>145</depreal_head_id>
            <depreal_head_text>industry</depreal_head_text>
            <ner>O</ner>
          </token>
          <token id="143">
            <word>freight</word>
            <lemma>freight</lemma>
            <CharacterOffsetBegin>894</CharacterOffsetBegin>
            <CharacterOffsetEnd>901</CharacterOffsetEnd>
            <POS>NN</POS>
            <deprel>compound</deprel>
            <depreal_head_id>144</depreal_head_id>
            <depreal_head_text>forwarding</depreal_head_text>
            <ner>O</ner>
          </token>
          <token id="144">
            <word>forwarding</word>
            <lemma>forward</lemma>
            <CharacterOffsetBegin>902</CharacterOffsetBegin>
            <CharacterOffsetEnd>912</CharacterOffsetEnd>
            <POS>VBG</POS>
            <deprel>compound</deprel>
            <depreal_head_id>145</depreal_head_id>
            <depreal_head_text>industry</depreal_head_text>
            <ner>O</ner>
          </token>
          <token id="145">
            <word>industry</word>
            <lemma>industry</lemma>
            <CharacterOffsetBegin>913</CharacterOffsetBegin>
            <CharacterOffsetEnd>921</CharacterOffsetEnd>
            <POS>NN</POS>
            <deprel>nmod</deprel>
            <depreal_head_id>140</depreal_head_id>
            <depreal_head_text>digitalisation</depreal_head_text>
            <ner>O</ner>
          </token>
          <token id="146">
            <word>,</word>
            <lemma>,</lemma>
            <CharacterOffsetBegin>921</CharacterOffsetBegin>
            <CharacterOffsetEnd>922</CharacterOffsetEnd>
            <POS>,</POS>
            <deprel>punct</deprel>
            <depreal_head_id>148</depreal_head_id>
            <depreal_head_text>said</depreal_head_text>
            <ner>O</ner>
          </token>
          <token id="147">
            <word>"</word>
            <lemma>&amp;quot;</lemma>
            <CharacterOffsetBegin>922</CharacterOffsetBegin>
            <CharacterOffsetEnd>923</CharacterOffsetEnd>
            <POS>``</POS>
            <deprel>punct</deprel>
            <depreal_head_id>148</depreal_head_id>
            <depreal_head_text>said</depreal_head_text>
            <ner>O</ner>
          </token>
          <token id="148">
            <word>said</word>
            <lemma>say</lemma>
            <CharacterOffsetBegin>924</CharacterOffsetBegin>
            <CharacterOffsetEnd>928</CharacterOffsetEnd>
            <POS>VBD</POS>
            <deprel>conj</deprel>
            <depreal_head_id>134</depreal_head_id>
            <depreal_head_text>bringing</depreal_head_text>
            <ner>O</ner>
          </token>
          <token id="149">
            <word>Geodis</word>
            <lemma>Geodis</lemma>
            <CharacterOffsetBegin>929</CharacterOffsetBegin>
            <CharacterOffsetEnd>935</CharacterOffsetEnd>
            <POS>NNP</POS>
            <deprel>obj</deprel>
            <depreal_head_id>154</depreal_head_id>
            <depreal_head_text>forwarding</depreal_head_text>
            <ner>S-ORG</ner>
          </token>
          <token id="150">
            <word>executive</word>
            <lemma>executive</lemma>
            <CharacterOffsetBegin>936</CharacterOffsetBegin>
            <CharacterOffsetEnd>945</CharacterOffsetEnd>
            <POS>JJ</POS>
            <deprel>amod</deprel>
            <depreal_head_id>152</depreal_head_id>
            <depreal_head_text>president</depreal_head_text>
            <ner>O</ner>
          </token>
          <token id="151">
            <word>vice</word>
            <lemma>vice</lemma>
            <CharacterOffsetBegin>946</CharacterOffsetBegin>
            <CharacterOffsetEnd>950</CharacterOffsetEnd>
            <POS>JJ</POS>
            <deprel>amod</deprel>
            <depreal_head_id>152</depreal_head_id>
            <depreal_head_text>president</depreal_head_text>
            <ner>O</ner>
          </token>
          <token id="152">
            <word>president</word>
            <lemma>president</lemma>
            <CharacterOffsetBegin>951</CharacterOffsetBegin>
            <CharacterOffsetEnd>960</CharacterOffsetEnd>
            <POS>NN</POS>
            <deprel>nsubj</deprel>
            <depreal_head_id>154</depreal_head_id>
            <depreal_head_text>forwarding</depreal_head_text>
            <ner>O</ner>
          </token>
          <token id="153">
            <word>freight</word>
            <lemma>freight</lemma>
            <CharacterOffsetBegin>961</CharacterOffsetBegin>
            <CharacterOffsetEnd>968</CharacterOffsetEnd>
            <POS>NN</POS>
            <deprel>nmod</deprel>
            <depreal_head_id>155</depreal_head_id>
            <depreal_head_text>Kim</depreal_head_text>
            <ner>O</ner>
          </token>
          <token id="154">
            <word>forwarding</word>
            <lemma>forward</lemma>
            <CharacterOffsetBegin>969</CharacterOffsetBegin>
            <CharacterOffsetEnd>979</CharacterOffsetEnd>
            <POS>VBG</POS>
            <deprel>xcomp</deprel>
            <depreal_head_id>148</depreal_head_id>
            <depreal_head_text>said</depreal_head_text>
            <ner>O</ner>
          </token>
          <token id="155">
            <word>Kim</word>
            <lemma>Kim</lemma>
            <CharacterOffsetBegin>980</CharacterOffsetBegin>
            <CharacterOffsetEnd>983</CharacterOffsetEnd>
            <POS>NNP</POS>
            <deprel>xcomp</deprel>
            <depreal_head_id>154</depreal_head_id>
            <depreal_head_text>forwarding</depreal_head_text>
            <ner>B-PERSON</ner>
          </token>
          <token id="156">
            <word>Pedersen</word>
            <lemma>Pedersen</lemma>
            <CharacterOffsetBegin>984</CharacterOffsetBegin>
            <CharacterOffsetEnd>992</CharacterOffsetEnd>
            <POS>NNP</POS>
            <deprel>flat</deprel>
            <depreal_head_id>155</depreal_head_id>
            <depreal_head_text>Kim</depreal_head_text>
            <ner>E-PERSON</ner>
          </token>
          <token id="157">
            <word>.</word>
            <lemma>.</lemma>
            <CharacterOffsetBegin>992</CharacterOffsetBegin>
            <CharacterOffsetEnd>993</CharacterOffsetEnd>
            <POS>.</POS>
            <deprel>punct</deprel>
            <depreal_head_id>148</depreal_head_id>
            <depreal_head_text>said</depreal_head_text>
            <ner>O</ner>
          </token>
          <token id="158">
            <word>"</word>
            <lemma>&amp;quot;</lemma>
            <CharacterOffsetBegin>994</CharacterOffsetBegin>
            <CharacterOffsetEnd>995</CharacterOffsetEnd>
            <POS>``</POS>
            <deprel>punct</deprel>
            <depreal_head_id>163</depreal_head_id>
            <depreal_head_text>evolving</depreal_head_text>
            <ner>O</ner>
          </token>
          <token id="159">
            <word>It</word>
            <lemma>it</lemma>
            <CharacterOffsetBegin>995</CharacterOffsetBegin>
            <CharacterOffsetEnd>997</CharacterOffsetEnd>
            <POS>PRP</POS>
            <deprel>nsubj</deprel>
            <depreal_head_id>168</depreal_head_id>
            <depreal_head_text>platform</depreal_head_text>
            <ner>O</ner>
          </token>
          <token id="160">
            <word>is</word>
            <lemma>be</lemma>
            <CharacterOffsetBegin>998</CharacterOffsetBegin>
            <CharacterOffsetEnd>1000</CharacterOffsetEnd>
            <POS>VBZ</POS>
            <deprel>cop</deprel>
            <depreal_head_id>168</depreal_head_id>
            <depreal_head_text>platform</depreal_head_text>
            <ner>O</ner>
          </token>
          <token id="161">
            <word>a</word>
            <lemma>a</lemma>
            <CharacterOffsetBegin>1001</CharacterOffsetBegin>
            <CharacterOffsetEnd>1002</CharacterOffsetEnd>
            <POS>DT</POS>
            <deprel>det</deprel>
            <depreal_head_id>168</depreal_head_id>
            <depreal_head_text>platform</depreal_head_text>
            <ner>O</ner>
          </token>
          <token id="162">
            <word>constantly</word>
            <lemma>constant</lemma>
            <CharacterOffsetBegin>1003</CharacterOffsetBegin>
            <CharacterOffsetEnd>1013</CharacterOffsetEnd>
            <POS>RB</POS>
            <deprel>advmod</deprel>
            <depreal_head_id>163</depreal_head_id>
            <depreal_head_text>evolving</depreal_head_text>
            <ner>O</ner>
          </token>
          <token id="163">
            <word>evolving</word>
            <lemma>evolve</lemma>
            <CharacterOffsetBegin>1014</CharacterOffsetBegin>
            <CharacterOffsetEnd>1022</CharacterOffsetEnd>
            <POS>VBG</POS>
            <deprel>amod</deprel>
            <depreal_head_id>168</depreal_head_id>
            <depreal_head_text>platform</depreal_head_text>
            <ner>O</ner>
          </token>
          <token id="164">
            <word>,</word>
            <lemma>,</lemma>
            <CharacterOffsetBegin>1022</CharacterOffsetBegin>
            <CharacterOffsetEnd>1023</CharacterOffsetEnd>
            <POS>,</POS>
            <deprel>punct</deprel>
            <depreal_head_id>165</depreal_head_id>
            <depreal_head_text>robust</depreal_head_text>
            <ner>O</ner>
          </token>
          <token id="165">
            <word>robust</word>
            <lemma>robust</lemma>
            <CharacterOffsetBegin>1024</CharacterOffsetBegin>
            <CharacterOffsetEnd>1030</CharacterOffsetEnd>
            <POS>JJ</POS>
            <deprel>amod</deprel>
            <depreal_head_id>168</depreal_head_id>
            <depreal_head_text>platform</depreal_head_text>
            <ner>O</ner>
          </token>
          <token id="166">
            <word>and</word>
            <lemma>and</lemma>
            <CharacterOffsetBegin>1031</CharacterOffsetBegin>
            <CharacterOffsetEnd>1034</CharacterOffsetEnd>
            <POS>CC</POS>
            <deprel>cc</deprel>
            <depreal_head_id>167</depreal_head_id>
            <depreal_head_text>innovative</depreal_head_text>
            <ner>O</ner>
          </token>
          <token id="167">
            <word>innovative</word>
            <lemma>innovative</lemma>
            <CharacterOffsetBegin>1035</CharacterOffsetBegin>
            <CharacterOffsetEnd>1045</CharacterOffsetEnd>
            <POS>JJ</POS>
            <deprel>conj</deprel>
            <depreal_head_id>165</depreal_head_id>
            <depreal_head_text>robust</depreal_head_text>
            <ner>O</ner>
          </token>
          <token id="168">
            <word>platform</word>
            <lemma>platform</lemma>
            <CharacterOffsetBegin>1046</CharacterOffsetBegin>
            <CharacterOffsetEnd>1054</CharacterOffsetEnd>
            <POS>NN</POS>
            <deprel>obl</deprel>
            <depreal_head_id>134</depreal_head_id>
            <depreal_head_text>bringing</depreal_head_text>
            <ner>O</ner>
          </token>
          <token id="169">
            <word>that</word>
            <lemma>that</lemma>
            <CharacterOffsetBegin>1055</CharacterOffsetBegin>
            <CharacterOffsetEnd>1059</CharacterOffsetEnd>
            <POS>WDT</POS>
            <deprel>nsubj</deprel>
            <depreal_head_id>170</depreal_head_id>
            <depreal_head_text>enables</depreal_head_text>
            <ner>O</ner>
          </token>
          <token id="170">
            <word>enables</word>
            <lemma>enable</lemma>
            <CharacterOffsetBegin>1060</CharacterOffsetBegin>
            <CharacterOffsetEnd>1067</CharacterOffsetEnd>
            <POS>VBZ</POS>
            <deprel>acl:relcl</deprel>
            <depreal_head_id>168</depreal_head_id>
            <depreal_head_text>platform</depreal_head_text>
            <ner>O</ner>
          </token>
          <token id="171">
            <word>our</word>
            <lemma>we</lemma>
            <CharacterOffsetBegin>1068</CharacterOffsetBegin>
            <CharacterOffsetEnd>1071</CharacterOffsetEnd>
            <POS>PRP$</POS>
            <deprel>nmod:poss</deprel>
            <depreal_head_id>172</depreal_head_id>
            <depreal_head_text>customers</depreal_head_text>
            <ner>O</ner>
          </token>
          <token id="172">
            <word>customers</word>
            <lemma>customer</lemma>
            <CharacterOffsetBegin>1072</CharacterOffsetBegin>
            <CharacterOffsetEnd>1081</CharacterOffsetEnd>
            <POS>NNS</POS>
            <deprel>obj</deprel>
            <depreal_head_id>170</depreal_head_id>
            <depreal_head_text>enables</depreal_head_text>
            <ner>O</ner>
          </token>
          <token id="173">
            <word>to</word>
            <lemma>to</lemma>
            <CharacterOffsetBegin>1082</CharacterOffsetBegin>
            <CharacterOffsetEnd>1084</CharacterOffsetEnd>
            <POS>TO</POS>
            <deprel>mark</deprel>
            <depreal_head_id>174</depreal_head_id>
            <depreal_head_text>take</depreal_head_text>
            <ner>O</ner>
          </token>
          <token id="174">
            <word>take</word>
            <lemma>take</lemma>
            <CharacterOffsetBegin>1085</CharacterOffsetBegin>
            <CharacterOffsetEnd>1089</CharacterOffsetEnd>
            <POS>VB</POS>
            <deprel>xcomp</deprel>
            <depreal_head_id>170</depreal_head_id>
            <depreal_head_text>enables</depreal_head_text>
            <ner>O</ner>
          </token>
          <token id="175">
            <word>their</word>
            <lemma>they</lemma>
            <CharacterOffsetBegin>1090</CharacterOffsetBegin>
            <CharacterOffsetEnd>1095</CharacterOffsetEnd>
            <POS>PRP$</POS>
            <deprel>nmod:poss</deprel>
            <depreal_head_id>176</depreal_head_id>
            <depreal_head_text>supply</depreal_head_text>
            <ner>O</ner>
          </token>
          <token id="176">
            <word>supply</word>
            <lemma>supply</lemma>
            <CharacterOffsetBegin>1096</CharacterOffsetBegin>
            <CharacterOffsetEnd>1102</CharacterOffsetEnd>
            <POS>NN</POS>
            <deprel>obj</deprel>
            <depreal_head_id>174</depreal_head_id>
            <depreal_head_text>take</depreal_head_text>
            <ner>O</ner>
          </token>
          <token id="177">
            <word>chain</word>
            <lemma>chain</lemma>
            <CharacterOffsetBegin>1103</CharacterOffsetBegin>
            <CharacterOffsetEnd>1108</CharacterOffsetEnd>
            <POS>NN</POS>
            <deprel>flat</deprel>
            <depreal_head_id>176</depreal_head_id>
            <depreal_head_text>supply</depreal_head_text>
            <ner>O</ner>
          </token>
          <token id="178">
            <word>management</word>
            <lemma>management</lemma>
            <CharacterOffsetBegin>1109</CharacterOffsetBegin>
            <CharacterOffsetEnd>1119</CharacterOffsetEnd>
            <POS>NN</POS>
            <deprel>obj</deprel>
            <depreal_head_id>174</depreal_head_id>
            <depreal_head_text>take</depreal_head_text>
            <ner>O</ner>
          </token>
          <token id="179">
            <word>to</word>
            <lemma>to</lemma>
            <CharacterOffsetBegin>1120</CharacterOffsetBegin>
            <CharacterOffsetEnd>1122</CharacterOffsetEnd>
            <POS>TO</POS>
            <deprel>case</deprel>
            <depreal_head_id>182</depreal_head_id>
            <depreal_head_text>level</depreal_head_text>
            <ner>O</ner>
          </token>
          <token id="180">
            <word>the</word>
            <lemma>the</lemma>
            <CharacterOffsetBegin>1123</CharacterOffsetBegin>
            <CharacterOffsetEnd>1126</CharacterOffsetEnd>
            <POS>DT</POS>
            <deprel>det</deprel>
            <depreal_head_id>182</depreal_head_id>
            <depreal_head_text>level</depreal_head_text>
            <ner>O</ner>
          </token>
          <token id="181">
            <word>next</word>
            <lemma>next</lemma>
            <CharacterOffsetBegin>1127</CharacterOffsetBegin>
            <CharacterOffsetEnd>1131</CharacterOffsetEnd>
            <POS>JJ</POS>
            <deprel>amod</deprel>
            <depreal_head_id>182</depreal_head_id>
            <depreal_head_text>level</depreal_head_text>
            <ner>O</ner>
          </token>
          <token id="182">
            <word>level</word>
            <lemma>level</lemma>
            <CharacterOffsetBegin>1132</CharacterOffsetBegin>
            <CharacterOffsetEnd>1137</CharacterOffsetEnd>
            <POS>NN</POS>
            <deprel>obl</deprel>
            <depreal_head_id>174</depreal_head_id>
            <depreal_head_text>take</depreal_head_text>
            <ner>O</ner>
          </token>
          <token id="183">
            <word>,</word>
            <lemma>,</lemma>
            <CharacterOffsetBegin>1137</CharacterOffsetBegin>
            <CharacterOffsetEnd>1138</CharacterOffsetEnd>
            <POS>,</POS>
            <deprel>punct</deprel>
            <depreal_head_id>186</depreal_head_id>
            <depreal_head_text>track</depreal_head_text>
            <ner>O</ner>
          </token>
          <token id="184">
            <word>far</word>
            <lemma>far</lemma>
            <CharacterOffsetBegin>1139</CharacterOffsetBegin>
            <CharacterOffsetEnd>1142</CharacterOffsetEnd>
            <POS>RB</POS>
            <deprel>advmod</deprel>
            <depreal_head_id>186</depreal_head_id>
            <depreal_head_text>track</depreal_head_text>
            <ner>O</ner>
          </token>
          <token id="185">
            <word>beyond</word>
            <lemma>beyond</lemma>
            <CharacterOffsetBegin>1143</CharacterOffsetBegin>
            <CharacterOffsetEnd>1149</CharacterOffsetEnd>
            <POS>IN</POS>
            <deprel>case</deprel>
            <depreal_head_id>186</depreal_head_id>
            <depreal_head_text>track</depreal_head_text>
            <ner>O</ner>
          </token>
          <token id="186">
            <word>track</word>
            <lemma>track</lemma>
            <CharacterOffsetBegin>1150</CharacterOffsetBegin>
            <CharacterOffsetEnd>1155</CharacterOffsetEnd>
            <POS>NN</POS>
            <deprel>nmod</deprel>
            <depreal_head_id>182</depreal_head_id>
            <depreal_head_text>level</depreal_head_text>
            <ner>O</ner>
          </token>
          <token id="187">
            <word>and</word>
            <lemma>and</lemma>
            <CharacterOffsetBegin>1156</CharacterOffsetBegin>
            <CharacterOffsetEnd>1159</CharacterOffsetEnd>
            <POS>CC</POS>
            <deprel>cc</deprel>
            <depreal_head_id>188</depreal_head_id>
            <depreal_head_text>trace</depreal_head_text>
            <ner>O</ner>
          </token>
          <token id="188">
            <word>trace</word>
            <lemma>trace</lemma>
            <CharacterOffsetBegin>1160</CharacterOffsetBegin>
            <CharacterOffsetEnd>1165</CharacterOffsetEnd>
            <POS>NN</POS>
            <deprel>conj</deprel>
            <depreal_head_id>186</depreal_head_id>
            <depreal_head_text>track</depreal_head_text>
            <ner>O</ner>
          </token>
          <token id="189">
            <word>.</word>
            <lemma>.</lemma>
            <CharacterOffsetBegin>1165</CharacterOffsetBegin>
            <CharacterOffsetEnd>1166</CharacterOffsetEnd>
            <POS>.</POS>
            <deprel>punct</deprel>
            <depreal_head_id>184</depreal_head_id>
            <depreal_head_text>far</depreal_head_text>
            <ner>O</ner>
          </token>
          <token id="190">
            <word>"</word>
            <lemma>&amp;quot;</lemma>
            <CharacterOffsetBegin>1167</CharacterOffsetBegin>
            <CharacterOffsetEnd>1168</CharacterOffsetEnd>
            <POS>``</POS>
            <deprel>punct</deprel>
            <depreal_head_id>198</depreal_head_id>
            <depreal_head_text>using</depreal_head_text>
            <ner>O</ner>
          </token>
          <token id="191">
            <word>More</word>
            <lemma>much</lemma>
            <CharacterOffsetBegin>1168</CharacterOffsetBegin>
            <CharacterOffsetEnd>1172</CharacterOffsetEnd>
            <POS>JJR</POS>
            <deprel>advmod</deprel>
            <depreal_head_id>198</depreal_head_id>
            <depreal_head_text>using</depreal_head_text>
            <ner>B-CARDINAL</ner>
          </token>
          <token id="192">
            <word>than</word>
            <lemma>than</lemma>
            <CharacterOffsetBegin>1173</CharacterOffsetBegin>
            <CharacterOffsetEnd>1177</CharacterOffsetEnd>
            <POS>IN</POS>
            <deprel>fixed</deprel>
            <depreal_head_id>191</depreal_head_id>
            <depreal_head_text>More</depreal_head_text>
            <ner>I-CARDINAL</ner>
          </token>
          <token id="193">
            <word>20,000</word>
            <lemma>20,000</lemma>
            <CharacterOffsetBegin>1178</CharacterOffsetBegin>
            <CharacterOffsetEnd>1184</CharacterOffsetEnd>
            <POS>CD</POS>
            <deprel>nummod</deprel>
            <depreal_head_id>191</depreal_head_id>
            <depreal_head_text>More</depreal_head_text>
            <ner>E-CARDINAL</ner>
          </token>
          <token id="194">
            <word>of</word>
            <lemma>of</lemma>
            <CharacterOffsetBegin>1185</CharacterOffsetBegin>
            <CharacterOffsetEnd>1187</CharacterOffsetEnd>
            <POS>IN</POS>
            <deprel>case</deprel>
            <depreal_head_id>196</depreal_head_id>
            <depreal_head_text>customers</depreal_head_text>
            <ner>O</ner>
          </token>
          <token id="195">
            <word>our</word>
            <lemma>we</lemma>
            <CharacterOffsetBegin>1188</CharacterOffsetBegin>
            <CharacterOffsetEnd>1191</CharacterOffsetEnd>
            <POS>PRP$</POS>
            <deprel>nmod:poss</deprel>
            <depreal_head_id>196</depreal_head_id>
            <depreal_head_text>customers</depreal_head_text>
            <ner>O</ner>
          </token>
          <token id="196">
            <word>customers</word>
            <lemma>customer</lemma>
            <CharacterOffsetBegin>1192</CharacterOffsetBegin>
            <CharacterOffsetEnd>1201</CharacterOffsetEnd>
            <POS>NNS</POS>
            <deprel>nmod</deprel>
            <depreal_head_id>193</depreal_head_id>
            <depreal_head_text>20,000</depreal_head_text>
            <ner>O</ner>
          </token>
          <token id="197">
            <word>are</word>
            <lemma>be</lemma>
            <CharacterOffsetBegin>1202</CharacterOffsetBegin>
            <CharacterOffsetEnd>1205</CharacterOffsetEnd>
            <POS>VBP</POS>
            <deprel>aux</deprel>
            <depreal_head_id>198</depreal_head_id>
            <depreal_head_text>using</depreal_head_text>
            <ner>O</ner>
          </token>
          <token id="198">
            <word>using</word>
            <lemma>use</lemma>
            <CharacterOffsetBegin>1206</CharacterOffsetBegin>
            <CharacterOffsetEnd>1211</CharacterOffsetEnd>
            <POS>VBG</POS>
            <deprel>acl</deprel>
            <depreal_head_id>186</depreal_head_id>
            <depreal_head_text>track</depreal_head_text>
            <ner>O</ner>
          </token>
          <token id="199">
            <word>IRIS</word>
            <lemma>IRIS</lemma>
            <CharacterOffsetBegin>1212</CharacterOffsetBegin>
            <CharacterOffsetEnd>1216</CharacterOffsetEnd>
            <POS>NNP</POS>
            <deprel>obj</deprel>
            <depreal_head_id>198</depreal_head_id>
            <depreal_head_text>using</depreal_head_text>
            <ner>S-ORG</ner>
          </token>
          <token id="200">
            <word>already</word>
            <lemma>already</lemma>
            <CharacterOffsetBegin>1217</CharacterOffsetBegin>
            <CharacterOffsetEnd>1224</CharacterOffsetEnd>
            <POS>RB</POS>
            <deprel>advmod</deprel>
            <depreal_head_id>198</depreal_head_id>
            <depreal_head_text>using</depreal_head_text>
            <ner>O</ner>
          </token>
          <token id="201">
            <word>today</word>
            <lemma>today</lemma>
            <CharacterOffsetBegin>1225</CharacterOffsetBegin>
            <CharacterOffsetEnd>1230</CharacterOffsetEnd>
            <POS>NN</POS>
            <deprel>obl</deprel>
            <depreal_head_id>198</depreal_head_id>
            <depreal_head_text>using</depreal_head_text>
            <ner>S-DATE</ner>
          </token>
          <token id="202">
            <word>,</word>
            <lemma>,</lemma>
            <CharacterOffsetBegin>1230</CharacterOffsetBegin>
            <CharacterOffsetEnd>1231</CharacterOffsetEnd>
            <POS>,</POS>
            <deprel>punct</deprel>
            <depreal_head_id>198</depreal_head_id>
            <depreal_head_text>using</depreal_head_text>
            <ner>O</ner>
          </token>
          <token id="203">
            <word>and</word>
            <lemma>and</lemma>
            <CharacterOffsetBegin>1232</CharacterOffsetBegin>
            <CharacterOffsetEnd>1235</CharacterOffsetEnd>
            <POS>CC</POS>
            <deprel>cc</deprel>
            <depreal_head_id>206</depreal_head_id>
            <depreal_head_text>help</depreal_head_text>
            <ner>O</ner>
          </token>
          <token id="204">
            <word>it</word>
            <lemma>it</lemma>
            <CharacterOffsetBegin>1236</CharacterOffsetBegin>
            <CharacterOffsetEnd>1238</CharacterOffsetEnd>
            <POS>PRP</POS>
            <deprel>nsubj</deprel>
            <depreal_head_id>206</depreal_head_id>
            <depreal_head_text>help</depreal_head_text>
            <ner>O</ner>
          </token>
          <token id="205">
            <word>will</word>
            <lemma>will</lemma>
            <CharacterOffsetBegin>1239</CharacterOffsetBegin>
            <CharacterOffsetEnd>1243</CharacterOffsetEnd>
            <POS>MD</POS>
            <deprel>aux</deprel>
            <depreal_head_id>206</depreal_head_id>
            <depreal_head_text>help</depreal_head_text>
            <ner>O</ner>
          </token>
          <token id="206">
            <word>help</word>
            <lemma>help</lemma>
            <CharacterOffsetBegin>1244</CharacterOffsetBegin>
            <CharacterOffsetEnd>1248</CharacterOffsetEnd>
            <POS>VB</POS>
            <deprel>conj</deprel>
            <depreal_head_id>198</depreal_head_id>
            <depreal_head_text>using</depreal_head_text>
            <ner>O</ner>
          </token>
          <token id="207">
            <word>them</word>
            <lemma>they</lemma>
            <CharacterOffsetBegin>1249</CharacterOffsetBegin>
            <CharacterOffsetEnd>1253</CharacterOffsetEnd>
            <POS>PRP</POS>
            <deprel>obj</deprel>
            <depreal_head_id>206</depreal_head_id>
            <depreal_head_text>help</depreal_head_text>
            <ner>O</ner>
          </token>
          <token id="208">
            <word>and</word>
            <lemma>and</lemma>
            <CharacterOffsetBegin>1254</CharacterOffsetBegin>
            <CharacterOffsetEnd>1257</CharacterOffsetEnd>
            <POS>CC</POS>
            <deprel>cc</deprel>
            <depreal_head_id>212</depreal_head_id>
            <depreal_head_text>become</depreal_head_text>
            <ner>O</ner>
          </token>
          <token id="209">
            <word>many</word>
            <lemma>many</lemma>
            <CharacterOffsetBegin>1258</CharacterOffsetBegin>
            <CharacterOffsetEnd>1262</CharacterOffsetEnd>
            <POS>JJ</POS>
            <deprel>amod</deprel>
            <depreal_head_id>210</depreal_head_id>
            <depreal_head_text>more</depreal_head_text>
            <ner>O</ner>
          </token>
          <token id="210">
            <word>more</word>
            <lemma>much</lemma>
            <CharacterOffsetBegin>1263</CharacterOffsetBegin>
            <CharacterOffsetEnd>1267</CharacterOffsetEnd>
            <POS>JJR</POS>
            <deprel>advmod</deprel>
            <depreal_head_id>212</depreal_head_id>
            <depreal_head_text>become</depreal_head_text>
            <ner>O</ner>
          </token>
          <token id="211">
            <word>to</word>
            <lemma>to</lemma>
            <CharacterOffsetBegin>1268</CharacterOffsetBegin>
            <CharacterOffsetEnd>1270</CharacterOffsetEnd>
            <POS>TO</POS>
            <deprel>mark</deprel>
            <depreal_head_id>212</depreal_head_id>
            <depreal_head_text>become</depreal_head_text>
            <ner>O</ner>
          </token>
          <token id="212">
            <word>become</word>
            <lemma>become</lemma>
            <CharacterOffsetBegin>1271</CharacterOffsetBegin>
            <CharacterOffsetEnd>1277</CharacterOffsetEnd>
            <POS>VB</POS>
            <deprel>conj</deprel>
            <depreal_head_id>206</depreal_head_id>
            <depreal_head_text>help</depreal_head_text>
            <ner>O</ner>
          </token>
          <token id="213">
            <word>more</word>
            <lemma>very</lemma>
            <CharacterOffsetBegin>1278</CharacterOffsetBegin>
            <CharacterOffsetEnd>1282</CharacterOffsetEnd>
            <POS>RBR</POS>
            <deprel>advmod</deprel>
            <depreal_head_id>214</depreal_head_id>
            <depreal_head_text>efficient</depreal_head_text>
            <ner>O</ner>
          </token>
          <token id="214">
            <word>efficient</word>
            <lemma>efficient</lemma>
            <CharacterOffsetBegin>1283</CharacterOffsetBegin>
            <CharacterOffsetEnd>1292</CharacterOffsetEnd>
            <POS>JJ</POS>
            <deprel>xcomp</deprel>
            <depreal_head_id>212</depreal_head_id>
            <depreal_head_text>become</depreal_head_text>
            <ner>O</ner>
          </token>
          <token id="215">
            <word>,</word>
            <lemma>,</lemma>
            <CharacterOffsetBegin>1292</CharacterOffsetBegin>
            <CharacterOffsetEnd>1293</CharacterOffsetEnd>
            <POS>,</POS>
            <deprel>punct</deprel>
            <depreal_head_id>216</depreal_head_id>
            <depreal_head_text>now</depreal_head_text>
            <ner>O</ner>
          </token>
          <token id="216">
            <word>now</word>
            <lemma>now</lemma>
            <CharacterOffsetBegin>1294</CharacterOffsetBegin>
            <CharacterOffsetEnd>1297</CharacterOffsetEnd>
            <POS>RB</POS>
            <deprel>advmod</deprel>
            <depreal_head_id>212</depreal_head_id>
            <depreal_head_text>become</depreal_head_text>
            <ner>O</ner>
          </token>
          <token id="217">
            <word>and</word>
            <lemma>and</lemma>
            <CharacterOffsetBegin>1298</CharacterOffsetBegin>
            <CharacterOffsetEnd>1301</CharacterOffsetEnd>
            <POS>CC</POS>
            <deprel>cc</deprel>
            <depreal_head_id>218</depreal_head_id>
            <depreal_head_text>in</depreal_head_text>
            <ner>O</ner>
          </token>
          <token id="218">
            <word>in</word>
            <lemma>in</lemma>
            <CharacterOffsetBegin>1302</CharacterOffsetBegin>
            <CharacterOffsetEnd>1304</CharacterOffsetEnd>
            <POS>IN</POS>
            <deprel>case</deprel>
            <depreal_head_id>220</depreal_head_id>
            <depreal_head_text>future</depreal_head_text>
            <ner>O</ner>
          </token>
          <token id="219">
            <word>the</word>
            <lemma>the</lemma>
            <CharacterOffsetBegin>1305</CharacterOffsetBegin>
            <CharacterOffsetEnd>1308</CharacterOffsetEnd>
            <POS>DT</POS>
            <deprel>det</deprel>
            <depreal_head_id>220</depreal_head_id>
            <depreal_head_text>future</depreal_head_text>
            <ner>O</ner>
          </token>
          <token id="220">
            <word>future</word>
            <lemma>future</lemma>
            <CharacterOffsetBegin>1309</CharacterOffsetBegin>
            <CharacterOffsetEnd>1315</CharacterOffsetEnd>
            <POS>NN</POS>
            <deprel>obl</deprel>
            <depreal_head_id>212</depreal_head_id>
            <depreal_head_text>become</depreal_head_text>
            <ner>O</ner>
          </token>
          <token id="221">
            <word>.</word>
            <lemma>.</lemma>
            <CharacterOffsetBegin>1315</CharacterOffsetBegin>
            <CharacterOffsetEnd>1316</CharacterOffsetEnd>
            <POS>.</POS>
            <deprel>punct</deprel>
            <depreal_head_id>206</depreal_head_id>
            <depreal_head_text>help</depreal_head_text>
            <ner>O</ner>
          </token>
          <token id="222">
            <word>"</word>
            <lemma>&amp;quot;</lemma>
            <CharacterOffsetBegin>1316</CharacterOffsetBegin>
            <CharacterOffsetEnd>1317</CharacterOffsetEnd>
            <POS>''</POS>
            <deprel>punct</deprel>
            <depreal_head_id>206</depreal_head_id>
            <depreal_head_text>help</depreal_head_text>
            <ner>O</ner>
          </token>
        </tokens>
      </sentence>
    </sentences>
  </document>
</root>
