<root>
  <document>
    <sentences>
      <sentence section="title" type="title" id="1">
        <tokens>
          <token id="1">
            <word>Trial</word>
            <lemma>trial</lemma>
            <CharacterOffsetBegin>0</CharacterOffsetBegin>
            <CharacterOffsetEnd>5</CharacterOffsetEnd>
            <POS>NN</POS>
            <deprel>compound</deprel>
            <depreal_head_id>2</depreal_head_id>
            <depreal_head_text>operations</depreal_head_text>
            <ner>O</ner>
          </token>
          <token id="2">
            <word>operations</word>
            <lemma>operation</lemma>
            <CharacterOffsetBegin>6</CharacterOffsetBegin>
            <CharacterOffsetEnd>16</CharacterOffsetEnd>
            <POS>NNS</POS>
            <deprel>root</deprel>
            <depreal_head_id>0</depreal_head_id>
            <depreal_head_text>root</depreal_head_text>
            <ner>O</ner>
          </token>
          <token id="3">
            <word>at</word>
            <lemma>at</lemma>
            <CharacterOffsetBegin>17</CharacterOffsetBegin>
            <CharacterOffsetEnd>19</CharacterOffsetEnd>
            <POS>IN</POS>
            <deprel>case</deprel>
            <depreal_head_id>5</depreal_head_id>
            <depreal_head_text>COOLPORT</depreal_head_text>
            <ner>O</ner>
          </token>
          <token id="4">
            <word>AISATS</word>
            <lemma>AISATS</lemma>
            <CharacterOffsetBegin>20</CharacterOffsetBegin>
            <CharacterOffsetEnd>26</CharacterOffsetEnd>
            <POS>NNP</POS>
            <deprel>nmod</deprel>
            <depreal_head_id>2</depreal_head_id>
            <depreal_head_text>operations</depreal_head_text>
            <ner>B-ORG</ner>
          </token>
          <token id="5">
            <word>COOLPORT</word>
            <lemma>CooLport</lemma>
            <CharacterOffsetBegin>27</CharacterOffsetBegin>
            <CharacterOffsetEnd>35</CharacterOffsetEnd>
            <POS>NNP</POS>
            <deprel>flat</deprel>
            <depreal_head_id>4</depreal_head_id>
            <depreal_head_text>AISATS</depreal_head_text>
            <ner>E-ORG</ner>
          </token>
          <token id="6">
            <word>commence</word>
            <lemma>commence</lemma>
            <CharacterOffsetBegin>36</CharacterOffsetBegin>
            <CharacterOffsetEnd>44</CharacterOffsetEnd>
            <POS>VBP</POS>
            <deprel>acl</deprel>
            <depreal_head_id>4</depreal_head_id>
            <depreal_head_text>AISATS</depreal_head_text>
            <ner>O</ner>
          </token>
          <token id="7">
            <word>in</word>
            <lemma>in</lemma>
            <CharacterOffsetBegin>45</CharacterOffsetBegin>
            <CharacterOffsetEnd>47</CharacterOffsetEnd>
            <POS>IN</POS>
            <deprel>case</deprel>
            <depreal_head_id>8</depreal_head_id>
            <depreal_head_text>Bengaluru</depreal_head_text>
            <ner>O</ner>
          </token>
          <token id="8">
            <word>Bengaluru</word>
            <lemma>Bengaluru</lemma>
            <CharacterOffsetBegin>48</CharacterOffsetBegin>
            <CharacterOffsetEnd>57</CharacterOffsetEnd>
            <POS>NNP</POS>
            <deprel>obl</deprel>
            <depreal_head_id>6</depreal_head_id>
            <depreal_head_text>commence</depreal_head_text>
            <ner>S-GPE</ner>
          </token>
        </tokens>
      </sentence>
      <sentence section="content" type="bodyText" id="2">
        <tokens>
          <token id="1">
            <word>Air</word>
            <lemma>Air</lemma>
            <CharacterOffsetBegin>58</CharacterOffsetBegin>
            <CharacterOffsetEnd>61</CharacterOffsetEnd>
            <POS>NNP</POS>
            <deprel>nsubj</deprel>
            <depreal_head_id>7</depreal_head_id>
            <depreal_head_text>commenced</depreal_head_text>
            <ner>B-ORG</ner>
          </token>
          <token id="2">
            <word>India</word>
            <lemma>India</lemma>
            <CharacterOffsetBegin>62</CharacterOffsetBegin>
            <CharacterOffsetEnd>67</CharacterOffsetEnd>
            <POS>NNP</POS>
            <deprel>flat</deprel>
            <depreal_head_id>1</depreal_head_id>
            <depreal_head_text>Air</depreal_head_text>
            <ner>I-ORG</ner>
          </token>
          <token id="3">
            <word>SATS</word>
            <lemma>SatS</lemma>
            <CharacterOffsetBegin>68</CharacterOffsetBegin>
            <CharacterOffsetEnd>72</CharacterOffsetEnd>
            <POS>NNP</POS>
            <deprel>compound</deprel>
            <depreal_head_id>5</depreal_head_id>
            <depreal_head_text>Services</depreal_head_text>
            <ner>I-ORG</ner>
          </token>
          <token id="4">
            <word>Airport</word>
            <lemma>Airport</lemma>
            <CharacterOffsetBegin>73</CharacterOffsetBegin>
            <CharacterOffsetEnd>80</CharacterOffsetEnd>
            <POS>NNP</POS>
            <deprel>compound</deprel>
            <depreal_head_id>5</depreal_head_id>
            <depreal_head_text>Services</depreal_head_text>
            <ner>I-ORG</ner>
          </token>
          <token id="5">
            <word>Services</word>
            <lemma>service</lemma>
            <CharacterOffsetBegin>81</CharacterOffsetBegin>
            <CharacterOffsetEnd>89</CharacterOffsetEnd>
            <POS>NNP</POS>
            <deprel>flat</deprel>
            <depreal_head_id>1</depreal_head_id>
            <depreal_head_text>Air</depreal_head_text>
            <ner>E-ORG</ner>
          </token>
          <token id="6">
            <word>has</word>
            <lemma>have</lemma>
            <CharacterOffsetBegin>90</CharacterOffsetBegin>
            <CharacterOffsetEnd>93</CharacterOffsetEnd>
            <POS>VBZ</POS>
            <deprel>aux</deprel>
            <depreal_head_id>7</depreal_head_id>
            <depreal_head_text>commenced</depreal_head_text>
            <ner>O</ner>
          </token>
          <token id="7">
            <word>commenced</word>
            <lemma>commence</lemma>
            <CharacterOffsetBegin>94</CharacterOffsetBegin>
            <CharacterOffsetEnd>103</CharacterOffsetEnd>
            <POS>VBN</POS>
            <deprel>root</deprel>
            <depreal_head_id>0</depreal_head_id>
            <depreal_head_text>root</depreal_head_text>
            <ner>O</ner>
          </token>
          <token id="8">
            <word>trial</word>
            <lemma>trial</lemma>
            <CharacterOffsetBegin>104</CharacterOffsetBegin>
            <CharacterOffsetEnd>109</CharacterOffsetEnd>
            <POS>JJ</POS>
            <deprel>amod</deprel>
            <depreal_head_id>9</depreal_head_id>
            <depreal_head_text>operations</depreal_head_text>
            <ner>O</ner>
          </token>
          <token id="9">
            <word>operations</word>
            <lemma>operation</lemma>
            <CharacterOffsetBegin>110</CharacterOffsetBegin>
            <CharacterOffsetEnd>120</CharacterOffsetEnd>
            <POS>NNS</POS>
            <deprel>obj</deprel>
            <depreal_head_id>7</depreal_head_id>
            <depreal_head_text>commenced</depreal_head_text>
            <ner>O</ner>
          </token>
          <token id="10">
            <word>of</word>
            <lemma>of</lemma>
            <CharacterOffsetBegin>121</CharacterOffsetBegin>
            <CharacterOffsetEnd>123</CharacterOffsetEnd>
            <POS>IN</POS>
            <deprel>case</deprel>
            <depreal_head_id>17</depreal_head_id>
            <depreal_head_text>centre</depreal_head_text>
            <ner>O</ner>
          </token>
          <token id="11">
            <word>its</word>
            <lemma>it</lemma>
            <CharacterOffsetBegin>124</CharacterOffsetBegin>
            <CharacterOffsetEnd>127</CharacterOffsetEnd>
            <POS>PRP$</POS>
            <deprel>nmod:poss</deprel>
            <depreal_head_id>17</depreal_head_id>
            <depreal_head_text>centre</depreal_head_text>
            <ner>O</ner>
          </token>
          <token id="12">
            <word>integrated</word>
            <lemma>integrated</lemma>
            <CharacterOffsetBegin>128</CharacterOffsetBegin>
            <CharacterOffsetEnd>138</CharacterOffsetEnd>
            <POS>JJ</POS>
            <deprel>amod</deprel>
            <depreal_head_id>17</depreal_head_id>
            <depreal_head_text>centre</depreal_head_text>
            <ner>O</ner>
          </token>
          <token id="13">
            <word>on-airport</word>
            <lemma>on-airport</lemma>
            <CharacterOffsetBegin>139</CharacterOffsetBegin>
            <CharacterOffsetEnd>149</CharacterOffsetEnd>
            <POS>JJ</POS>
            <deprel>amod</deprel>
            <depreal_head_id>17</depreal_head_id>
            <depreal_head_text>centre</depreal_head_text>
            <ner>O</ner>
          </token>
          <token id="14">
            <word>perishable</word>
            <lemma>perishable</lemma>
            <CharacterOffsetBegin>150</CharacterOffsetBegin>
            <CharacterOffsetEnd>160</CharacterOffsetEnd>
            <POS>JJ</POS>
            <deprel>amod</deprel>
            <depreal_head_id>17</depreal_head_id>
            <depreal_head_text>centre</depreal_head_text>
            <ner>O</ner>
          </token>
          <token id="15">
            <word>cargo</word>
            <lemma>cargo</lemma>
            <CharacterOffsetBegin>161</CharacterOffsetBegin>
            <CharacterOffsetEnd>166</CharacterOffsetEnd>
            <POS>NN</POS>
            <deprel>compound</deprel>
            <depreal_head_id>17</depreal_head_id>
            <depreal_head_text>centre</depreal_head_text>
            <ner>O</ner>
          </token>
          <token id="16">
            <word>handling</word>
            <lemma>handle</lemma>
            <CharacterOffsetBegin>167</CharacterOffsetBegin>
            <CharacterOffsetEnd>175</CharacterOffsetEnd>
            <POS>VBG</POS>
            <deprel>compound</deprel>
            <depreal_head_id>17</depreal_head_id>
            <depreal_head_text>centre</depreal_head_text>
            <ner>O</ner>
          </token>
          <token id="17">
            <word>centre</word>
            <lemma>centre</lemma>
            <CharacterOffsetBegin>176</CharacterOffsetBegin>
            <CharacterOffsetEnd>182</CharacterOffsetEnd>
            <POS>NN</POS>
            <deprel>nmod</deprel>
            <depreal_head_id>9</depreal_head_id>
            <depreal_head_text>operations</depreal_head_text>
            <ner>O</ner>
          </token>
          <token id="18">
            <word>at</word>
            <lemma>at</lemma>
            <CharacterOffsetBegin>183</CharacterOffsetBegin>
            <CharacterOffsetEnd>185</CharacterOffsetEnd>
            <POS>IN</POS>
            <deprel>case</deprel>
            <depreal_head_id>19</depreal_head_id>
            <depreal_head_text>Kempegowda</depreal_head_text>
            <ner>O</ner>
          </token>
          <token id="19">
            <word>Kempegowda</word>
            <lemma>Kempegowda</lemma>
            <CharacterOffsetBegin>186</CharacterOffsetBegin>
            <CharacterOffsetEnd>196</CharacterOffsetEnd>
            <POS>NNP</POS>
            <deprel>nmod</deprel>
            <depreal_head_id>17</depreal_head_id>
            <depreal_head_text>centre</depreal_head_text>
            <ner>B-FAC</ner>
          </token>
          <token id="20">
            <word>International</word>
            <lemma>International</lemma>
            <CharacterOffsetBegin>197</CharacterOffsetBegin>
            <CharacterOffsetEnd>210</CharacterOffsetEnd>
            <POS>NNP</POS>
            <deprel>flat</deprel>
            <depreal_head_id>19</depreal_head_id>
            <depreal_head_text>Kempegowda</depreal_head_text>
            <ner>I-FAC</ner>
          </token>
          <token id="21">
            <word>Airport</word>
            <lemma>Airport</lemma>
            <CharacterOffsetBegin>211</CharacterOffsetBegin>
            <CharacterOffsetEnd>218</CharacterOffsetEnd>
            <POS>NNP</POS>
            <deprel>flat</deprel>
            <depreal_head_id>19</depreal_head_id>
            <depreal_head_text>Kempegowda</depreal_head_text>
            <ner>E-FAC</ner>
          </token>
          <token id="22">
            <word>in</word>
            <lemma>in</lemma>
            <CharacterOffsetBegin>219</CharacterOffsetBegin>
            <CharacterOffsetEnd>221</CharacterOffsetEnd>
            <POS>IN</POS>
            <deprel>case</deprel>
            <depreal_head_id>23</depreal_head_id>
            <depreal_head_text>Bengaluru</depreal_head_text>
            <ner>O</ner>
          </token>
          <token id="23">
            <word>Bengaluru</word>
            <lemma>Bengaluru</lemma>
            <CharacterOffsetBegin>222</CharacterOffsetBegin>
            <CharacterOffsetEnd>231</CharacterOffsetEnd>
            <POS>NNP</POS>
            <deprel>nmod</deprel>
            <depreal_head_id>21</depreal_head_id>
            <depreal_head_text>Airport</depreal_head_text>
            <ner>S-GPE</ner>
          </token>
          <token id="24">
            <word>,</word>
            <lemma>,</lemma>
            <CharacterOffsetBegin>231</CharacterOffsetBegin>
            <CharacterOffsetEnd>232</CharacterOffsetEnd>
            <POS>,</POS>
            <deprel>punct</deprel>
            <depreal_head_id>27</depreal_head_id>
            <depreal_head_text>expected</depreal_head_text>
            <ner>O</ner>
          </token>
          <token id="25">
            <word>which</word>
            <lemma>which</lemma>
            <CharacterOffsetBegin>233</CharacterOffsetBegin>
            <CharacterOffsetEnd>238</CharacterOffsetEnd>
            <POS>WDT</POS>
            <deprel>nsubj:pass</deprel>
            <depreal_head_id>27</depreal_head_id>
            <depreal_head_text>expected</depreal_head_text>
            <ner>O</ner>
          </token>
          <token id="26">
            <word>is</word>
            <lemma>be</lemma>
            <CharacterOffsetBegin>239</CharacterOffsetBegin>
            <CharacterOffsetEnd>241</CharacterOffsetEnd>
            <POS>VBZ</POS>
            <deprel>aux:pass</deprel>
            <depreal_head_id>27</depreal_head_id>
            <depreal_head_text>expected</depreal_head_text>
            <ner>O</ner>
          </token>
          <token id="27">
            <word>expected</word>
            <lemma>expect</lemma>
            <CharacterOffsetBegin>242</CharacterOffsetBegin>
            <CharacterOffsetEnd>250</CharacterOffsetEnd>
            <POS>VBN</POS>
            <deprel>acl:relcl</deprel>
            <depreal_head_id>23</depreal_head_id>
            <depreal_head_text>Bengaluru</depreal_head_text>
            <ner>O</ner>
          </token>
          <token id="28">
            <word>to</word>
            <lemma>to</lemma>
            <CharacterOffsetBegin>251</CharacterOffsetBegin>
            <CharacterOffsetEnd>253</CharacterOffsetEnd>
            <POS>TO</POS>
            <deprel>mark</deprel>
            <depreal_head_id>30</depreal_head_id>
            <depreal_head_text>operational</depreal_head_text>
            <ner>O</ner>
          </token>
          <token id="29">
            <word>be</word>
            <lemma>be</lemma>
            <CharacterOffsetBegin>254</CharacterOffsetBegin>
            <CharacterOffsetEnd>256</CharacterOffsetEnd>
            <POS>VB</POS>
            <deprel>cop</deprel>
            <depreal_head_id>30</depreal_head_id>
            <depreal_head_text>operational</depreal_head_text>
            <ner>O</ner>
          </token>
          <token id="30">
            <word>operational</word>
            <lemma>operational</lemma>
            <CharacterOffsetBegin>257</CharacterOffsetBegin>
            <CharacterOffsetEnd>268</CharacterOffsetEnd>
            <POS>JJ</POS>
            <deprel>xcomp</deprel>
            <depreal_head_id>27</depreal_head_id>
            <depreal_head_text>expected</depreal_head_text>
            <ner>O</ner>
          </token>
          <token id="31">
            <word>by</word>
            <lemma>by</lemma>
            <CharacterOffsetBegin>269</CharacterOffsetBegin>
            <CharacterOffsetEnd>271</CharacterOffsetEnd>
            <POS>IN</POS>
            <deprel>case</deprel>
            <depreal_head_id>33</depreal_head_id>
            <depreal_head_text>end</depreal_head_text>
            <ner>O</ner>
          </token>
          <token id="32">
            <word>the</word>
            <lemma>the</lemma>
            <CharacterOffsetBegin>272</CharacterOffsetBegin>
            <CharacterOffsetEnd>275</CharacterOffsetEnd>
            <POS>DT</POS>
            <deprel>det</deprel>
            <depreal_head_id>33</depreal_head_id>
            <depreal_head_text>end</depreal_head_text>
            <ner>B-DATE</ner>
          </token>
          <token id="33">
            <word>end</word>
            <lemma>end</lemma>
            <CharacterOffsetBegin>276</CharacterOffsetBegin>
            <CharacterOffsetEnd>279</CharacterOffsetEnd>
            <POS>NN</POS>
            <deprel>nmod</deprel>
            <depreal_head_id>30</depreal_head_id>
            <depreal_head_text>operational</depreal_head_text>
            <ner>I-DATE</ner>
          </token>
          <token id="34">
            <word>of</word>
            <lemma>of</lemma>
            <CharacterOffsetBegin>280</CharacterOffsetBegin>
            <CharacterOffsetEnd>282</CharacterOffsetEnd>
            <POS>IN</POS>
            <deprel>case</deprel>
            <depreal_head_id>35</depreal_head_id>
            <depreal_head_text>2016</depreal_head_text>
            <ner>I-DATE</ner>
          </token>
          <token id="35">
            <word>2016</word>
            <lemma>2016</lemma>
            <CharacterOffsetBegin>283</CharacterOffsetBegin>
            <CharacterOffsetEnd>287</CharacterOffsetEnd>
            <POS>CD</POS>
            <deprel>nummod</deprel>
            <depreal_head_id>33</depreal_head_id>
            <depreal_head_text>end</depreal_head_text>
            <ner>E-DATE</ner>
          </token>
          <token id="36">
            <word>.</word>
            <lemma>.</lemma>
            <CharacterOffsetBegin>287</CharacterOffsetBegin>
            <CharacterOffsetEnd>288</CharacterOffsetEnd>
            <POS>.</POS>
            <deprel>punct</deprel>
            <depreal_head_id>7</depreal_head_id>
            <depreal_head_text>commenced</depreal_head_text>
            <ner>O</ner>
          </token>
        </tokens>
      </sentence>
      <sentence section="content" type="bodyText" id="3">
        <tokens>
          <token id="1">
            <word>The</word>
            <lemma>the</lemma>
            <CharacterOffsetBegin>289</CharacterOffsetBegin>
            <CharacterOffsetEnd>292</CharacterOffsetEnd>
            <POS>DT</POS>
            <deprel>det</deprel>
            <depreal_head_id>5</depreal_head_id>
            <depreal_head_text>facility</depreal_head_text>
            <ner>O</ner>
          </token>
          <token id="2">
            <word>11,000</word>
            <lemma>11,000</lemma>
            <CharacterOffsetBegin>293</CharacterOffsetBegin>
            <CharacterOffsetEnd>299</CharacterOffsetEnd>
            <POS>CD</POS>
            <deprel>nummod</deprel>
            <depreal_head_id>5</depreal_head_id>
            <depreal_head_text>facility</depreal_head_text>
            <ner>B-QUANTITY</ner>
          </token>
          <token id="3">
            <word>square</word>
            <lemma>square</lemma>
            <CharacterOffsetBegin>300</CharacterOffsetBegin>
            <CharacterOffsetEnd>306</CharacterOffsetEnd>
            <POS>JJ</POS>
            <deprel>amod</deprel>
            <depreal_head_id>5</depreal_head_id>
            <depreal_head_text>facility</depreal_head_text>
            <ner>I-QUANTITY</ner>
          </token>
          <token id="4">
            <word>metre</word>
            <lemma>metre</lemma>
            <CharacterOffsetBegin>307</CharacterOffsetBegin>
            <CharacterOffsetEnd>312</CharacterOffsetEnd>
            <POS>NN</POS>
            <deprel>nummod</deprel>
            <depreal_head_id>5</depreal_head_id>
            <depreal_head_text>facility</depreal_head_text>
            <ner>E-QUANTITY</ner>
          </token>
          <token id="5">
            <word>facility</word>
            <lemma>facility</lemma>
            <CharacterOffsetBegin>313</CharacterOffsetBegin>
            <CharacterOffsetEnd>321</CharacterOffsetEnd>
            <POS>NN</POS>
            <deprel>nsubj</deprel>
            <depreal_head_id>13</depreal_head_id>
            <depreal_head_text>venture</depreal_head_text>
            <ner>O</ner>
          </token>
          <token id="6">
            <word>,</word>
            <lemma>,</lemma>
            <CharacterOffsetBegin>321</CharacterOffsetBegin>
            <CharacterOffsetEnd>322</CharacterOffsetEnd>
            <POS>,</POS>
            <deprel>punct</deprel>
            <depreal_head_id>7</depreal_head_id>
            <depreal_head_text>AISATS</depreal_head_text>
            <ner>O</ner>
          </token>
          <token id="7">
            <word>AISATS</word>
            <lemma>AISATS</lemma>
            <CharacterOffsetBegin>323</CharacterOffsetBegin>
            <CharacterOffsetEnd>329</CharacterOffsetEnd>
            <POS>NNP</POS>
            <deprel>appos</deprel>
            <depreal_head_id>5</depreal_head_id>
            <depreal_head_text>facility</depreal_head_text>
            <ner>O</ner>
          </token>
          <token id="8">
            <word>COOLPORT</word>
            <lemma>CooLport</lemma>
            <CharacterOffsetBegin>330</CharacterOffsetBegin>
            <CharacterOffsetEnd>338</CharacterOffsetEnd>
            <POS>NNP</POS>
            <deprel>flat</deprel>
            <depreal_head_id>7</depreal_head_id>
            <depreal_head_text>AISATS</depreal_head_text>
            <ner>O</ner>
          </token>
          <token id="9">
            <word>,</word>
            <lemma>,</lemma>
            <CharacterOffsetBegin>338</CharacterOffsetBegin>
            <CharacterOffsetEnd>339</CharacterOffsetEnd>
            <POS>,</POS>
            <deprel>punct</deprel>
            <depreal_head_id>7</depreal_head_id>
            <depreal_head_text>AISATS</depreal_head_text>
            <ner>O</ner>
          </token>
          <token id="10">
            <word>is</word>
            <lemma>be</lemma>
            <CharacterOffsetBegin>340</CharacterOffsetBegin>
            <CharacterOffsetEnd>342</CharacterOffsetEnd>
            <POS>VBZ</POS>
            <deprel>cop</deprel>
            <depreal_head_id>13</depreal_head_id>
            <depreal_head_text>venture</depreal_head_text>
            <ner>O</ner>
          </token>
          <token id="11">
            <word>a</word>
            <lemma>a</lemma>
            <CharacterOffsetBegin>343</CharacterOffsetBegin>
            <CharacterOffsetEnd>344</CharacterOffsetEnd>
            <POS>DT</POS>
            <deprel>det</deprel>
            <depreal_head_id>13</depreal_head_id>
            <depreal_head_text>venture</depreal_head_text>
            <ner>O</ner>
          </token>
          <token id="12">
            <word>joint</word>
            <lemma>joint</lemma>
            <CharacterOffsetBegin>345</CharacterOffsetBegin>
            <CharacterOffsetEnd>350</CharacterOffsetEnd>
            <POS>JJ</POS>
            <deprel>amod</deprel>
            <depreal_head_id>13</depreal_head_id>
            <depreal_head_text>venture</depreal_head_text>
            <ner>O</ner>
          </token>
          <token id="13">
            <word>venture</word>
            <lemma>venture</lemma>
            <CharacterOffsetBegin>351</CharacterOffsetBegin>
            <CharacterOffsetEnd>358</CharacterOffsetEnd>
            <POS>NN</POS>
            <deprel>root</deprel>
            <depreal_head_id>0</depreal_head_id>
            <depreal_head_text>root</depreal_head_text>
            <ner>O</ner>
          </token>
          <token id="14">
            <word>between</word>
            <lemma>between</lemma>
            <CharacterOffsetBegin>359</CharacterOffsetBegin>
            <CharacterOffsetEnd>366</CharacterOffsetEnd>
            <POS>IN</POS>
            <deprel>case</deprel>
            <depreal_head_id>16</depreal_head_id>
            <depreal_head_text>India</depreal_head_text>
            <ner>O</ner>
          </token>
          <token id="15">
            <word>Air</word>
            <lemma>Air</lemma>
            <CharacterOffsetBegin>367</CharacterOffsetBegin>
            <CharacterOffsetEnd>370</CharacterOffsetEnd>
            <POS>NNP</POS>
            <deprel>nmod</deprel>
            <depreal_head_id>13</depreal_head_id>
            <depreal_head_text>venture</depreal_head_text>
            <ner>B-ORG</ner>
          </token>
          <token id="16">
            <word>India</word>
            <lemma>India</lemma>
            <CharacterOffsetBegin>371</CharacterOffsetBegin>
            <CharacterOffsetEnd>376</CharacterOffsetEnd>
            <POS>NNP</POS>
            <deprel>flat</deprel>
            <depreal_head_id>15</depreal_head_id>
            <depreal_head_text>Air</depreal_head_text>
            <ner>E-ORG</ner>
          </token>
          <token id="17">
            <word>and</word>
            <lemma>and</lemma>
            <CharacterOffsetBegin>377</CharacterOffsetBegin>
            <CharacterOffsetEnd>380</CharacterOffsetEnd>
            <POS>CC</POS>
            <deprel>cc</deprel>
            <depreal_head_id>18</depreal_head_id>
            <depreal_head_text>SATS</depreal_head_text>
            <ner>O</ner>
          </token>
          <token id="18">
            <word>SATS</word>
            <lemma>SatS</lemma>
            <CharacterOffsetBegin>381</CharacterOffsetBegin>
            <CharacterOffsetEnd>385</CharacterOffsetEnd>
            <POS>NNP</POS>
            <deprel>conj</deprel>
            <depreal_head_id>16</depreal_head_id>
            <depreal_head_text>India</depreal_head_text>
            <ner>S-ORG</ner>
          </token>
          <token id="19">
            <word>,</word>
            <lemma>,</lemma>
            <CharacterOffsetBegin>385</CharacterOffsetBegin>
            <CharacterOffsetEnd>386</CharacterOffsetEnd>
            <POS>,</POS>
            <deprel>punct</deprel>
            <depreal_head_id>22</depreal_head_id>
            <depreal_head_text>capacity</depreal_head_text>
            <ner>O</ner>
          </token>
          <token id="20">
            <word>with</word>
            <lemma>with</lemma>
            <CharacterOffsetBegin>387</CharacterOffsetBegin>
            <CharacterOffsetEnd>391</CharacterOffsetEnd>
            <POS>IN</POS>
            <deprel>case</deprel>
            <depreal_head_id>22</depreal_head_id>
            <depreal_head_text>capacity</depreal_head_text>
            <ner>O</ner>
          </token>
          <token id="21">
            <word>a</word>
            <lemma>a</lemma>
            <CharacterOffsetBegin>392</CharacterOffsetBegin>
            <CharacterOffsetEnd>393</CharacterOffsetEnd>
            <POS>DT</POS>
            <deprel>det</deprel>
            <depreal_head_id>22</depreal_head_id>
            <depreal_head_text>capacity</depreal_head_text>
            <ner>O</ner>
          </token>
          <token id="22">
            <word>capacity</word>
            <lemma>capacity</lemma>
            <CharacterOffsetBegin>394</CharacterOffsetBegin>
            <CharacterOffsetEnd>402</CharacterOffsetEnd>
            <POS>NN</POS>
            <deprel>nmod</deprel>
            <depreal_head_id>13</depreal_head_id>
            <depreal_head_text>venture</depreal_head_text>
            <ner>O</ner>
          </token>
          <token id="23">
            <word>to</word>
            <lemma>to</lemma>
            <CharacterOffsetBegin>403</CharacterOffsetBegin>
            <CharacterOffsetEnd>405</CharacterOffsetEnd>
            <POS>TO</POS>
            <deprel>mark</deprel>
            <depreal_head_id>24</depreal_head_id>
            <depreal_head_text>handle</depreal_head_text>
            <ner>O</ner>
          </token>
          <token id="24">
            <word>handle</word>
            <lemma>handle</lemma>
            <CharacterOffsetBegin>406</CharacterOffsetBegin>
            <CharacterOffsetEnd>412</CharacterOffsetEnd>
            <POS>VB</POS>
            <deprel>acl</deprel>
            <depreal_head_id>22</depreal_head_id>
            <depreal_head_text>capacity</depreal_head_text>
            <ner>O</ner>
          </token>
          <token id="25">
            <word>40,000</word>
            <lemma>40,000</lemma>
            <CharacterOffsetBegin>413</CharacterOffsetBegin>
            <CharacterOffsetEnd>419</CharacterOffsetEnd>
            <POS>CD</POS>
            <deprel>nummod</deprel>
            <depreal_head_id>26</depreal_head_id>
            <depreal_head_text>tonnes</depreal_head_text>
            <ner>B-QUANTITY</ner>
          </token>
          <token id="26">
            <word>tonnes</word>
            <lemma>tonne</lemma>
            <CharacterOffsetBegin>420</CharacterOffsetBegin>
            <CharacterOffsetEnd>426</CharacterOffsetEnd>
            <POS>NNS</POS>
            <deprel>obj</deprel>
            <depreal_head_id>24</depreal_head_id>
            <depreal_head_text>handle</depreal_head_text>
            <ner>E-QUANTITY</ner>
          </token>
          <token id="27">
            <word>per</word>
            <lemma>per</lemma>
            <CharacterOffsetBegin>427</CharacterOffsetBegin>
            <CharacterOffsetEnd>430</CharacterOffsetEnd>
            <POS>IN</POS>
            <deprel>case</deprel>
            <depreal_head_id>28</depreal_head_id>
            <depreal_head_text>annum</depreal_head_text>
            <ner>O</ner>
          </token>
          <token id="28">
            <word>annum</word>
            <lemma>annum</lemma>
            <CharacterOffsetBegin>431</CharacterOffsetBegin>
            <CharacterOffsetEnd>436</CharacterOffsetEnd>
            <POS>NN</POS>
            <deprel>nmod</deprel>
            <depreal_head_id>26</depreal_head_id>
            <depreal_head_text>tonnes</depreal_head_text>
            <ner>O</ner>
          </token>
          <token id="29">
            <word>to</word>
            <lemma>to</lemma>
            <CharacterOffsetBegin>437</CharacterOffsetBegin>
            <CharacterOffsetEnd>439</CharacterOffsetEnd>
            <POS>TO</POS>
            <deprel>mark</deprel>
            <depreal_head_id>30</depreal_head_id>
            <depreal_head_text>cater</depreal_head_text>
            <ner>O</ner>
          </token>
          <token id="30">
            <word>cater</word>
            <lemma>cater</lemma>
            <CharacterOffsetBegin>440</CharacterOffsetBegin>
            <CharacterOffsetEnd>445</CharacterOffsetEnd>
            <POS>VB</POS>
            <deprel>conj</deprel>
            <depreal_head_id>24</depreal_head_id>
            <depreal_head_text>handle</depreal_head_text>
            <ner>O</ner>
          </token>
          <token id="31">
            <word>for</word>
            <lemma>for</lemma>
            <CharacterOffsetBegin>446</CharacterOffsetBegin>
            <CharacterOffsetEnd>449</CharacterOffsetEnd>
            <POS>IN</POS>
            <deprel>case</deprel>
            <depreal_head_id>33</depreal_head_id>
            <depreal_head_text>commodities</depreal_head_text>
            <ner>O</ner>
          </token>
          <token id="32">
            <word>perishable</word>
            <lemma>perishable</lemma>
            <CharacterOffsetBegin>450</CharacterOffsetBegin>
            <CharacterOffsetEnd>460</CharacterOffsetEnd>
            <POS>JJ</POS>
            <deprel>amod</deprel>
            <depreal_head_id>33</depreal_head_id>
            <depreal_head_text>commodities</depreal_head_text>
            <ner>O</ner>
          </token>
          <token id="33">
            <word>commodities</word>
            <lemma>commodity</lemma>
            <CharacterOffsetBegin>461</CharacterOffsetBegin>
            <CharacterOffsetEnd>472</CharacterOffsetEnd>
            <POS>NNS</POS>
            <deprel>obl</deprel>
            <depreal_head_id>30</depreal_head_id>
            <depreal_head_text>cater</depreal_head_text>
            <ner>O</ner>
          </token>
          <token id="34">
            <word>such</word>
            <lemma>such</lemma>
            <CharacterOffsetBegin>473</CharacterOffsetBegin>
            <CharacterOffsetEnd>477</CharacterOffsetEnd>
            <POS>JJ</POS>
            <deprel>amod</deprel>
            <depreal_head_id>33</depreal_head_id>
            <depreal_head_text>commodities</depreal_head_text>
            <ner>O</ner>
          </token>
          <token id="35">
            <word>as</word>
            <lemma>as</lemma>
            <CharacterOffsetBegin>478</CharacterOffsetBegin>
            <CharacterOffsetEnd>480</CharacterOffsetEnd>
            <POS>IN</POS>
            <deprel>case</deprel>
            <depreal_head_id>36</depreal_head_id>
            <depreal_head_text>pharmaceuticals</depreal_head_text>
            <ner>O</ner>
          </token>
          <token id="36">
            <word>pharmaceuticals</word>
            <lemma>pharmaceutical</lemma>
            <CharacterOffsetBegin>481</CharacterOffsetBegin>
            <CharacterOffsetEnd>496</CharacterOffsetEnd>
            <POS>NNS</POS>
            <deprel>nmod</deprel>
            <depreal_head_id>34</depreal_head_id>
            <depreal_head_text>such</depreal_head_text>
            <ner>O</ner>
          </token>
          <token id="37">
            <word>,</word>
            <lemma>,</lemma>
            <CharacterOffsetBegin>496</CharacterOffsetBegin>
            <CharacterOffsetEnd>497</CharacterOffsetEnd>
            <POS>,</POS>
            <deprel>punct</deprel>
            <depreal_head_id>38</depreal_head_id>
            <depreal_head_text>fruits</depreal_head_text>
            <ner>O</ner>
          </token>
          <token id="38">
            <word>fruits</word>
            <lemma>fruit</lemma>
            <CharacterOffsetBegin>498</CharacterOffsetBegin>
            <CharacterOffsetEnd>504</CharacterOffsetEnd>
            <POS>NNS</POS>
            <deprel>conj</deprel>
            <depreal_head_id>36</depreal_head_id>
            <depreal_head_text>pharmaceuticals</depreal_head_text>
            <ner>O</ner>
          </token>
          <token id="39">
            <word>,</word>
            <lemma>,</lemma>
            <CharacterOffsetBegin>504</CharacterOffsetBegin>
            <CharacterOffsetEnd>505</CharacterOffsetEnd>
            <POS>,</POS>
            <deprel>punct</deprel>
            <depreal_head_id>40</depreal_head_id>
            <depreal_head_text>vegetables</depreal_head_text>
            <ner>O</ner>
          </token>
          <token id="40">
            <word>vegetables</word>
            <lemma>vegetable</lemma>
            <CharacterOffsetBegin>506</CharacterOffsetBegin>
            <CharacterOffsetEnd>516</CharacterOffsetEnd>
            <POS>NNS</POS>
            <deprel>conj</deprel>
            <depreal_head_id>36</depreal_head_id>
            <depreal_head_text>pharmaceuticals</depreal_head_text>
            <ner>O</ner>
          </token>
          <token id="41">
            <word>,</word>
            <lemma>,</lemma>
            <CharacterOffsetBegin>516</CharacterOffsetBegin>
            <CharacterOffsetEnd>517</CharacterOffsetEnd>
            <POS>,</POS>
            <deprel>punct</deprel>
            <depreal_head_id>40</depreal_head_id>
            <depreal_head_text>vegetables</depreal_head_text>
            <ner>O</ner>
          </token>
          <token id="42">
            <word>poultry</word>
            <lemma>poultry</lemma>
            <CharacterOffsetBegin>518</CharacterOffsetBegin>
            <CharacterOffsetEnd>525</CharacterOffsetEnd>
            <POS>NN</POS>
            <deprel>conj</deprel>
            <depreal_head_id>36</depreal_head_id>
            <depreal_head_text>pharmaceuticals</depreal_head_text>
            <ner>O</ner>
          </token>
          <token id="43">
            <word>,</word>
            <lemma>,</lemma>
            <CharacterOffsetBegin>525</CharacterOffsetBegin>
            <CharacterOffsetEnd>526</CharacterOffsetEnd>
            <POS>,</POS>
            <deprel>punct</deprel>
            <depreal_head_id>42</depreal_head_id>
            <depreal_head_text>poultry</depreal_head_text>
            <ner>O</ner>
          </token>
          <token id="44">
            <word>seafood</word>
            <lemma>seafood</lemma>
            <CharacterOffsetBegin>527</CharacterOffsetBegin>
            <CharacterOffsetEnd>534</CharacterOffsetEnd>
            <POS>NN</POS>
            <deprel>conj</deprel>
            <depreal_head_id>36</depreal_head_id>
            <depreal_head_text>pharmaceuticals</depreal_head_text>
            <ner>O</ner>
          </token>
          <token id="45">
            <word>and</word>
            <lemma>and</lemma>
            <CharacterOffsetBegin>535</CharacterOffsetBegin>
            <CharacterOffsetEnd>538</CharacterOffsetEnd>
            <POS>CC</POS>
            <deprel>cc</deprel>
            <depreal_head_id>46</depreal_head_id>
            <depreal_head_text>flowers</depreal_head_text>
            <ner>O</ner>
          </token>
          <token id="46">
            <word>flowers</word>
            <lemma>flower</lemma>
            <CharacterOffsetBegin>539</CharacterOffsetBegin>
            <CharacterOffsetEnd>546</CharacterOffsetEnd>
            <POS>NNS</POS>
            <deprel>conj</deprel>
            <depreal_head_id>36</depreal_head_id>
            <depreal_head_text>pharmaceuticals</depreal_head_text>
            <ner>O</ner>
          </token>
          <token id="47">
            <word>.</word>
            <lemma>.</lemma>
            <CharacterOffsetBegin>546</CharacterOffsetBegin>
            <CharacterOffsetEnd>547</CharacterOffsetEnd>
            <POS>.</POS>
            <deprel>punct</deprel>
            <depreal_head_id>13</depreal_head_id>
            <depreal_head_text>venture</depreal_head_text>
            <ner>O</ner>
          </token>
        </tokens>
      </sentence>
      <sentence section="content" type="bodyText" id="4">
        <tokens>
          <token id="1">
            <word>It</word>
            <lemma>it</lemma>
            <CharacterOffsetBegin>548</CharacterOffsetBegin>
            <CharacterOffsetEnd>550</CharacterOffsetEnd>
            <POS>PRP</POS>
            <deprel>nsubj</deprel>
            <depreal_head_id>2</depreal_head_id>
            <depreal_head_text>has</depreal_head_text>
            <ner>O</ner>
          </token>
          <token id="2">
            <word>has</word>
            <lemma>have</lemma>
            <CharacterOffsetBegin>551</CharacterOffsetBegin>
            <CharacterOffsetEnd>554</CharacterOffsetEnd>
            <POS>VBZ</POS>
            <deprel>root</deprel>
            <depreal_head_id>0</depreal_head_id>
            <depreal_head_text>root</depreal_head_text>
            <ner>O</ner>
          </token>
          <token id="3">
            <word>17</word>
            <lemma>17</lemma>
            <CharacterOffsetBegin>555</CharacterOffsetBegin>
            <CharacterOffsetEnd>557</CharacterOffsetEnd>
            <POS>CD</POS>
            <deprel>obj</deprel>
            <depreal_head_id>2</depreal_head_id>
            <depreal_head_text>has</depreal_head_text>
            <ner>S-CARDINAL</ner>
          </token>
          <token id="4">
            <word>dedicated</word>
            <lemma>dedicate</lemma>
            <CharacterOffsetBegin>558</CharacterOffsetBegin>
            <CharacterOffsetEnd>567</CharacterOffsetEnd>
            <POS>VBN</POS>
            <deprel>xcomp</deprel>
            <depreal_head_id>2</depreal_head_id>
            <depreal_head_text>has</depreal_head_text>
            <ner>O</ner>
          </token>
          <token id="5">
            <word>cold</word>
            <lemma>cold</lemma>
            <CharacterOffsetBegin>568</CharacterOffsetBegin>
            <CharacterOffsetEnd>572</CharacterOffsetEnd>
            <POS>JJ</POS>
            <deprel>amod</deprel>
            <depreal_head_id>6</depreal_head_id>
            <depreal_head_text>rooms</depreal_head_text>
            <ner>O</ner>
          </token>
          <token id="6">
            <word>rooms</word>
            <lemma>room</lemma>
            <CharacterOffsetBegin>573</CharacterOffsetBegin>
            <CharacterOffsetEnd>578</CharacterOffsetEnd>
            <POS>NNS</POS>
            <deprel>obj</deprel>
            <depreal_head_id>4</depreal_head_id>
            <depreal_head_text>dedicated</depreal_head_text>
            <ner>O</ner>
          </token>
          <token id="7">
            <word>with</word>
            <lemma>with</lemma>
            <CharacterOffsetBegin>579</CharacterOffsetBegin>
            <CharacterOffsetEnd>583</CharacterOffsetEnd>
            <POS>IN</POS>
            <deprel>case</deprel>
            <depreal_head_id>8</depreal_head_id>
            <depreal_head_text>temperatures</depreal_head_text>
            <ner>O</ner>
          </token>
          <token id="8">
            <word>temperatures</word>
            <lemma>temperature</lemma>
            <CharacterOffsetBegin>584</CharacterOffsetBegin>
            <CharacterOffsetEnd>596</CharacterOffsetEnd>
            <POS>NNS</POS>
            <deprel>obl</deprel>
            <depreal_head_id>4</depreal_head_id>
            <depreal_head_text>dedicated</depreal_head_text>
            <ner>O</ner>
          </token>
          <token id="9">
            <word>ranging</word>
            <lemma>rang</lemma>
            <CharacterOffsetBegin>597</CharacterOffsetBegin>
            <CharacterOffsetEnd>604</CharacterOffsetEnd>
            <POS>VBG</POS>
            <deprel>acl</deprel>
            <depreal_head_id>8</depreal_head_id>
            <depreal_head_text>temperatures</depreal_head_text>
            <ner>O</ner>
          </token>
          <token id="10">
            <word>from</word>
            <lemma>from</lemma>
            <CharacterOffsetBegin>605</CharacterOffsetBegin>
            <CharacterOffsetEnd>609</CharacterOffsetEnd>
            <POS>IN</POS>
            <deprel>case</deprel>
            <depreal_head_id>11</depreal_head_id>
            <depreal_head_text>-25</depreal_head_text>
            <ner>O</ner>
          </token>
          <token id="11">
            <word>-25</word>
            <lemma>-25</lemma>
            <CharacterOffsetBegin>610</CharacterOffsetBegin>
            <CharacterOffsetEnd>613</CharacterOffsetEnd>
            <POS>CD</POS>
            <deprel>obl</deprel>
            <depreal_head_id>9</depreal_head_id>
            <depreal_head_text>ranging</depreal_head_text>
            <ner>B-CARDINAL</ner>
          </token>
          <token id="12">
            <word>to</word>
            <lemma>to</lemma>
            <CharacterOffsetBegin>614</CharacterOffsetBegin>
            <CharacterOffsetEnd>616</CharacterOffsetEnd>
            <POS>TO</POS>
            <deprel>case</deprel>
            <depreal_head_id>13</depreal_head_id>
            <depreal_head_text>+25C</depreal_head_text>
            <ner>I-CARDINAL</ner>
          </token>
          <token id="13">
            <word>+25C</word>
            <lemma>+25C</lemma>
            <CharacterOffsetBegin>617</CharacterOffsetBegin>
            <CharacterOffsetEnd>621</CharacterOffsetEnd>
            <POS>CD</POS>
            <deprel>nummod</deprel>
            <depreal_head_id>11</depreal_head_id>
            <depreal_head_text>-25</depreal_head_text>
            <ner>E-CARDINAL</ner>
          </token>
          <token id="14">
            <word>,</word>
            <lemma>,</lemma>
            <CharacterOffsetBegin>621</CharacterOffsetBegin>
            <CharacterOffsetEnd>622</CharacterOffsetEnd>
            <POS>,</POS>
            <deprel>punct</deprel>
            <depreal_head_id>18</depreal_head_id>
            <depreal_head_text>designed</depreal_head_text>
            <ner>O</ner>
          </token>
          <token id="15">
            <word>and</word>
            <lemma>and</lemma>
            <CharacterOffsetBegin>623</CharacterOffsetBegin>
            <CharacterOffsetEnd>626</CharacterOffsetEnd>
            <POS>CC</POS>
            <deprel>cc</deprel>
            <depreal_head_id>18</depreal_head_id>
            <depreal_head_text>designed</depreal_head_text>
            <ner>O</ner>
          </token>
          <token id="16">
            <word>has</word>
            <lemma>have</lemma>
            <CharacterOffsetBegin>627</CharacterOffsetBegin>
            <CharacterOffsetEnd>630</CharacterOffsetEnd>
            <POS>VBZ</POS>
            <deprel>aux</deprel>
            <depreal_head_id>18</depreal_head_id>
            <depreal_head_text>designed</depreal_head_text>
            <ner>O</ner>
          </token>
          <token id="17">
            <word>been</word>
            <lemma>be</lemma>
            <CharacterOffsetBegin>631</CharacterOffsetBegin>
            <CharacterOffsetEnd>635</CharacterOffsetEnd>
            <POS>VBN</POS>
            <deprel>aux:pass</deprel>
            <depreal_head_id>18</depreal_head_id>
            <depreal_head_text>designed</depreal_head_text>
            <ner>O</ner>
          </token>
          <token id="18">
            <word>designed</word>
            <lemma>design</lemma>
            <CharacterOffsetBegin>636</CharacterOffsetBegin>
            <CharacterOffsetEnd>644</CharacterOffsetEnd>
            <POS>VBN</POS>
            <deprel>conj</deprel>
            <depreal_head_id>2</depreal_head_id>
            <depreal_head_text>has</depreal_head_text>
            <ner>O</ner>
          </token>
          <token id="19">
            <word>as</word>
            <lemma>as</lemma>
            <CharacterOffsetBegin>645</CharacterOffsetBegin>
            <CharacterOffsetEnd>647</CharacterOffsetEnd>
            <POS>IN</POS>
            <deprel>case</deprel>
            <depreal_head_id>23</depreal_head_id>
            <depreal_head_text>Shop</depreal_head_text>
            <ner>O</ner>
          </token>
          <token id="20">
            <word>a</word>
            <lemma>a</lemma>
            <CharacterOffsetBegin>648</CharacterOffsetBegin>
            <CharacterOffsetEnd>649</CharacterOffsetEnd>
            <POS>DT</POS>
            <deprel>det</deprel>
            <depreal_head_id>23</depreal_head_id>
            <depreal_head_text>Shop</depreal_head_text>
            <ner>B-ORG</ner>
          </token>
          <token id="21">
            <word>One</word>
            <lemma>one</lemma>
            <CharacterOffsetBegin>650</CharacterOffsetBegin>
            <CharacterOffsetEnd>653</CharacterOffsetEnd>
            <POS>CD</POS>
            <deprel>nummod</deprel>
            <depreal_head_id>22</depreal_head_id>
            <depreal_head_text>Stop</depreal_head_text>
            <ner>I-ORG</ner>
          </token>
          <token id="22">
            <word>Stop</word>
            <lemma>stop</lemma>
            <CharacterOffsetBegin>654</CharacterOffsetBegin>
            <CharacterOffsetEnd>658</CharacterOffsetEnd>
            <POS>NN</POS>
            <deprel>compound</deprel>
            <depreal_head_id>23</depreal_head_id>
            <depreal_head_text>Shop</depreal_head_text>
            <ner>I-ORG</ner>
          </token>
          <token id="23">
            <word>Shop</word>
            <lemma>shop</lemma>
            <CharacterOffsetBegin>659</CharacterOffsetBegin>
            <CharacterOffsetEnd>663</CharacterOffsetEnd>
            <POS>NN</POS>
            <deprel>obl</deprel>
            <depreal_head_id>18</depreal_head_id>
            <depreal_head_text>designed</depreal_head_text>
            <ner>E-ORG</ner>
          </token>
          <token id="24">
            <word>to</word>
            <lemma>to</lemma>
            <CharacterOffsetBegin>664</CharacterOffsetBegin>
            <CharacterOffsetEnd>666</CharacterOffsetEnd>
            <POS>TO</POS>
            <deprel>mark</deprel>
            <depreal_head_id>25</depreal_head_id>
            <depreal_head_text>facilitate</depreal_head_text>
            <ner>O</ner>
          </token>
          <token id="25">
            <word>facilitate</word>
            <lemma>facilitate</lemma>
            <CharacterOffsetBegin>667</CharacterOffsetBegin>
            <CharacterOffsetEnd>677</CharacterOffsetEnd>
            <POS>VB</POS>
            <deprel>advcl</deprel>
            <depreal_head_id>18</depreal_head_id>
            <depreal_head_text>designed</depreal_head_text>
            <ner>O</ner>
          </token>
          <token id="26">
            <word>import</word>
            <lemma>import</lemma>
            <CharacterOffsetBegin>678</CharacterOffsetBegin>
            <CharacterOffsetEnd>684</CharacterOffsetEnd>
            <POS>NN</POS>
            <deprel>obj</deprel>
            <depreal_head_id>25</depreal_head_id>
            <depreal_head_text>facilitate</depreal_head_text>
            <ner>O</ner>
          </token>
          <token id="27">
            <word>and</word>
            <lemma>and</lemma>
            <CharacterOffsetBegin>685</CharacterOffsetBegin>
            <CharacterOffsetEnd>688</CharacterOffsetEnd>
            <POS>CC</POS>
            <deprel>cc</deprel>
            <depreal_head_id>28</depreal_head_id>
            <depreal_head_text>export</depreal_head_text>
            <ner>O</ner>
          </token>
          <token id="28">
            <word>export</word>
            <lemma>export</lemma>
            <CharacterOffsetBegin>689</CharacterOffsetBegin>
            <CharacterOffsetEnd>695</CharacterOffsetEnd>
            <POS>VB</POS>
            <deprel>conj</deprel>
            <depreal_head_id>25</depreal_head_id>
            <depreal_head_text>facilitate</depreal_head_text>
            <ner>O</ner>
          </token>
          <token id="29">
            <word>processes</word>
            <lemma>process</lemma>
            <CharacterOffsetBegin>696</CharacterOffsetBegin>
            <CharacterOffsetEnd>705</CharacterOffsetEnd>
            <POS>NNS</POS>
            <deprel>obj</deprel>
            <depreal_head_id>28</depreal_head_id>
            <depreal_head_text>export</depreal_head_text>
            <ner>O</ner>
          </token>
          <token id="30">
            <word>with</word>
            <lemma>with</lemma>
            <CharacterOffsetBegin>706</CharacterOffsetBegin>
            <CharacterOffsetEnd>710</CharacterOffsetEnd>
            <POS>IN</POS>
            <deprel>case</deprel>
            <depreal_head_id>35</depreal_head_id>
            <depreal_head_text>lab</depreal_head_text>
            <ner>O</ner>
          </token>
          <token id="31">
            <word>an</word>
            <lemma>an</lemma>
            <CharacterOffsetBegin>711</CharacterOffsetBegin>
            <CharacterOffsetEnd>713</CharacterOffsetEnd>
            <POS>DT</POS>
            <deprel>det</deprel>
            <depreal_head_id>35</depreal_head_id>
            <depreal_head_text>lab</depreal_head_text>
            <ner>O</ner>
          </token>
          <token id="32">
            <word>integrated</word>
            <lemma>integrate</lemma>
            <CharacterOffsetBegin>714</CharacterOffsetBegin>
            <CharacterOffsetEnd>724</CharacterOffsetEnd>
            <POS>VBN</POS>
            <deprel>compound</deprel>
            <depreal_head_id>35</depreal_head_id>
            <depreal_head_text>lab</depreal_head_text>
            <ner>O</ner>
          </token>
          <token id="33">
            <word>Drug</word>
            <lemma>Drug</lemma>
            <CharacterOffsetBegin>725</CharacterOffsetBegin>
            <CharacterOffsetEnd>729</CharacterOffsetEnd>
            <POS>NNP</POS>
            <deprel>compound</deprel>
            <depreal_head_id>35</depreal_head_id>
            <depreal_head_text>lab</depreal_head_text>
            <ner>B-ORG</ner>
          </token>
          <token id="34">
            <word>Controller</word>
            <lemma>Controller</lemma>
            <CharacterOffsetBegin>730</CharacterOffsetBegin>
            <CharacterOffsetEnd>740</CharacterOffsetEnd>
            <POS>NNP</POS>
            <deprel>flat</deprel>
            <depreal_head_id>33</depreal_head_id>
            <depreal_head_text>Drug</depreal_head_text>
            <ner>E-ORG</ner>
          </token>
          <token id="35">
            <word>lab</word>
            <lemma>lab</lemma>
            <CharacterOffsetBegin>741</CharacterOffsetBegin>
            <CharacterOffsetEnd>744</CharacterOffsetEnd>
            <POS>NN</POS>
            <deprel>nmod</deprel>
            <depreal_head_id>29</depreal_head_id>
            <depreal_head_text>processes</depreal_head_text>
            <ner>O</ner>
          </token>
          <token id="36">
            <word>and</word>
            <lemma>and</lemma>
            <CharacterOffsetBegin>745</CharacterOffsetBegin>
            <CharacterOffsetEnd>748</CharacterOffsetEnd>
            <POS>CC</POS>
            <deprel>cc</deprel>
            <depreal_head_id>39</depreal_head_id>
            <depreal_head_text>Inspection</depreal_head_text>
            <ner>O</ner>
          </token>
          <token id="37">
            <word>Plant</word>
            <lemma>Plant</lemma>
            <CharacterOffsetBegin>749</CharacterOffsetBegin>
            <CharacterOffsetEnd>754</CharacterOffsetEnd>
            <POS>NNP</POS>
            <deprel>compound</deprel>
            <depreal_head_id>39</depreal_head_id>
            <depreal_head_text>Inspection</depreal_head_text>
            <ner>B-ORG</ner>
          </token>
          <token id="38">
            <word>Quarantine</word>
            <lemma>Quarantine</lemma>
            <CharacterOffsetBegin>755</CharacterOffsetBegin>
            <CharacterOffsetEnd>765</CharacterOffsetEnd>
            <POS>NNP</POS>
            <deprel>flat</deprel>
            <depreal_head_id>37</depreal_head_id>
            <depreal_head_text>Plant</depreal_head_text>
            <ner>I-ORG</ner>
          </token>
          <token id="39">
            <word>Inspection</word>
            <lemma>inspection</lemma>
            <CharacterOffsetBegin>766</CharacterOffsetBegin>
            <CharacterOffsetEnd>776</CharacterOffsetEnd>
            <POS>NN</POS>
            <deprel>conj</deprel>
            <depreal_head_id>35</depreal_head_id>
            <depreal_head_text>lab</depreal_head_text>
            <ner>I-ORG</ner>
          </token>
          <token id="40">
            <word>&amp;</word>
            <lemma>&amp;</lemma>
            <CharacterOffsetBegin>777</CharacterOffsetBegin>
            <CharacterOffsetEnd>778</CharacterOffsetEnd>
            <POS>CC</POS>
            <deprel>punct</deprel>
            <depreal_head_id>42</depreal_head_id>
            <depreal_head_text>office</depreal_head_text>
            <ner>I-ORG</ner>
          </token>
          <token id="41">
            <word>Certification</word>
            <lemma>certification</lemma>
            <CharacterOffsetBegin>779</CharacterOffsetBegin>
            <CharacterOffsetEnd>792</CharacterOffsetEnd>
            <POS>NN</POS>
            <deprel>compound</deprel>
            <depreal_head_id>42</depreal_head_id>
            <depreal_head_text>office</depreal_head_text>
            <ner>E-ORG</ner>
          </token>
          <token id="42">
            <word>office</word>
            <lemma>office</lemma>
            <CharacterOffsetBegin>793</CharacterOffsetBegin>
            <CharacterOffsetEnd>799</CharacterOffsetEnd>
            <POS>NN</POS>
            <deprel>appos</deprel>
            <depreal_head_id>39</depreal_head_id>
            <depreal_head_text>Inspection</depreal_head_text>
            <ner>O</ner>
          </token>
          <token id="43">
            <word>.</word>
            <lemma>.</lemma>
            <CharacterOffsetBegin>799</CharacterOffsetBegin>
            <CharacterOffsetEnd>800</CharacterOffsetEnd>
            <POS>.</POS>
            <deprel>punct</deprel>
            <depreal_head_id>2</depreal_head_id>
            <depreal_head_text>has</depreal_head_text>
            <ner>O</ner>
          </token>
        </tokens>
      </sentence>
      <sentence section="content" type="bodyText" id="5">
        <tokens>
          <token id="1">
            <word>AISATS</word>
            <lemma>AISATS</lemma>
            <CharacterOffsetBegin>801</CharacterOffsetBegin>
            <CharacterOffsetEnd>807</CharacterOffsetEnd>
            <POS>NNP</POS>
            <deprel>nsubj</deprel>
            <depreal_head_id>4</depreal_head_id>
            <depreal_head_text>officer</depreal_head_text>
            <ner>S-ORG</ner>
          </token>
          <token id="2">
            <word>chief</word>
            <lemma>chief</lemma>
            <CharacterOffsetBegin>808</CharacterOffsetBegin>
            <CharacterOffsetEnd>813</CharacterOffsetEnd>
            <POS>JJ</POS>
            <deprel>amod</deprel>
            <depreal_head_id>1</depreal_head_id>
            <depreal_head_text>AISATS</depreal_head_text>
            <ner>O</ner>
          </token>
          <token id="3">
            <word>executive</word>
            <lemma>executive</lemma>
            <CharacterOffsetBegin>814</CharacterOffsetBegin>
            <CharacterOffsetEnd>823</CharacterOffsetEnd>
            <POS>JJ</POS>
            <deprel>amod</deprel>
            <depreal_head_id>4</depreal_head_id>
            <depreal_head_text>officer</depreal_head_text>
            <ner>O</ner>
          </token>
          <token id="4">
            <word>officer</word>
            <lemma>officer</lemma>
            <CharacterOffsetBegin>824</CharacterOffsetBegin>
            <CharacterOffsetEnd>831</CharacterOffsetEnd>
            <POS>NN</POS>
            <deprel>nsubj</deprel>
            <depreal_head_id>8</depreal_head_id>
            <depreal_head_text>says</depreal_head_text>
            <ner>O</ner>
          </token>
          <token id="5">
            <word>,</word>
            <lemma>,</lemma>
            <CharacterOffsetBegin>831</CharacterOffsetBegin>
            <CharacterOffsetEnd>832</CharacterOffsetEnd>
            <POS>,</POS>
            <deprel>punct</deprel>
            <depreal_head_id>4</depreal_head_id>
            <depreal_head_text>officer</depreal_head_text>
            <ner>O</ner>
          </token>
          <token id="6">
            <word>Mike</word>
            <lemma>Mike</lemma>
            <CharacterOffsetBegin>833</CharacterOffsetBegin>
            <CharacterOffsetEnd>837</CharacterOffsetEnd>
            <POS>NNP</POS>
            <deprel>nsubj</deprel>
            <depreal_head_id>8</depreal_head_id>
            <depreal_head_text>says</depreal_head_text>
            <ner>B-PERSON</ner>
          </token>
          <token id="7">
            <word>Chew</word>
            <lemma>Chew</lemma>
            <CharacterOffsetBegin>838</CharacterOffsetBegin>
            <CharacterOffsetEnd>842</CharacterOffsetEnd>
            <POS>NNP</POS>
            <deprel>flat</deprel>
            <depreal_head_id>6</depreal_head_id>
            <depreal_head_text>Mike</depreal_head_text>
            <ner>E-PERSON</ner>
          </token>
          <token id="8">
            <word>says</word>
            <lemma>say</lemma>
            <CharacterOffsetBegin>843</CharacterOffsetBegin>
            <CharacterOffsetEnd>847</CharacterOffsetEnd>
            <POS>VBZ</POS>
            <deprel>root</deprel>
            <depreal_head_id>0</depreal_head_id>
            <depreal_head_text>root</depreal_head_text>
            <ner>O</ner>
          </token>
          <token id="9">
            <word>the</word>
            <lemma>the</lemma>
            <CharacterOffsetBegin>848</CharacterOffsetBegin>
            <CharacterOffsetEnd>851</CharacterOffsetEnd>
            <POS>DT</POS>
            <deprel>det</deprel>
            <depreal_head_id>11</depreal_head_id>
            <depreal_head_text>economy</depreal_head_text>
            <ner>O</ner>
          </token>
          <token id="10">
            <word>Indian</word>
            <lemma>Indian</lemma>
            <CharacterOffsetBegin>852</CharacterOffsetBegin>
            <CharacterOffsetEnd>858</CharacterOffsetEnd>
            <POS>JJ</POS>
            <deprel>amod</deprel>
            <depreal_head_id>11</depreal_head_id>
            <depreal_head_text>economy</depreal_head_text>
            <ner>S-NORP</ner>
          </token>
          <token id="11">
            <word>economy</word>
            <lemma>economy</lemma>
            <CharacterOffsetBegin>859</CharacterOffsetBegin>
            <CharacterOffsetEnd>866</CharacterOffsetEnd>
            <POS>NN</POS>
            <deprel>nsubj</deprel>
            <depreal_head_id>12</depreal_head_id>
            <depreal_head_text>needs</depreal_head_text>
            <ner>O</ner>
          </token>
          <token id="12">
            <word>needs</word>
            <lemma>need</lemma>
            <CharacterOffsetBegin>867</CharacterOffsetBegin>
            <CharacterOffsetEnd>872</CharacterOffsetEnd>
            <POS>VBZ</POS>
            <deprel>ccomp</deprel>
            <depreal_head_id>8</depreal_head_id>
            <depreal_head_text>says</depreal_head_text>
            <ner>O</ner>
          </token>
          <token id="13">
            <word>upgraded</word>
            <lemma>upgrade</lemma>
            <CharacterOffsetBegin>873</CharacterOffsetBegin>
            <CharacterOffsetEnd>881</CharacterOffsetEnd>
            <POS>VBN</POS>
            <deprel>xcomp</deprel>
            <depreal_head_id>12</depreal_head_id>
            <depreal_head_text>needs</depreal_head_text>
            <ner>O</ner>
          </token>
          <token id="14">
            <word>infrastructure</word>
            <lemma>infrastructure</lemma>
            <CharacterOffsetBegin>882</CharacterOffsetBegin>
            <CharacterOffsetEnd>896</CharacterOffsetEnd>
            <POS>NN</POS>
            <deprel>obj</deprel>
            <depreal_head_id>13</depreal_head_id>
            <depreal_head_text>upgraded</depreal_head_text>
            <ner>O</ner>
          </token>
          <token id="15">
            <word>to</word>
            <lemma>to</lemma>
            <CharacterOffsetBegin>897</CharacterOffsetBegin>
            <CharacterOffsetEnd>899</CharacterOffsetEnd>
            <POS>TO</POS>
            <deprel>mark</deprel>
            <depreal_head_id>16</depreal_head_id>
            <depreal_head_text>cater</depreal_head_text>
            <ner>O</ner>
          </token>
          <token id="16">
            <word>cater</word>
            <lemma>cater</lemma>
            <CharacterOffsetBegin>900</CharacterOffsetBegin>
            <CharacterOffsetEnd>905</CharacterOffsetEnd>
            <POS>VB</POS>
            <deprel>xcomp</deprel>
            <depreal_head_id>13</depreal_head_id>
            <depreal_head_text>upgraded</depreal_head_text>
            <ner>O</ner>
          </token>
          <token id="17">
            <word>for</word>
            <lemma>for</lemma>
            <CharacterOffsetBegin>906</CharacterOffsetBegin>
            <CharacterOffsetEnd>909</CharacterOffsetEnd>
            <POS>IN</POS>
            <deprel>case</deprel>
            <depreal_head_id>18</depreal_head_id>
            <depreal_head_text>growth</depreal_head_text>
            <ner>O</ner>
          </token>
          <token id="18">
            <word>growth</word>
            <lemma>growth</lemma>
            <CharacterOffsetBegin>910</CharacterOffsetBegin>
            <CharacterOffsetEnd>916</CharacterOffsetEnd>
            <POS>NN</POS>
            <deprel>obl</deprel>
            <depreal_head_id>16</depreal_head_id>
            <depreal_head_text>cater</depreal_head_text>
            <ner>O</ner>
          </token>
          <token id="19">
            <word>in</word>
            <lemma>in</lemma>
            <CharacterOffsetBegin>917</CharacterOffsetBegin>
            <CharacterOffsetEnd>919</CharacterOffsetEnd>
            <POS>IN</POS>
            <deprel>case</deprel>
            <depreal_head_id>23</depreal_head_id>
            <depreal_head_text>industry</depreal_head_text>
            <ner>O</ner>
          </token>
          <token id="20">
            <word>the</word>
            <lemma>the</lemma>
            <CharacterOffsetBegin>920</CharacterOffsetBegin>
            <CharacterOffsetEnd>923</CharacterOffsetEnd>
            <POS>DT</POS>
            <deprel>det</deprel>
            <depreal_head_id>23</depreal_head_id>
            <depreal_head_text>industry</depreal_head_text>
            <ner>O</ner>
          </token>
          <token id="21">
            <word>air</word>
            <lemma>air</lemma>
            <CharacterOffsetBegin>924</CharacterOffsetBegin>
            <CharacterOffsetEnd>927</CharacterOffsetEnd>
            <POS>NN</POS>
            <deprel>compound</deprel>
            <depreal_head_id>23</depreal_head_id>
            <depreal_head_text>industry</depreal_head_text>
            <ner>O</ner>
          </token>
          <token id="22">
            <word>cargo</word>
            <lemma>cargo</lemma>
            <CharacterOffsetBegin>928</CharacterOffsetBegin>
            <CharacterOffsetEnd>933</CharacterOffsetEnd>
            <POS>NN</POS>
            <deprel>nummod</deprel>
            <depreal_head_id>21</depreal_head_id>
            <depreal_head_text>air</depreal_head_text>
            <ner>O</ner>
          </token>
          <token id="23">
            <word>industry</word>
            <lemma>industry</lemma>
            <CharacterOffsetBegin>934</CharacterOffsetBegin>
            <CharacterOffsetEnd>942</CharacterOffsetEnd>
            <POS>NN</POS>
            <deprel>nmod</deprel>
            <depreal_head_id>18</depreal_head_id>
            <depreal_head_text>growth</depreal_head_text>
            <ner>O</ner>
          </token>
          <token id="24">
            <word>.</word>
            <lemma>.</lemma>
            <CharacterOffsetBegin>942</CharacterOffsetBegin>
            <CharacterOffsetEnd>943</CharacterOffsetEnd>
            <POS>.</POS>
            <deprel>punct</deprel>
            <depreal_head_id>8</depreal_head_id>
            <depreal_head_text>says</depreal_head_text>
            <ner>O</ner>
          </token>
          <token id="25">
            <word>"</word>
            <lemma>&amp;quot;</lemma>
            <CharacterOffsetBegin>944</CharacterOffsetBegin>
            <CharacterOffsetEnd>945</CharacterOffsetEnd>
            <POS>``</POS>
            <deprel>punct</deprel>
            <depreal_head_id>26</depreal_head_id>
            <depreal_head_text>Keeping</depreal_head_text>
            <ner>O</ner>
          </token>
          <token id="26">
            <word>Keeping</word>
            <lemma>keep</lemma>
            <CharacterOffsetBegin>945</CharacterOffsetBegin>
            <CharacterOffsetEnd>952</CharacterOffsetEnd>
            <POS>VBG</POS>
            <deprel>advcl</deprel>
            <depreal_head_id>8</depreal_head_id>
            <depreal_head_text>says</depreal_head_text>
            <ner>O</ner>
          </token>
          <token id="27">
            <word>in</word>
            <lemma>in</lemma>
            <CharacterOffsetBegin>953</CharacterOffsetBegin>
            <CharacterOffsetEnd>955</CharacterOffsetEnd>
            <POS>IN</POS>
            <deprel>mark</deprel>
            <depreal_head_id>28</depreal_head_id>
            <depreal_head_text>view</depreal_head_text>
            <ner>O</ner>
          </token>
          <token id="28">
            <word>view</word>
            <lemma>view</lemma>
            <CharacterOffsetBegin>956</CharacterOffsetBegin>
            <CharacterOffsetEnd>960</CharacterOffsetEnd>
            <POS>NN</POS>
            <deprel>obl</deprel>
            <depreal_head_id>26</depreal_head_id>
            <depreal_head_text>Keeping</depreal_head_text>
            <ner>O</ner>
          </token>
          <token id="29">
            <word>the</word>
            <lemma>the</lemma>
            <CharacterOffsetBegin>961</CharacterOffsetBegin>
            <CharacterOffsetEnd>964</CharacterOffsetEnd>
            <POS>DT</POS>
            <deprel>det</deprel>
            <depreal_head_id>30</depreal_head_id>
            <depreal_head_text>significance</depreal_head_text>
            <ner>O</ner>
          </token>
          <token id="30">
            <word>significance</word>
            <lemma>significance</lemma>
            <CharacterOffsetBegin>965</CharacterOffsetBegin>
            <CharacterOffsetEnd>977</CharacterOffsetEnd>
            <POS>NN</POS>
            <deprel>obj</deprel>
            <depreal_head_id>26</depreal_head_id>
            <depreal_head_text>Keeping</depreal_head_text>
            <ner>O</ner>
          </token>
          <token id="31">
            <word>of</word>
            <lemma>of</lemma>
            <CharacterOffsetBegin>978</CharacterOffsetBegin>
            <CharacterOffsetEnd>980</CharacterOffsetEnd>
            <POS>IN</POS>
            <deprel>case</deprel>
            <depreal_head_id>32</depreal_head_id>
            <depreal_head_text>air</depreal_head_text>
            <ner>O</ner>
          </token>
          <token id="32">
            <word>air</word>
            <lemma>air</lemma>
            <CharacterOffsetBegin>981</CharacterOffsetBegin>
            <CharacterOffsetEnd>984</CharacterOffsetEnd>
            <POS>NN</POS>
            <deprel>nmod</deprel>
            <depreal_head_id>30</depreal_head_id>
            <depreal_head_text>significance</depreal_head_text>
            <ner>O</ner>
          </token>
          <token id="33">
            <word>cargo</word>
            <lemma>cargo</lemma>
            <CharacterOffsetBegin>985</CharacterOffsetBegin>
            <CharacterOffsetEnd>990</CharacterOffsetEnd>
            <POS>NN</POS>
            <deprel>nmod</deprel>
            <depreal_head_id>30</depreal_head_id>
            <depreal_head_text>significance</depreal_head_text>
            <ner>O</ner>
          </token>
          <token id="34">
            <word>to</word>
            <lemma>to</lemma>
            <CharacterOffsetBegin>991</CharacterOffsetBegin>
            <CharacterOffsetEnd>993</CharacterOffsetEnd>
            <POS>TO</POS>
            <deprel>case</deprel>
            <depreal_head_id>37</depreal_head_id>
            <depreal_head_text>growth</depreal_head_text>
            <ner>O</ner>
          </token>
          <token id="35">
            <word>the</word>
            <lemma>the</lemma>
            <CharacterOffsetBegin>994</CharacterOffsetBegin>
            <CharacterOffsetEnd>997</CharacterOffsetEnd>
            <POS>DT</POS>
            <deprel>det</deprel>
            <depreal_head_id>37</depreal_head_id>
            <depreal_head_text>growth</depreal_head_text>
            <ner>O</ner>
          </token>
          <token id="36">
            <word>economic</word>
            <lemma>economic</lemma>
            <CharacterOffsetBegin>998</CharacterOffsetBegin>
            <CharacterOffsetEnd>1006</CharacterOffsetEnd>
            <POS>JJ</POS>
            <deprel>amod</deprel>
            <depreal_head_id>37</depreal_head_id>
            <depreal_head_text>growth</depreal_head_text>
            <ner>O</ner>
          </token>
          <token id="37">
            <word>growth</word>
            <lemma>growth</lemma>
            <CharacterOffsetBegin>1007</CharacterOffsetBegin>
            <CharacterOffsetEnd>1013</CharacterOffsetEnd>
            <POS>NN</POS>
            <deprel>nmod</deprel>
            <depreal_head_id>30</depreal_head_id>
            <depreal_head_text>significance</depreal_head_text>
            <ner>O</ner>
          </token>
          <token id="38">
            <word>of</word>
            <lemma>of</lemma>
            <CharacterOffsetBegin>1014</CharacterOffsetBegin>
            <CharacterOffsetEnd>1016</CharacterOffsetEnd>
            <POS>IN</POS>
            <deprel>case</deprel>
            <depreal_head_id>40</depreal_head_id>
            <depreal_head_text>country</depreal_head_text>
            <ner>O</ner>
          </token>
          <token id="39">
            <word>the</word>
            <lemma>the</lemma>
            <CharacterOffsetBegin>1017</CharacterOffsetBegin>
            <CharacterOffsetEnd>1020</CharacterOffsetEnd>
            <POS>DT</POS>
            <deprel>det</deprel>
            <depreal_head_id>40</depreal_head_id>
            <depreal_head_text>country</depreal_head_text>
            <ner>O</ner>
          </token>
          <token id="40">
            <word>country</word>
            <lemma>country</lemma>
            <CharacterOffsetBegin>1021</CharacterOffsetBegin>
            <CharacterOffsetEnd>1028</CharacterOffsetEnd>
            <POS>NN</POS>
            <deprel>nmod</deprel>
            <depreal_head_id>37</depreal_head_id>
            <depreal_head_text>growth</depreal_head_text>
            <ner>O</ner>
          </token>
          <token id="41">
            <word>,</word>
            <lemma>,</lemma>
            <CharacterOffsetBegin>1028</CharacterOffsetBegin>
            <CharacterOffsetEnd>1029</CharacterOffsetEnd>
            <POS>,</POS>
            <deprel>punct</deprel>
            <depreal_head_id>44</depreal_head_id>
            <depreal_head_text>believe</depreal_head_text>
            <ner>O</ner>
          </token>
          <token id="42">
            <word>we</word>
            <lemma>we</lemma>
            <CharacterOffsetBegin>1030</CharacterOffsetBegin>
            <CharacterOffsetEnd>1032</CharacterOffsetEnd>
            <POS>PRP</POS>
            <deprel>nsubj</deprel>
            <depreal_head_id>44</depreal_head_id>
            <depreal_head_text>believe</depreal_head_text>
            <ner>O</ner>
          </token>
          <token id="43">
            <word>truly</word>
            <lemma>truly</lemma>
            <CharacterOffsetBegin>1033</CharacterOffsetBegin>
            <CharacterOffsetEnd>1038</CharacterOffsetEnd>
            <POS>RB</POS>
            <deprel>advmod</deprel>
            <depreal_head_id>44</depreal_head_id>
            <depreal_head_text>believe</depreal_head_text>
            <ner>O</ner>
          </token>
          <token id="44">
            <word>believe</word>
            <lemma>believe</lemma>
            <CharacterOffsetBegin>1039</CharacterOffsetBegin>
            <CharacterOffsetEnd>1046</CharacterOffsetEnd>
            <POS>VBP</POS>
            <deprel>acl:relcl</deprel>
            <depreal_head_id>30</depreal_head_id>
            <depreal_head_text>significance</depreal_head_text>
            <ner>O</ner>
          </token>
          <token id="45">
            <word>that</word>
            <lemma>that</lemma>
            <CharacterOffsetBegin>1047</CharacterOffsetBegin>
            <CharacterOffsetEnd>1051</CharacterOffsetEnd>
            <POS>IN</POS>
            <deprel>mark</deprel>
            <depreal_head_id>51</depreal_head_id>
            <depreal_head_text>play</depreal_head_text>
            <ner>O</ner>
          </token>
          <token id="46">
            <word>this</word>
            <lemma>this</lemma>
            <CharacterOffsetBegin>1052</CharacterOffsetBegin>
            <CharacterOffsetEnd>1056</CharacterOffsetEnd>
            <POS>DT</POS>
            <deprel>det</deprel>
            <depreal_head_id>49</depreal_head_id>
            <depreal_head_text>facility</depreal_head_text>
            <ner>O</ner>
          </token>
          <token id="47">
            <word>dedicated</word>
            <lemma>dedicate</lemma>
            <CharacterOffsetBegin>1057</CharacterOffsetBegin>
            <CharacterOffsetEnd>1066</CharacterOffsetEnd>
            <POS>JJ</POS>
            <deprel>amod</deprel>
            <depreal_head_id>49</depreal_head_id>
            <depreal_head_text>facility</depreal_head_text>
            <ner>O</ner>
          </token>
          <token id="48">
            <word>state-of-the-art</word>
            <lemma>state-of-the-art</lemma>
            <CharacterOffsetBegin>1067</CharacterOffsetBegin>
            <CharacterOffsetEnd>1083</CharacterOffsetEnd>
            <POS>JJ</POS>
            <deprel>amod</deprel>
            <depreal_head_id>49</depreal_head_id>
            <depreal_head_text>facility</depreal_head_text>
            <ner>O</ner>
          </token>
          <token id="49">
            <word>facility</word>
            <lemma>facility</lemma>
            <CharacterOffsetBegin>1084</CharacterOffsetBegin>
            <CharacterOffsetEnd>1092</CharacterOffsetEnd>
            <POS>NN</POS>
            <deprel>nsubj</deprel>
            <depreal_head_id>51</depreal_head_id>
            <depreal_head_text>play</depreal_head_text>
            <ner>O</ner>
          </token>
          <token id="50">
            <word>will</word>
            <lemma>will</lemma>
            <CharacterOffsetBegin>1093</CharacterOffsetBegin>
            <CharacterOffsetEnd>1097</CharacterOffsetEnd>
            <POS>MD</POS>
            <deprel>aux</deprel>
            <depreal_head_id>51</depreal_head_id>
            <depreal_head_text>play</depreal_head_text>
            <ner>O</ner>
          </token>
          <token id="51">
            <word>play</word>
            <lemma>play</lemma>
            <CharacterOffsetBegin>1098</CharacterOffsetBegin>
            <CharacterOffsetEnd>1102</CharacterOffsetEnd>
            <POS>VB</POS>
            <deprel>ccomp</deprel>
            <depreal_head_id>44</depreal_head_id>
            <depreal_head_text>believe</depreal_head_text>
            <ner>O</ner>
          </token>
          <token id="52">
            <word>a</word>
            <lemma>a</lemma>
            <CharacterOffsetBegin>1103</CharacterOffsetBegin>
            <CharacterOffsetEnd>1104</CharacterOffsetEnd>
            <POS>DT</POS>
            <deprel>det</deprel>
            <depreal_head_id>54</depreal_head_id>
            <depreal_head_text>role</depreal_head_text>
            <ner>O</ner>
          </token>
          <token id="53">
            <word>vital</word>
            <lemma>vital</lemma>
            <CharacterOffsetBegin>1105</CharacterOffsetBegin>
            <CharacterOffsetEnd>1110</CharacterOffsetEnd>
            <POS>JJ</POS>
            <deprel>amod</deprel>
            <depreal_head_id>54</depreal_head_id>
            <depreal_head_text>role</depreal_head_text>
            <ner>O</ner>
          </token>
          <token id="54">
            <word>role</word>
            <lemma>role</lemma>
            <CharacterOffsetBegin>1111</CharacterOffsetBegin>
            <CharacterOffsetEnd>1115</CharacterOffsetEnd>
            <POS>NN</POS>
            <deprel>obj</deprel>
            <depreal_head_id>51</depreal_head_id>
            <depreal_head_text>play</depreal_head_text>
            <ner>O</ner>
          </token>
          <token id="55">
            <word>in</word>
            <lemma>in</lemma>
            <CharacterOffsetBegin>1116</CharacterOffsetBegin>
            <CharacterOffsetEnd>1118</CharacterOffsetEnd>
            <POS>IN</POS>
            <deprel>mark</deprel>
            <depreal_head_id>56</depreal_head_id>
            <depreal_head_text>supporting</depreal_head_text>
            <ner>O</ner>
          </token>
          <token id="56">
            <word>supporting</word>
            <lemma>support</lemma>
            <CharacterOffsetBegin>1119</CharacterOffsetBegin>
            <CharacterOffsetEnd>1129</CharacterOffsetEnd>
            <POS>VBG</POS>
            <deprel>advcl</deprel>
            <depreal_head_id>51</depreal_head_id>
            <depreal_head_text>play</depreal_head_text>
            <ner>O</ner>
          </token>
          <token id="57">
            <word>better</word>
            <lemma>good</lemma>
            <CharacterOffsetBegin>1130</CharacterOffsetBegin>
            <CharacterOffsetEnd>1136</CharacterOffsetEnd>
            <POS>JJR</POS>
            <deprel>amod</deprel>
            <depreal_head_id>58</depreal_head_id>
            <depreal_head_text>trade</depreal_head_text>
            <ner>O</ner>
          </token>
          <token id="58">
            <word>trade</word>
            <lemma>trade</lemma>
            <CharacterOffsetBegin>1137</CharacterOffsetBegin>
            <CharacterOffsetEnd>1142</CharacterOffsetEnd>
            <POS>NN</POS>
            <deprel>compound</deprel>
            <depreal_head_id>59</depreal_head_id>
            <depreal_head_text>facilitation</depreal_head_text>
            <ner>O</ner>
          </token>
          <token id="59">
            <word>facilitation</word>
            <lemma>facilitation</lemma>
            <CharacterOffsetBegin>1143</CharacterOffsetBegin>
            <CharacterOffsetEnd>1155</CharacterOffsetEnd>
            <POS>NN</POS>
            <deprel>obj</deprel>
            <depreal_head_id>56</depreal_head_id>
            <depreal_head_text>supporting</depreal_head_text>
            <ner>O</ner>
          </token>
          <token id="60">
            <word>,</word>
            <lemma>,</lemma>
            <CharacterOffsetBegin>1155</CharacterOffsetBegin>
            <CharacterOffsetEnd>1156</CharacterOffsetEnd>
            <POS>,</POS>
            <deprel>punct</deprel>
            <depreal_head_id>64</depreal_head_id>
            <depreal_head_text>boost</depreal_head_text>
            <ner>O</ner>
          </token>
          <token id="61">
            <word>and</word>
            <lemma>and</lemma>
            <CharacterOffsetBegin>1157</CharacterOffsetBegin>
            <CharacterOffsetEnd>1160</CharacterOffsetEnd>
            <POS>CC</POS>
            <deprel>cc</deprel>
            <depreal_head_id>64</depreal_head_id>
            <depreal_head_text>boost</depreal_head_text>
            <ner>O</ner>
          </token>
          <token id="62">
            <word>will</word>
            <lemma>will</lemma>
            <CharacterOffsetBegin>1161</CharacterOffsetBegin>
            <CharacterOffsetEnd>1165</CharacterOffsetEnd>
            <POS>MD</POS>
            <deprel>aux</deprel>
            <depreal_head_id>64</depreal_head_id>
            <depreal_head_text>boost</depreal_head_text>
            <ner>O</ner>
          </token>
          <token id="63">
            <word>further</word>
            <lemma>far</lemma>
            <CharacterOffsetBegin>1166</CharacterOffsetBegin>
            <CharacterOffsetEnd>1173</CharacterOffsetEnd>
            <POS>RBR</POS>
            <deprel>advmod</deprel>
            <depreal_head_id>64</depreal_head_id>
            <depreal_head_text>boost</depreal_head_text>
            <ner>O</ner>
          </token>
          <token id="64">
            <word>boost</word>
            <lemma>boost</lemma>
            <CharacterOffsetBegin>1174</CharacterOffsetBegin>
            <CharacterOffsetEnd>1179</CharacterOffsetEnd>
            <POS>VB</POS>
            <deprel>conj</deprel>
            <depreal_head_id>51</depreal_head_id>
            <depreal_head_text>play</depreal_head_text>
            <ner>O</ner>
          </token>
          <token id="65">
            <word>the</word>
            <lemma>the</lemma>
            <CharacterOffsetBegin>1180</CharacterOffsetBegin>
            <CharacterOffsetEnd>1183</CharacterOffsetEnd>
            <POS>DT</POS>
            <deprel>det</deprel>
            <depreal_head_id>66</depreal_head_id>
            <depreal_head_text>exports</depreal_head_text>
            <ner>O</ner>
          </token>
          <token id="66">
            <word>exports</word>
            <lemma>export</lemma>
            <CharacterOffsetBegin>1184</CharacterOffsetBegin>
            <CharacterOffsetEnd>1191</CharacterOffsetEnd>
            <POS>NNS</POS>
            <deprel>obj</deprel>
            <depreal_head_id>64</depreal_head_id>
            <depreal_head_text>boost</depreal_head_text>
            <ner>O</ner>
          </token>
          <token id="67">
            <word>and</word>
            <lemma>and</lemma>
            <CharacterOffsetBegin>1192</CharacterOffsetBegin>
            <CharacterOffsetEnd>1195</CharacterOffsetEnd>
            <POS>CC</POS>
            <deprel>cc</deprel>
            <depreal_head_id>68</depreal_head_id>
            <depreal_head_text>imports</depreal_head_text>
            <ner>O</ner>
          </token>
          <token id="68">
            <word>imports</word>
            <lemma>import</lemma>
            <CharacterOffsetBegin>1196</CharacterOffsetBegin>
            <CharacterOffsetEnd>1203</CharacterOffsetEnd>
            <POS>NNS</POS>
            <deprel>conj</deprel>
            <depreal_head_id>66</depreal_head_id>
            <depreal_head_text>exports</depreal_head_text>
            <ner>O</ner>
          </token>
          <token id="69">
            <word>of</word>
            <lemma>of</lemma>
            <CharacterOffsetBegin>1204</CharacterOffsetBegin>
            <CharacterOffsetEnd>1206</CharacterOffsetEnd>
            <POS>IN</POS>
            <deprel>case</deprel>
            <depreal_head_id>71</depreal_head_id>
            <depreal_head_text>products</depreal_head_text>
            <ner>O</ner>
          </token>
          <token id="70">
            <word>temperature-sensitive</word>
            <lemma>temperature-sensitive</lemma>
            <CharacterOffsetBegin>1207</CharacterOffsetBegin>
            <CharacterOffsetEnd>1228</CharacterOffsetEnd>
            <POS>JJ</POS>
            <deprel>amod</deprel>
            <depreal_head_id>71</depreal_head_id>
            <depreal_head_text>products</depreal_head_text>
            <ner>O</ner>
          </token>
          <token id="71">
            <word>products</word>
            <lemma>product</lemma>
            <CharacterOffsetBegin>1229</CharacterOffsetBegin>
            <CharacterOffsetEnd>1237</CharacterOffsetEnd>
            <POS>NNS</POS>
            <deprel>nmod</deprel>
            <depreal_head_id>68</depreal_head_id>
            <depreal_head_text>imports</depreal_head_text>
            <ner>O</ner>
          </token>
          <token id="72">
            <word>.</word>
            <lemma>.</lemma>
            <CharacterOffsetBegin>1237</CharacterOffsetBegin>
            <CharacterOffsetEnd>1238</CharacterOffsetEnd>
            <POS>.</POS>
            <deprel>punct</deprel>
            <depreal_head_id>44</depreal_head_id>
            <depreal_head_text>believe</depreal_head_text>
            <ner>O</ner>
          </token>
          <token id="73">
            <word>"</word>
            <lemma>&amp;quot;</lemma>
            <CharacterOffsetBegin>1238</CharacterOffsetBegin>
            <CharacterOffsetEnd>1239</CharacterOffsetEnd>
            <POS>''</POS>
            <deprel>punct</deprel>
            <depreal_head_id>26</depreal_head_id>
            <depreal_head_text>Keeping</depreal_head_text>
            <ner>O</ner>
          </token>
        </tokens>
      </sentence>
    </sentences>
  </document>
</root>
