<root>
  <document>
    <sentences>
      <sentence section="title" type="title" id="1">
        <tokens>
          <token id="1">
            <word>DHL</word>
            <lemma>DHL</lemma>
            <CharacterOffsetBegin>0</CharacterOffsetBegin>
            <CharacterOffsetEnd>3</CharacterOffsetEnd>
            <POS>NNP</POS>
            <deprel>nsubj</deprel>
            <depreal_head_id>2</depreal_head_id>
            <depreal_head_text>seeks</depreal_head_text>
            <ner>S-ORG</ner>
          </token>
          <token id="2">
            <word>seeks</word>
            <lemma>seek</lemma>
            <CharacterOffsetBegin>4</CharacterOffsetBegin>
            <CharacterOffsetEnd>9</CharacterOffsetEnd>
            <POS>VBZ</POS>
            <deprel>root</deprel>
            <depreal_head_id>0</depreal_head_id>
            <depreal_head_text>root</depreal_head_text>
            <ner>O</ner>
          </token>
          <token id="3">
            <word>CEIV</word>
            <lemma>CEIV</lemma>
            <CharacterOffsetBegin>10</CharacterOffsetBegin>
            <CharacterOffsetEnd>14</CharacterOffsetEnd>
            <POS>NNP</POS>
            <deprel>obj</deprel>
            <depreal_head_id>2</depreal_head_id>
            <depreal_head_text>seeks</depreal_head_text>
            <ner>S-ORG</ner>
          </token>
          <token id="4">
            <word>status</word>
            <lemma>status</lemma>
            <CharacterOffsetBegin>15</CharacterOffsetBegin>
            <CharacterOffsetEnd>21</CharacterOffsetEnd>
            <POS>NN</POS>
            <deprel>obj</deprel>
            <depreal_head_id>2</depreal_head_id>
            <depreal_head_text>seeks</depreal_head_text>
            <ner>O</ner>
          </token>
          <token id="5">
            <word>across</word>
            <lemma>across</lemma>
            <CharacterOffsetBegin>22</CharacterOffsetBegin>
            <CharacterOffsetEnd>28</CharacterOffsetEnd>
            <POS>IN</POS>
            <deprel>case</deprel>
            <depreal_head_id>7</depreal_head_id>
            <depreal_head_text>Americas</depreal_head_text>
            <ner>O</ner>
          </token>
          <token id="6">
            <word>the</word>
            <lemma>the</lemma>
            <CharacterOffsetBegin>29</CharacterOffsetBegin>
            <CharacterOffsetEnd>32</CharacterOffsetEnd>
            <POS>DT</POS>
            <deprel>det</deprel>
            <depreal_head_id>7</depreal_head_id>
            <depreal_head_text>Americas</depreal_head_text>
            <ner>O</ner>
          </token>
          <token id="7">
            <word>Americas</word>
            <lemma>Americas</lemma>
            <CharacterOffsetBegin>33</CharacterOffsetBegin>
            <CharacterOffsetEnd>41</CharacterOffsetEnd>
            <POS>NNP</POS>
            <deprel>obl</deprel>
            <depreal_head_id>2</depreal_head_id>
            <depreal_head_text>seeks</depreal_head_text>
            <ner>S-LOC</ner>
          </token>
        </tokens>
      </sentence>
      <sentence section="content" type="bodyText" id="2">
        <tokens>
          <token id="1">
            <word>DHL</word>
            <lemma>DHL</lemma>
            <CharacterOffsetBegin>42</CharacterOffsetBegin>
            <CharacterOffsetEnd>45</CharacterOffsetEnd>
            <POS>NNP</POS>
            <deprel>nmod:poss</deprel>
            <depreal_head_id>3</depreal_head_id>
            <depreal_head_text>Global</depreal_head_text>
            <ner>S-ORG</ner>
          </token>
          <token id="2">
            <word>'s</word>
            <lemma>'s</lemma>
            <CharacterOffsetBegin>45</CharacterOffsetBegin>
            <CharacterOffsetEnd>47</CharacterOffsetEnd>
            <POS>POS</POS>
            <deprel>case</deprel>
            <depreal_head_id>1</depreal_head_id>
            <depreal_head_text>DHL</depreal_head_text>
            <ner>O</ner>
          </token>
          <token id="3">
            <word>Global</word>
            <lemma>Global</lemma>
            <CharacterOffsetBegin>48</CharacterOffsetBegin>
            <CharacterOffsetEnd>54</CharacterOffsetEnd>
            <POS>NNP</POS>
            <deprel>nsubj</deprel>
            <depreal_head_id>28</depreal_head_id>
            <depreal_head_text>achieved</depreal_head_text>
            <ner>B-ORG</ner>
          </token>
          <token id="4">
            <word>Forwarding</word>
            <lemma>Forwarding</lemma>
            <CharacterOffsetBegin>55</CharacterOffsetBegin>
            <CharacterOffsetEnd>65</CharacterOffsetEnd>
            <POS>NNP</POS>
            <deprel>flat</deprel>
            <depreal_head_id>3</depreal_head_id>
            <depreal_head_text>Global</depreal_head_text>
            <ner>E-ORG</ner>
          </token>
          <token id="5">
            <word>,</word>
            <lemma>,</lemma>
            <CharacterOffsetBegin>65</CharacterOffsetBegin>
            <CharacterOffsetEnd>66</CharacterOffsetEnd>
            <POS>,</POS>
            <deprel>punct</deprel>
            <depreal_head_id>4</depreal_head_id>
            <depreal_head_text>Forwarding</depreal_head_text>
            <ner>O</ner>
          </token>
          <token id="6">
            <word>arm</word>
            <lemma>arm</lemma>
            <CharacterOffsetBegin>67</CharacterOffsetBegin>
            <CharacterOffsetEnd>70</CharacterOffsetEnd>
            <POS>NN</POS>
            <deprel>conj</deprel>
            <depreal_head_id>4</depreal_head_id>
            <depreal_head_text>Forwarding</depreal_head_text>
            <ner>O</ner>
          </token>
          <token id="7">
            <word>is</word>
            <lemma>be</lemma>
            <CharacterOffsetBegin>71</CharacterOffsetBegin>
            <CharacterOffsetEnd>73</CharacterOffsetEnd>
            <POS>VBZ</POS>
            <deprel>cop</deprel>
            <depreal_head_id>9</depreal_head_id>
            <depreal_head_text>certify</depreal_head_text>
            <ner>O</ner>
          </token>
          <token id="8">
            <word>to</word>
            <lemma>to</lemma>
            <CharacterOffsetBegin>74</CharacterOffsetBegin>
            <CharacterOffsetEnd>76</CharacterOffsetEnd>
            <POS>TO</POS>
            <deprel>mark</deprel>
            <depreal_head_id>9</depreal_head_id>
            <depreal_head_text>certify</depreal_head_text>
            <ner>O</ner>
          </token>
          <token id="9">
            <word>certify</word>
            <lemma>certify</lemma>
            <CharacterOffsetBegin>77</CharacterOffsetBegin>
            <CharacterOffsetEnd>84</CharacterOffsetEnd>
            <POS>VB</POS>
            <deprel>advcl</deprel>
            <depreal_head_id>28</depreal_head_id>
            <depreal_head_text>achieved</depreal_head_text>
            <ner>O</ner>
          </token>
          <token id="10">
            <word>a</word>
            <lemma>a</lemma>
            <CharacterOffsetBegin>85</CharacterOffsetBegin>
            <CharacterOffsetEnd>86</CharacterOffsetEnd>
            <POS>DT</POS>
            <deprel>det</deprel>
            <depreal_head_id>12</depreal_head_id>
            <depreal_head_text>seven</depreal_head_text>
            <ner>B-CARDINAL</ner>
          </token>
          <token id="11">
            <word>further</word>
            <lemma>further</lemma>
            <CharacterOffsetBegin>87</CharacterOffsetBegin>
            <CharacterOffsetEnd>94</CharacterOffsetEnd>
            <POS>JJR</POS>
            <deprel>amod</deprel>
            <depreal_head_id>12</depreal_head_id>
            <depreal_head_text>seven</depreal_head_text>
            <ner>I-CARDINAL</ner>
          </token>
          <token id="12">
            <word>seven</word>
            <lemma>seven</lemma>
            <CharacterOffsetBegin>95</CharacterOffsetBegin>
            <CharacterOffsetEnd>100</CharacterOffsetEnd>
            <POS>CD</POS>
            <deprel>obj</deprel>
            <depreal_head_id>9</depreal_head_id>
            <depreal_head_text>certify</depreal_head_text>
            <ner>E-CARDINAL</ner>
          </token>
          <token id="13">
            <word>of</word>
            <lemma>of</lemma>
            <CharacterOffsetBegin>101</CharacterOffsetBegin>
            <CharacterOffsetEnd>103</CharacterOffsetEnd>
            <POS>IN</POS>
            <deprel>case</deprel>
            <depreal_head_id>17</depreal_head_id>
            <depreal_head_text>stations</depreal_head_text>
            <ner>O</ner>
          </token>
          <token id="14">
            <word>its</word>
            <lemma>it</lemma>
            <CharacterOffsetBegin>104</CharacterOffsetBegin>
            <CharacterOffsetEnd>107</CharacterOffsetEnd>
            <POS>PRP$</POS>
            <deprel>nmod:poss</deprel>
            <depreal_head_id>15</depreal_head_id>
            <depreal_head_text>11</depreal_head_text>
            <ner>O</ner>
          </token>
          <token id="15">
            <word>11</word>
            <lemma>11</lemma>
            <CharacterOffsetBegin>108</CharacterOffsetBegin>
            <CharacterOffsetEnd>110</CharacterOffsetEnd>
            <POS>CD</POS>
            <deprel>nummod</deprel>
            <depreal_head_id>17</depreal_head_id>
            <depreal_head_text>stations</depreal_head_text>
            <ner>S-CARDINAL</ner>
          </token>
          <token id="16">
            <word>Americas</word>
            <lemma>Americas</lemma>
            <CharacterOffsetBegin>111</CharacterOffsetBegin>
            <CharacterOffsetEnd>119</CharacterOffsetEnd>
            <POS>NNP</POS>
            <deprel>compound</deprel>
            <depreal_head_id>17</depreal_head_id>
            <depreal_head_text>stations</depreal_head_text>
            <ner>S-LOC</ner>
          </token>
          <token id="17">
            <word>stations</word>
            <lemma>station</lemma>
            <CharacterOffsetBegin>120</CharacterOffsetBegin>
            <CharacterOffsetEnd>128</CharacterOffsetEnd>
            <POS>NNS</POS>
            <deprel>nmod</deprel>
            <depreal_head_id>12</depreal_head_id>
            <depreal_head_text>seven</depreal_head_text>
            <ner>O</ner>
          </token>
          <token id="18">
            <word>to</word>
            <lemma>to</lemma>
            <CharacterOffsetBegin>129</CharacterOffsetBegin>
            <CharacterOffsetEnd>131</CharacterOffsetEnd>
            <POS>TO</POS>
            <deprel>case</deprel>
            <depreal_head_id>21</depreal_head_id>
            <depreal_head_text>CEIV</depreal_head_text>
            <ner>O</ner>
          </token>
          <token id="19">
            <word>IATA</word>
            <lemma>Iata</lemma>
            <CharacterOffsetBegin>132</CharacterOffsetBegin>
            <CharacterOffsetEnd>136</CharacterOffsetEnd>
            <POS>NNP</POS>
            <deprel>nmod:poss</deprel>
            <depreal_head_id>21</depreal_head_id>
            <depreal_head_text>CEIV</depreal_head_text>
            <ner>S-ORG</ner>
          </token>
          <token id="20">
            <word>'s</word>
            <lemma>'s</lemma>
            <CharacterOffsetBegin>136</CharacterOffsetBegin>
            <CharacterOffsetEnd>138</CharacterOffsetEnd>
            <POS>POS</POS>
            <deprel>case</deprel>
            <depreal_head_id>19</depreal_head_id>
            <depreal_head_text>IATA</depreal_head_text>
            <ner>O</ner>
          </token>
          <token id="21">
            <word>CEIV</word>
            <lemma>CEIV</lemma>
            <CharacterOffsetBegin>139</CharacterOffsetBegin>
            <CharacterOffsetEnd>143</CharacterOffsetEnd>
            <POS>NNP</POS>
            <deprel>nmod</deprel>
            <depreal_head_id>17</depreal_head_id>
            <depreal_head_text>stations</depreal_head_text>
            <ner>B-ORG</ner>
          </token>
          <token id="22">
            <word>Pharma</word>
            <lemma>Pharma</lemma>
            <CharacterOffsetBegin>144</CharacterOffsetBegin>
            <CharacterOffsetEnd>150</CharacterOffsetEnd>
            <POS>NNP</POS>
            <deprel>flat</deprel>
            <depreal_head_id>21</depreal_head_id>
            <depreal_head_text>CEIV</depreal_head_text>
            <ner>I-ORG</ner>
          </token>
          <token id="23">
            <word>Standard</word>
            <lemma>Standard</lemma>
            <CharacterOffsetBegin>151</CharacterOffsetBegin>
            <CharacterOffsetEnd>159</CharacterOffsetEnd>
            <POS>NNP</POS>
            <deprel>nmod</deprel>
            <depreal_head_id>22</depreal_head_id>
            <depreal_head_text>Pharma</depreal_head_text>
            <ner>E-ORG</ner>
          </token>
          <token id="24">
            <word>.</word>
            <lemma>.</lemma>
            <CharacterOffsetBegin>159</CharacterOffsetBegin>
            <CharacterOffsetEnd>160</CharacterOffsetEnd>
            <POS>.</POS>
            <deprel>punct</deprel>
            <depreal_head_id>9</depreal_head_id>
            <depreal_head_text>certify</depreal_head_text>
            <ner>O</ner>
          </token>
          <token id="25">
            <word>It</word>
            <lemma>it</lemma>
            <CharacterOffsetBegin>161</CharacterOffsetBegin>
            <CharacterOffsetEnd>163</CharacterOffsetEnd>
            <POS>PRP</POS>
            <deprel>nsubj</deprel>
            <depreal_head_id>28</depreal_head_id>
            <depreal_head_text>achieved</depreal_head_text>
            <ner>O</ner>
          </token>
          <token id="26">
            <word>has</word>
            <lemma>have</lemma>
            <CharacterOffsetBegin>164</CharacterOffsetBegin>
            <CharacterOffsetEnd>167</CharacterOffsetEnd>
            <POS>VBZ</POS>
            <deprel>aux</deprel>
            <depreal_head_id>28</depreal_head_id>
            <depreal_head_text>achieved</depreal_head_text>
            <ner>O</ner>
          </token>
          <token id="27">
            <word>already</word>
            <lemma>already</lemma>
            <CharacterOffsetBegin>168</CharacterOffsetBegin>
            <CharacterOffsetEnd>175</CharacterOffsetEnd>
            <POS>RB</POS>
            <deprel>advmod</deprel>
            <depreal_head_id>28</depreal_head_id>
            <depreal_head_text>achieved</depreal_head_text>
            <ner>O</ner>
          </token>
          <token id="28">
            <word>achieved</word>
            <lemma>achieve</lemma>
            <CharacterOffsetBegin>176</CharacterOffsetBegin>
            <CharacterOffsetEnd>184</CharacterOffsetEnd>
            <POS>VBN</POS>
            <deprel>root</deprel>
            <depreal_head_id>0</depreal_head_id>
            <depreal_head_text>root</depreal_head_text>
            <ner>O</ner>
          </token>
          <token id="29">
            <word>CEIV</word>
            <lemma>CEIV</lemma>
            <CharacterOffsetBegin>185</CharacterOffsetBegin>
            <CharacterOffsetEnd>189</CharacterOffsetEnd>
            <POS>NNP</POS>
            <deprel>compound</deprel>
            <depreal_head_id>30</depreal_head_id>
            <depreal_head_text>status</depreal_head_text>
            <ner>S-ORG</ner>
          </token>
          <token id="30">
            <word>status</word>
            <lemma>status</lemma>
            <CharacterOffsetBegin>190</CharacterOffsetBegin>
            <CharacterOffsetEnd>196</CharacterOffsetEnd>
            <POS>NN</POS>
            <deprel>obj</deprel>
            <depreal_head_id>28</depreal_head_id>
            <depreal_head_text>achieved</depreal_head_text>
            <ner>O</ner>
          </token>
          <token id="31">
            <word>at</word>
            <lemma>at</lemma>
            <CharacterOffsetBegin>197</CharacterOffsetBegin>
            <CharacterOffsetEnd>199</CharacterOffsetEnd>
            <POS>IN</POS>
            <deprel>case</deprel>
            <depreal_head_id>32</depreal_head_id>
            <depreal_head_text>Bogota</depreal_head_text>
            <ner>O</ner>
          </token>
          <token id="32">
            <word>Bogota</word>
            <lemma>Bogota</lemma>
            <CharacterOffsetBegin>200</CharacterOffsetBegin>
            <CharacterOffsetEnd>206</CharacterOffsetEnd>
            <POS>NNP</POS>
            <deprel>nmod</deprel>
            <depreal_head_id>30</depreal_head_id>
            <depreal_head_text>status</depreal_head_text>
            <ner>S-GPE</ner>
          </token>
          <token id="33">
            <word>,</word>
            <lemma>,</lemma>
            <CharacterOffsetBegin>206</CharacterOffsetBegin>
            <CharacterOffsetEnd>207</CharacterOffsetEnd>
            <POS>,</POS>
            <deprel>punct</deprel>
            <depreal_head_id>34</depreal_head_id>
            <depreal_head_text>Colombia</depreal_head_text>
            <ner>O</ner>
          </token>
          <token id="34">
            <word>Colombia</word>
            <lemma>Colombia</lemma>
            <CharacterOffsetBegin>208</CharacterOffsetBegin>
            <CharacterOffsetEnd>216</CharacterOffsetEnd>
            <POS>NNP</POS>
            <deprel>nmod</deprel>
            <depreal_head_id>32</depreal_head_id>
            <depreal_head_text>Bogota</depreal_head_text>
            <ner>S-GPE</ner>
          </token>
          <token id="35">
            <word>and</word>
            <lemma>and</lemma>
            <CharacterOffsetBegin>217</CharacterOffsetBegin>
            <CharacterOffsetEnd>220</CharacterOffsetEnd>
            <POS>CC</POS>
            <deprel>cc</deprel>
            <depreal_head_id>37</depreal_head_id>
            <depreal_head_text>seven</depreal_head_text>
            <ner>O</ner>
          </token>
          <token id="36">
            <word>the</word>
            <lemma>the</lemma>
            <CharacterOffsetBegin>221</CharacterOffsetBegin>
            <CharacterOffsetEnd>224</CharacterOffsetEnd>
            <POS>DT</POS>
            <deprel>det</deprel>
            <depreal_head_id>37</depreal_head_id>
            <depreal_head_text>seven</depreal_head_text>
            <ner>O</ner>
          </token>
          <token id="37">
            <word>seven</word>
            <lemma>seven</lemma>
            <CharacterOffsetBegin>225</CharacterOffsetBegin>
            <CharacterOffsetEnd>230</CharacterOffsetEnd>
            <POS>CD</POS>
            <deprel>nummod</deprel>
            <depreal_head_id>34</depreal_head_id>
            <depreal_head_text>Colombia</depreal_head_text>
            <ner>S-CARDINAL</ner>
          </token>
          <token id="38">
            <word>remaining</word>
            <lemma>remain</lemma>
            <CharacterOffsetBegin>231</CharacterOffsetBegin>
            <CharacterOffsetEnd>240</CharacterOffsetEnd>
            <POS>VBG</POS>
            <deprel>acl</deprel>
            <depreal_head_id>34</depreal_head_id>
            <depreal_head_text>Colombia</depreal_head_text>
            <ner>O</ner>
          </token>
          <token id="39">
            <word>stations</word>
            <lemma>station</lemma>
            <CharacterOffsetBegin>241</CharacterOffsetBegin>
            <CharacterOffsetEnd>249</CharacterOffsetEnd>
            <POS>NNS</POS>
            <deprel>xcomp</deprel>
            <depreal_head_id>38</depreal_head_id>
            <depreal_head_text>remaining</depreal_head_text>
            <ner>O</ner>
          </token>
          <token id="40">
            <word>–</word>
            <lemma>–</lemma>
            <CharacterOffsetBegin>250</CharacterOffsetBegin>
            <CharacterOffsetEnd>251</CharacterOffsetEnd>
            <POS>:</POS>
            <deprel>punct</deprel>
            <depreal_head_id>41</depreal_head_id>
            <depreal_head_text>Atlanta</depreal_head_text>
            <ner>O</ner>
          </token>
          <token id="41">
            <word>Atlanta</word>
            <lemma>Atlanta</lemma>
            <CharacterOffsetBegin>252</CharacterOffsetBegin>
            <CharacterOffsetEnd>259</CharacterOffsetEnd>
            <POS>NNP</POS>
            <deprel>nmod</deprel>
            <depreal_head_id>32</depreal_head_id>
            <depreal_head_text>Bogota</depreal_head_text>
            <ner>S-GPE</ner>
          </token>
          <token id="42">
            <word>,</word>
            <lemma>,</lemma>
            <CharacterOffsetBegin>259</CharacterOffsetBegin>
            <CharacterOffsetEnd>260</CharacterOffsetEnd>
            <POS>,</POS>
            <deprel>punct</deprel>
            <depreal_head_id>41</depreal_head_id>
            <depreal_head_text>Atlanta</depreal_head_text>
            <ner>O</ner>
          </token>
          <token id="43">
            <word>Chicago</word>
            <lemma>Chicago</lemma>
            <CharacterOffsetBegin>261</CharacterOffsetBegin>
            <CharacterOffsetEnd>268</CharacterOffsetEnd>
            <POS>NNP</POS>
            <deprel>conj</deprel>
            <depreal_head_id>41</depreal_head_id>
            <depreal_head_text>Atlanta</depreal_head_text>
            <ner>S-GPE</ner>
          </token>
          <token id="44">
            <word>,</word>
            <lemma>,</lemma>
            <CharacterOffsetBegin>268</CharacterOffsetBegin>
            <CharacterOffsetEnd>269</CharacterOffsetEnd>
            <POS>,</POS>
            <deprel>punct</deprel>
            <depreal_head_id>43</depreal_head_id>
            <depreal_head_text>Chicago</depreal_head_text>
            <ner>O</ner>
          </token>
          <token id="45">
            <word>Cincinnati</word>
            <lemma>Cincinnati</lemma>
            <CharacterOffsetBegin>270</CharacterOffsetBegin>
            <CharacterOffsetEnd>280</CharacterOffsetEnd>
            <POS>NNP</POS>
            <deprel>conj</deprel>
            <depreal_head_id>41</depreal_head_id>
            <depreal_head_text>Atlanta</depreal_head_text>
            <ner>S-GPE</ner>
          </token>
          <token id="46">
            <word>,</word>
            <lemma>,</lemma>
            <CharacterOffsetBegin>280</CharacterOffsetBegin>
            <CharacterOffsetEnd>281</CharacterOffsetEnd>
            <POS>,</POS>
            <deprel>punct</deprel>
            <depreal_head_id>45</depreal_head_id>
            <depreal_head_text>Cincinnati</depreal_head_text>
            <ner>O</ner>
          </token>
          <token id="47">
            <word>Los</word>
            <lemma>Los</lemma>
            <CharacterOffsetBegin>282</CharacterOffsetBegin>
            <CharacterOffsetEnd>285</CharacterOffsetEnd>
            <POS>NNP</POS>
            <deprel>conj</deprel>
            <depreal_head_id>41</depreal_head_id>
            <depreal_head_text>Atlanta</depreal_head_text>
            <ner>B-GPE</ner>
          </token>
          <token id="48">
            <word>Angeles</word>
            <lemma>Angeles</lemma>
            <CharacterOffsetBegin>286</CharacterOffsetBegin>
            <CharacterOffsetEnd>293</CharacterOffsetEnd>
            <POS>NNP</POS>
            <deprel>flat</deprel>
            <depreal_head_id>47</depreal_head_id>
            <depreal_head_text>Los</depreal_head_text>
            <ner>E-GPE</ner>
          </token>
          <token id="49">
            <word>,</word>
            <lemma>,</lemma>
            <CharacterOffsetBegin>293</CharacterOffsetBegin>
            <CharacterOffsetEnd>294</CharacterOffsetEnd>
            <POS>,</POS>
            <deprel>punct</deprel>
            <depreal_head_id>47</depreal_head_id>
            <depreal_head_text>Los</depreal_head_text>
            <ner>O</ner>
          </token>
          <token id="50">
            <word>Miami</word>
            <lemma>Miami</lemma>
            <CharacterOffsetBegin>295</CharacterOffsetBegin>
            <CharacterOffsetEnd>300</CharacterOffsetEnd>
            <POS>NNP</POS>
            <deprel>conj</deprel>
            <depreal_head_id>41</depreal_head_id>
            <depreal_head_text>Atlanta</depreal_head_text>
            <ner>S-GPE</ner>
          </token>
          <token id="51">
            <word>,</word>
            <lemma>,</lemma>
            <CharacterOffsetBegin>300</CharacterOffsetBegin>
            <CharacterOffsetEnd>301</CharacterOffsetEnd>
            <POS>,</POS>
            <deprel>punct</deprel>
            <depreal_head_id>50</depreal_head_id>
            <depreal_head_text>Miami</depreal_head_text>
            <ner>O</ner>
          </token>
          <token id="52">
            <word>Philadelphia</word>
            <lemma>Philadelphia</lemma>
            <CharacterOffsetBegin>302</CharacterOffsetBegin>
            <CharacterOffsetEnd>314</CharacterOffsetEnd>
            <POS>NNP</POS>
            <deprel>nmod</deprel>
            <depreal_head_id>47</depreal_head_id>
            <depreal_head_text>Los</depreal_head_text>
            <ner>S-GPE</ner>
          </token>
          <token id="53">
            <word>and</word>
            <lemma>and</lemma>
            <CharacterOffsetBegin>315</CharacterOffsetBegin>
            <CharacterOffsetEnd>318</CharacterOffsetEnd>
            <POS>CC</POS>
            <deprel>cc</deprel>
            <depreal_head_id>55</depreal_head_id>
            <depreal_head_text>Juan</depreal_head_text>
            <ner>O</ner>
          </token>
          <token id="54">
            <word>San</word>
            <lemma>San</lemma>
            <CharacterOffsetBegin>319</CharacterOffsetBegin>
            <CharacterOffsetEnd>322</CharacterOffsetEnd>
            <POS>NNP</POS>
            <deprel>conj</deprel>
            <depreal_head_id>52</depreal_head_id>
            <depreal_head_text>Philadelphia</depreal_head_text>
            <ner>B-GPE</ner>
          </token>
          <token id="55">
            <word>Juan</word>
            <lemma>Juan</lemma>
            <CharacterOffsetBegin>323</CharacterOffsetBegin>
            <CharacterOffsetEnd>327</CharacterOffsetEnd>
            <POS>NNP</POS>
            <deprel>flat</deprel>
            <depreal_head_id>54</depreal_head_id>
            <depreal_head_text>San</depreal_head_text>
            <ner>E-GPE</ner>
          </token>
          <token id="56">
            <word>–</word>
            <lemma>–</lemma>
            <CharacterOffsetBegin>328</CharacterOffsetBegin>
            <CharacterOffsetEnd>329</CharacterOffsetEnd>
            <POS>:</POS>
            <deprel>punct</deprel>
            <depreal_head_id>58</depreal_head_id>
            <depreal_head_text>expected</depreal_head_text>
            <ner>O</ner>
          </token>
          <token id="57">
            <word>are</word>
            <lemma>be</lemma>
            <CharacterOffsetBegin>330</CharacterOffsetBegin>
            <CharacterOffsetEnd>333</CharacterOffsetEnd>
            <POS>VBP</POS>
            <deprel>aux:pass</deprel>
            <depreal_head_id>58</depreal_head_id>
            <depreal_head_text>expected</depreal_head_text>
            <ner>O</ner>
          </token>
          <token id="58">
            <word>expected</word>
            <lemma>expect</lemma>
            <CharacterOffsetBegin>334</CharacterOffsetBegin>
            <CharacterOffsetEnd>342</CharacterOffsetEnd>
            <POS>VBN</POS>
            <deprel>acl:relcl</deprel>
            <depreal_head_id>41</depreal_head_id>
            <depreal_head_text>Atlanta</depreal_head_text>
            <ner>O</ner>
          </token>
          <token id="59">
            <word>to</word>
            <lemma>to</lemma>
            <CharacterOffsetBegin>343</CharacterOffsetBegin>
            <CharacterOffsetEnd>345</CharacterOffsetEnd>
            <POS>TO</POS>
            <deprel>mark</deprel>
            <depreal_head_id>60</depreal_head_id>
            <depreal_head_text>follow</depreal_head_text>
            <ner>O</ner>
          </token>
          <token id="60">
            <word>follow</word>
            <lemma>follow</lemma>
            <CharacterOffsetBegin>346</CharacterOffsetBegin>
            <CharacterOffsetEnd>352</CharacterOffsetEnd>
            <POS>VB</POS>
            <deprel>xcomp</deprel>
            <depreal_head_id>58</depreal_head_id>
            <depreal_head_text>expected</depreal_head_text>
            <ner>O</ner>
          </token>
          <token id="61">
            <word>by</word>
            <lemma>by</lemma>
            <CharacterOffsetBegin>353</CharacterOffsetBegin>
            <CharacterOffsetEnd>355</CharacterOffsetEnd>
            <POS>IN</POS>
            <deprel>case</deprel>
            <depreal_head_id>63</depreal_head_id>
            <depreal_head_text>end</depreal_head_text>
            <ner>O</ner>
          </token>
          <token id="62">
            <word>the</word>
            <lemma>the</lemma>
            <CharacterOffsetBegin>356</CharacterOffsetBegin>
            <CharacterOffsetEnd>359</CharacterOffsetEnd>
            <POS>DT</POS>
            <deprel>det</deprel>
            <depreal_head_id>63</depreal_head_id>
            <depreal_head_text>end</depreal_head_text>
            <ner>B-DATE</ner>
          </token>
          <token id="63">
            <word>end</word>
            <lemma>end</lemma>
            <CharacterOffsetBegin>360</CharacterOffsetBegin>
            <CharacterOffsetEnd>363</CharacterOffsetEnd>
            <POS>NN</POS>
            <deprel>obl</deprel>
            <depreal_head_id>60</depreal_head_id>
            <depreal_head_text>follow</depreal_head_text>
            <ner>I-DATE</ner>
          </token>
          <token id="64">
            <word>of</word>
            <lemma>of</lemma>
            <CharacterOffsetBegin>364</CharacterOffsetBegin>
            <CharacterOffsetEnd>366</CharacterOffsetEnd>
            <POS>IN</POS>
            <deprel>case</deprel>
            <depreal_head_id>67</depreal_head_id>
            <depreal_head_text>quarter</depreal_head_text>
            <ner>I-DATE</ner>
          </token>
          <token id="65">
            <word>the</word>
            <lemma>the</lemma>
            <CharacterOffsetBegin>367</CharacterOffsetBegin>
            <CharacterOffsetEnd>370</CharacterOffsetEnd>
            <POS>DT</POS>
            <deprel>det</deprel>
            <depreal_head_id>67</depreal_head_id>
            <depreal_head_text>quarter</depreal_head_text>
            <ner>I-DATE</ner>
          </token>
          <token id="66">
            <word>second</word>
            <lemma>second</lemma>
            <CharacterOffsetBegin>371</CharacterOffsetBegin>
            <CharacterOffsetEnd>377</CharacterOffsetEnd>
            <POS>JJ</POS>
            <deprel>amod</deprel>
            <depreal_head_id>67</depreal_head_id>
            <depreal_head_text>quarter</depreal_head_text>
            <ner>I-DATE</ner>
          </token>
          <token id="67">
            <word>quarter</word>
            <lemma>quarter</lemma>
            <CharacterOffsetBegin>378</CharacterOffsetBegin>
            <CharacterOffsetEnd>385</CharacterOffsetEnd>
            <POS>NN</POS>
            <deprel>nmod</deprel>
            <depreal_head_id>63</depreal_head_id>
            <depreal_head_text>end</depreal_head_text>
            <ner>I-DATE</ner>
          </token>
          <token id="68">
            <word>of</word>
            <lemma>of</lemma>
            <CharacterOffsetBegin>386</CharacterOffsetBegin>
            <CharacterOffsetEnd>388</CharacterOffsetEnd>
            <POS>IN</POS>
            <deprel>case</deprel>
            <depreal_head_id>69</depreal_head_id>
            <depreal_head_text>2017</depreal_head_text>
            <ner>I-DATE</ner>
          </token>
          <token id="69">
            <word>2017</word>
            <lemma>2017</lemma>
            <CharacterOffsetBegin>389</CharacterOffsetBegin>
            <CharacterOffsetEnd>393</CharacterOffsetEnd>
            <POS>CD</POS>
            <deprel>nummod</deprel>
            <depreal_head_id>67</depreal_head_id>
            <depreal_head_text>quarter</depreal_head_text>
            <ner>E-DATE</ner>
          </token>
          <token id="70">
            <word>.</word>
            <lemma>.</lemma>
            <CharacterOffsetBegin>393</CharacterOffsetBegin>
            <CharacterOffsetEnd>394</CharacterOffsetEnd>
            <POS>.</POS>
            <deprel>punct</deprel>
            <depreal_head_id>58</depreal_head_id>
            <depreal_head_text>expected</depreal_head_text>
            <ner>O</ner>
          </token>
          <token id="71">
            <word>The</word>
            <lemma>the</lemma>
            <CharacterOffsetBegin>395</CharacterOffsetBegin>
            <CharacterOffsetEnd>398</CharacterOffsetEnd>
            <POS>DT</POS>
            <deprel>det</deprel>
            <depreal_head_id>74</depreal_head_id>
            <depreal_head_text>Certification</depreal_head_text>
            <ner>B-ORG</ner>
          </token>
          <token id="72">
            <word>CEIV</word>
            <lemma>CEIV</lemma>
            <CharacterOffsetBegin>399</CharacterOffsetBegin>
            <CharacterOffsetEnd>403</CharacterOffsetEnd>
            <POS>NNP</POS>
            <deprel>nsubj</deprel>
            <depreal_head_id>75</depreal_head_id>
            <depreal_head_text>confirms</depreal_head_text>
            <ner>I-ORG</ner>
          </token>
          <token id="73">
            <word>Pharma</word>
            <lemma>Pharma</lemma>
            <CharacterOffsetBegin>404</CharacterOffsetBegin>
            <CharacterOffsetEnd>410</CharacterOffsetEnd>
            <POS>NNP</POS>
            <deprel>nmod</deprel>
            <depreal_head_id>72</depreal_head_id>
            <depreal_head_text>CEIV</depreal_head_text>
            <ner>I-ORG</ner>
          </token>
          <token id="74">
            <word>Certification</word>
            <lemma>Certification</lemma>
            <CharacterOffsetBegin>411</CharacterOffsetBegin>
            <CharacterOffsetEnd>424</CharacterOffsetEnd>
            <POS>NNP</POS>
            <deprel>flat</deprel>
            <depreal_head_id>73</depreal_head_id>
            <depreal_head_text>Pharma</depreal_head_text>
            <ner>E-ORG</ner>
          </token>
          <token id="75">
            <word>confirms</word>
            <lemma>confirm</lemma>
            <CharacterOffsetBegin>425</CharacterOffsetBegin>
            <CharacterOffsetEnd>433</CharacterOffsetEnd>
            <POS>VBZ</POS>
            <deprel>parataxis</deprel>
            <depreal_head_id>58</depreal_head_id>
            <depreal_head_text>expected</depreal_head_text>
            <ner>O</ner>
          </token>
          <token id="76">
            <word>service</word>
            <lemma>service</lemma>
            <CharacterOffsetBegin>434</CharacterOffsetBegin>
            <CharacterOffsetEnd>441</CharacterOffsetEnd>
            <POS>NN</POS>
            <deprel>compound</deprel>
            <depreal_head_id>79</depreal_head_id>
            <depreal_head_text>standards</depreal_head_text>
            <ner>O</ner>
          </token>
          <token id="77">
            <word>and</word>
            <lemma>and</lemma>
            <CharacterOffsetBegin>442</CharacterOffsetBegin>
            <CharacterOffsetEnd>445</CharacterOffsetEnd>
            <POS>CC</POS>
            <deprel>cc</deprel>
            <depreal_head_id>78</depreal_head_id>
            <depreal_head_text>quality</depreal_head_text>
            <ner>O</ner>
          </token>
          <token id="78">
            <word>quality</word>
            <lemma>quality</lemma>
            <CharacterOffsetBegin>446</CharacterOffsetBegin>
            <CharacterOffsetEnd>453</CharacterOffsetEnd>
            <POS>NN</POS>
            <deprel>conj</deprel>
            <depreal_head_id>76</depreal_head_id>
            <depreal_head_text>service</depreal_head_text>
            <ner>O</ner>
          </token>
          <token id="79">
            <word>standards</word>
            <lemma>standard</lemma>
            <CharacterOffsetBegin>454</CharacterOffsetBegin>
            <CharacterOffsetEnd>463</CharacterOffsetEnd>
            <POS>NNS</POS>
            <deprel>obj</deprel>
            <depreal_head_id>75</depreal_head_id>
            <depreal_head_text>confirms</depreal_head_text>
            <ner>O</ner>
          </token>
          <token id="80">
            <word>for</word>
            <lemma>for</lemma>
            <CharacterOffsetBegin>464</CharacterOffsetBegin>
            <CharacterOffsetEnd>467</CharacterOffsetEnd>
            <POS>IN</POS>
            <deprel>case</deprel>
            <depreal_head_id>85</depreal_head_id>
            <depreal_head_text>customers</depreal_head_text>
            <ner>O</ner>
          </token>
          <token id="81">
            <word>life</word>
            <lemma>life</lemma>
            <CharacterOffsetBegin>468</CharacterOffsetBegin>
            <CharacterOffsetEnd>472</CharacterOffsetEnd>
            <POS>NN</POS>
            <deprel>det</deprel>
            <depreal_head_id>82</depreal_head_id>
            <depreal_head_text>sciences</depreal_head_text>
            <ner>O</ner>
          </token>
          <token id="82">
            <word>sciences</word>
            <lemma>science</lemma>
            <CharacterOffsetBegin>473</CharacterOffsetBegin>
            <CharacterOffsetEnd>481</CharacterOffsetEnd>
            <POS>NNS</POS>
            <deprel>compound</deprel>
            <depreal_head_id>85</depreal_head_id>
            <depreal_head_text>customers</depreal_head_text>
            <ner>O</ner>
          </token>
          <token id="83">
            <word>and</word>
            <lemma>and</lemma>
            <CharacterOffsetBegin>482</CharacterOffsetBegin>
            <CharacterOffsetEnd>485</CharacterOffsetEnd>
            <POS>CC</POS>
            <deprel>cc</deprel>
            <depreal_head_id>84</depreal_head_id>
            <depreal_head_text>healthcare</depreal_head_text>
            <ner>O</ner>
          </token>
          <token id="84">
            <word>healthcare</word>
            <lemma>healthcare</lemma>
            <CharacterOffsetBegin>486</CharacterOffsetBegin>
            <CharacterOffsetEnd>496</CharacterOffsetEnd>
            <POS>NN</POS>
            <deprel>conj</deprel>
            <depreal_head_id>82</depreal_head_id>
            <depreal_head_text>sciences</depreal_head_text>
            <ner>O</ner>
          </token>
          <token id="85">
            <word>customers</word>
            <lemma>customer</lemma>
            <CharacterOffsetBegin>497</CharacterOffsetBegin>
            <CharacterOffsetEnd>506</CharacterOffsetEnd>
            <POS>NNS</POS>
            <deprel>nmod</deprel>
            <depreal_head_id>79</depreal_head_id>
            <depreal_head_text>standards</depreal_head_text>
            <ner>O</ner>
          </token>
          <token id="86">
            <word>.</word>
            <lemma>.</lemma>
            <CharacterOffsetBegin>506</CharacterOffsetBegin>
            <CharacterOffsetEnd>507</CharacterOffsetEnd>
            <POS>.</POS>
            <deprel>punct</deprel>
            <depreal_head_id>75</depreal_head_id>
            <depreal_head_text>confirms</depreal_head_text>
            <ner>O</ner>
          </token>
          <token id="87">
            <word>US</word>
            <lemma>US</lemma>
            <CharacterOffsetBegin>508</CharacterOffsetBegin>
            <CharacterOffsetEnd>510</CharacterOffsetEnd>
            <POS>NNP</POS>
            <deprel>det</deprel>
            <depreal_head_id>89</depreal_head_id>
            <depreal_head_text>executive</depreal_head_text>
            <ner>S-GPE</ner>
          </token>
          <token id="88">
            <word>chief</word>
            <lemma>chief</lemma>
            <CharacterOffsetBegin>511</CharacterOffsetBegin>
            <CharacterOffsetEnd>516</CharacterOffsetEnd>
            <POS>JJ</POS>
            <deprel>amod</deprel>
            <depreal_head_id>89</depreal_head_id>
            <depreal_head_text>executive</depreal_head_text>
            <ner>O</ner>
          </token>
          <token id="89">
            <word>executive</word>
            <lemma>executive</lemma>
            <CharacterOffsetBegin>517</CharacterOffsetBegin>
            <CharacterOffsetEnd>526</CharacterOffsetEnd>
            <POS>JJ</POS>
            <deprel>amod</deprel>
            <depreal_head_id>79</depreal_head_id>
            <depreal_head_text>standards</depreal_head_text>
            <ner>O</ner>
          </token>
          <token id="90">
            <word>for</word>
            <lemma>for</lemma>
            <CharacterOffsetBegin>527</CharacterOffsetBegin>
            <CharacterOffsetEnd>530</CharacterOffsetEnd>
            <POS>IN</POS>
            <deprel>case</deprel>
            <depreal_head_id>91</depreal_head_id>
            <depreal_head_text>DHL</depreal_head_text>
            <ner>O</ner>
          </token>
          <token id="91">
            <word>DHL</word>
            <lemma>DHL</lemma>
            <CharacterOffsetBegin>531</CharacterOffsetBegin>
            <CharacterOffsetEnd>534</CharacterOffsetEnd>
            <POS>NNP</POS>
            <deprel>nmod</deprel>
            <depreal_head_id>89</depreal_head_id>
            <depreal_head_text>executive</depreal_head_text>
            <ner>B-ORG</ner>
          </token>
          <token id="92">
            <word>Global</word>
            <lemma>Global</lemma>
            <CharacterOffsetBegin>535</CharacterOffsetBegin>
            <CharacterOffsetEnd>541</CharacterOffsetEnd>
            <POS>NNP</POS>
            <deprel>flat</deprel>
            <depreal_head_id>91</depreal_head_id>
            <depreal_head_text>DHL</depreal_head_text>
            <ner>I-ORG</ner>
          </token>
          <token id="93">
            <word>Forwarding</word>
            <lemma>Forwarding</lemma>
            <CharacterOffsetBegin>542</CharacterOffsetBegin>
            <CharacterOffsetEnd>552</CharacterOffsetEnd>
            <POS>NNP</POS>
            <deprel>flat</deprel>
            <depreal_head_id>91</depreal_head_id>
            <depreal_head_text>DHL</depreal_head_text>
            <ner>E-ORG</ner>
          </token>
          <token id="94">
            <word>,</word>
            <lemma>,</lemma>
            <CharacterOffsetBegin>552</CharacterOffsetBegin>
            <CharacterOffsetEnd>553</CharacterOffsetEnd>
            <POS>,</POS>
            <deprel>punct</deprel>
            <depreal_head_id>95</depreal_head_id>
            <depreal_head_text>David</depreal_head_text>
            <ner>O</ner>
          </token>
          <token id="95">
            <word>David</word>
            <lemma>David</lemma>
            <CharacterOffsetBegin>554</CharacterOffsetBegin>
            <CharacterOffsetEnd>559</CharacterOffsetEnd>
            <POS>NNP</POS>
            <deprel>conj</deprel>
            <depreal_head_id>93</depreal_head_id>
            <depreal_head_text>Forwarding</depreal_head_text>
            <ner>B-PERSON</ner>
          </token>
          <token id="96">
            <word>Goldberg</word>
            <lemma>Goldberg</lemma>
            <CharacterOffsetBegin>560</CharacterOffsetBegin>
            <CharacterOffsetEnd>568</CharacterOffsetEnd>
            <POS>NNP</POS>
            <deprel>flat</deprel>
            <depreal_head_id>95</depreal_head_id>
            <depreal_head_text>David</depreal_head_text>
            <ner>E-PERSON</ner>
          </token>
          <token id="97">
            <word>,</word>
            <lemma>,</lemma>
            <CharacterOffsetBegin>568</CharacterOffsetBegin>
            <CharacterOffsetEnd>569</CharacterOffsetEnd>
            <POS>,</POS>
            <deprel>punct</deprel>
            <depreal_head_id>98</depreal_head_id>
            <depreal_head_text>said</depreal_head_text>
            <ner>O</ner>
          </token>
          <token id="98">
            <word>said</word>
            <lemma>say</lemma>
            <CharacterOffsetBegin>570</CharacterOffsetBegin>
            <CharacterOffsetEnd>574</CharacterOffsetEnd>
            <POS>VBD</POS>
            <deprel>acl:relcl</deprel>
            <depreal_head_id>95</depreal_head_id>
            <depreal_head_text>David</depreal_head_text>
            <ner>O</ner>
          </token>
          <token id="99">
            <word>:</word>
            <lemma>:</lemma>
            <CharacterOffsetBegin>574</CharacterOffsetBegin>
            <CharacterOffsetEnd>575</CharacterOffsetEnd>
            <POS>:</POS>
            <deprel>punct</deprel>
            <depreal_head_id>98</depreal_head_id>
            <depreal_head_text>said</depreal_head_text>
            <ner>O</ner>
          </token>
          <token id="100">
            <word>"</word>
            <lemma>&amp;quot;</lemma>
            <CharacterOffsetBegin>576</CharacterOffsetBegin>
            <CharacterOffsetEnd>577</CharacterOffsetEnd>
            <POS>``</POS>
            <deprel>punct</deprel>
            <depreal_head_id>104</depreal_head_id>
            <depreal_head_text>approach</depreal_head_text>
            <ner>O</ner>
          </token>
          <token id="101">
            <word>Through</word>
            <lemma>through</lemma>
            <CharacterOffsetBegin>577</CharacterOffsetBegin>
            <CharacterOffsetEnd>584</CharacterOffsetEnd>
            <POS>IN</POS>
            <deprel>case</deprel>
            <depreal_head_id>104</depreal_head_id>
            <depreal_head_text>approach</depreal_head_text>
            <ner>O</ner>
          </token>
          <token id="102">
            <word>a</word>
            <lemma>a</lemma>
            <CharacterOffsetBegin>585</CharacterOffsetBegin>
            <CharacterOffsetEnd>586</CharacterOffsetEnd>
            <POS>DT</POS>
            <deprel>det</deprel>
            <depreal_head_id>104</depreal_head_id>
            <depreal_head_text>approach</depreal_head_text>
            <ner>O</ner>
          </token>
          <token id="103">
            <word>targeted</word>
            <lemma>target</lemma>
            <CharacterOffsetBegin>587</CharacterOffsetBegin>
            <CharacterOffsetEnd>595</CharacterOffsetEnd>
            <POS>VBN</POS>
            <deprel>compound</deprel>
            <depreal_head_id>104</depreal_head_id>
            <depreal_head_text>approach</depreal_head_text>
            <ner>O</ner>
          </token>
          <token id="104">
            <word>approach</word>
            <lemma>approach</lemma>
            <CharacterOffsetBegin>596</CharacterOffsetBegin>
            <CharacterOffsetEnd>604</CharacterOffsetEnd>
            <POS>NN</POS>
            <deprel>obl</deprel>
            <depreal_head_id>108</depreal_head_id>
            <depreal_head_text>selected</depreal_head_text>
            <ner>O</ner>
          </token>
          <token id="105">
            <word>,</word>
            <lemma>,</lemma>
            <CharacterOffsetBegin>604</CharacterOffsetBegin>
            <CharacterOffsetEnd>605</CharacterOffsetEnd>
            <POS>,</POS>
            <deprel>punct</deprel>
            <depreal_head_id>104</depreal_head_id>
            <depreal_head_text>approach</depreal_head_text>
            <ner>O</ner>
          </token>
          <token id="106">
            <word>we</word>
            <lemma>we</lemma>
            <CharacterOffsetBegin>606</CharacterOffsetBegin>
            <CharacterOffsetEnd>608</CharacterOffsetEnd>
            <POS>PRP</POS>
            <deprel>nsubj</deprel>
            <depreal_head_id>108</depreal_head_id>
            <depreal_head_text>selected</depreal_head_text>
            <ner>O</ner>
          </token>
          <token id="107">
            <word>have</word>
            <lemma>have</lemma>
            <CharacterOffsetBegin>609</CharacterOffsetBegin>
            <CharacterOffsetEnd>613</CharacterOffsetEnd>
            <POS>VBP</POS>
            <deprel>aux</deprel>
            <depreal_head_id>108</depreal_head_id>
            <depreal_head_text>selected</depreal_head_text>
            <ner>O</ner>
          </token>
          <token id="108">
            <word>selected</word>
            <lemma>select</lemma>
            <CharacterOffsetBegin>614</CharacterOffsetBegin>
            <CharacterOffsetEnd>622</CharacterOffsetEnd>
            <POS>VBN</POS>
            <deprel>ccomp</deprel>
            <depreal_head_id>98</depreal_head_id>
            <depreal_head_text>said</depreal_head_text>
            <ner>O</ner>
          </token>
          <token id="109">
            <word>stations</word>
            <lemma>station</lemma>
            <CharacterOffsetBegin>623</CharacterOffsetBegin>
            <CharacterOffsetEnd>631</CharacterOffsetEnd>
            <POS>NNS</POS>
            <deprel>obj</deprel>
            <depreal_head_id>108</depreal_head_id>
            <depreal_head_text>selected</depreal_head_text>
            <ner>O</ner>
          </token>
          <token id="110">
            <word>in</word>
            <lemma>in</lemma>
            <CharacterOffsetBegin>632</CharacterOffsetBegin>
            <CharacterOffsetEnd>634</CharacterOffsetEnd>
            <POS>IN</POS>
            <deprel>case</deprel>
            <depreal_head_id>111</depreal_head_id>
            <depreal_head_text>some</depreal_head_text>
            <ner>O</ner>
          </token>
          <token id="111">
            <word>some</word>
            <lemma>some</lemma>
            <CharacterOffsetBegin>635</CharacterOffsetBegin>
            <CharacterOffsetEnd>639</CharacterOffsetEnd>
            <POS>DT</POS>
            <deprel>nmod</deprel>
            <depreal_head_id>109</depreal_head_id>
            <depreal_head_text>stations</depreal_head_text>
            <ner>O</ner>
          </token>
          <token id="112">
            <word>of</word>
            <lemma>of</lemma>
            <CharacterOffsetBegin>640</CharacterOffsetBegin>
            <CharacterOffsetEnd>642</CharacterOffsetEnd>
            <POS>IN</POS>
            <deprel>case</deprel>
            <depreal_head_id>116</depreal_head_id>
            <depreal_head_text>hubs</depreal_head_text>
            <ner>O</ner>
          </token>
          <token id="113">
            <word>our</word>
            <lemma>we</lemma>
            <CharacterOffsetBegin>643</CharacterOffsetBegin>
            <CharacterOffsetEnd>646</CharacterOffsetEnd>
            <POS>PRP$</POS>
            <deprel>nmod:poss</deprel>
            <depreal_head_id>116</depreal_head_id>
            <depreal_head_text>hubs</depreal_head_text>
            <ner>O</ner>
          </token>
          <token id="114">
            <word>key</word>
            <lemma>key</lemma>
            <CharacterOffsetBegin>647</CharacterOffsetBegin>
            <CharacterOffsetEnd>650</CharacterOffsetEnd>
            <POS>JJ</POS>
            <deprel>amod</deprel>
            <depreal_head_id>115</depreal_head_id>
            <depreal_head_text>US</depreal_head_text>
            <ner>O</ner>
          </token>
          <token id="115">
            <word>US</word>
            <lemma>US</lemma>
            <CharacterOffsetBegin>651</CharacterOffsetBegin>
            <CharacterOffsetEnd>653</CharacterOffsetEnd>
            <POS>NNP</POS>
            <deprel>compound</deprel>
            <depreal_head_id>116</depreal_head_id>
            <depreal_head_text>hubs</depreal_head_text>
            <ner>S-GPE</ner>
          </token>
          <token id="116">
            <word>hubs</word>
            <lemma>hub</lemma>
            <CharacterOffsetBegin>654</CharacterOffsetBegin>
            <CharacterOffsetEnd>658</CharacterOffsetEnd>
            <POS>NNS</POS>
            <deprel>nmod</deprel>
            <depreal_head_id>111</depreal_head_id>
            <depreal_head_text>some</depreal_head_text>
            <ner>O</ner>
          </token>
          <token id="117">
            <word>to</word>
            <lemma>to</lemma>
            <CharacterOffsetBegin>659</CharacterOffsetBegin>
            <CharacterOffsetEnd>661</CharacterOffsetEnd>
            <POS>TO</POS>
            <deprel>mark</deprel>
            <depreal_head_id>118</depreal_head_id>
            <depreal_head_text>undergo</depreal_head_text>
            <ner>O</ner>
          </token>
          <token id="118">
            <word>undergo</word>
            <lemma>undergo</lemma>
            <CharacterOffsetBegin>662</CharacterOffsetBegin>
            <CharacterOffsetEnd>669</CharacterOffsetEnd>
            <POS>VB</POS>
            <deprel>xcomp</deprel>
            <depreal_head_id>108</depreal_head_id>
            <depreal_head_text>selected</depreal_head_text>
            <ner>O</ner>
          </token>
          <token id="119">
            <word>the</word>
            <lemma>the</lemma>
            <CharacterOffsetBegin>670</CharacterOffsetBegin>
            <CharacterOffsetEnd>673</CharacterOffsetEnd>
            <POS>DT</POS>
            <deprel>det</deprel>
            <depreal_head_id>122</depreal_head_id>
            <depreal_head_text>certification</depreal_head_text>
            <ner>O</ner>
          </token>
          <token id="120">
            <word>rigorous</word>
            <lemma>rigorous</lemma>
            <CharacterOffsetBegin>674</CharacterOffsetBegin>
            <CharacterOffsetEnd>682</CharacterOffsetEnd>
            <POS>JJ</POS>
            <deprel>amod</deprel>
            <depreal_head_id>121</depreal_head_id>
            <depreal_head_text>audit</depreal_head_text>
            <ner>O</ner>
          </token>
          <token id="121">
            <word>audit</word>
            <lemma>audit</lemma>
            <CharacterOffsetBegin>683</CharacterOffsetBegin>
            <CharacterOffsetEnd>688</CharacterOffsetEnd>
            <POS>NN</POS>
            <deprel>compound</deprel>
            <depreal_head_id>122</depreal_head_id>
            <depreal_head_text>certification</depreal_head_text>
            <ner>O</ner>
          </token>
          <token id="122">
            <word>certification</word>
            <lemma>certification</lemma>
            <CharacterOffsetBegin>689</CharacterOffsetBegin>
            <CharacterOffsetEnd>702</CharacterOffsetEnd>
            <POS>NN</POS>
            <deprel>compound</deprel>
            <depreal_head_id>123</depreal_head_id>
            <depreal_head_text>process</depreal_head_text>
            <ner>O</ner>
          </token>
          <token id="123">
            <word>process</word>
            <lemma>process</lemma>
            <CharacterOffsetBegin>703</CharacterOffsetBegin>
            <CharacterOffsetEnd>710</CharacterOffsetEnd>
            <POS>NN</POS>
            <deprel>obj</deprel>
            <depreal_head_id>118</depreal_head_id>
            <depreal_head_text>undergo</depreal_head_text>
            <ner>O</ner>
          </token>
          <token id="124">
            <word>in</word>
            <lemma>in</lemma>
            <CharacterOffsetBegin>711</CharacterOffsetBegin>
            <CharacterOffsetEnd>713</CharacterOffsetEnd>
            <POS>IN</POS>
            <deprel>mark</deprel>
            <depreal_head_id>128</depreal_head_id>
            <depreal_head_text>solidify</depreal_head_text>
            <ner>O</ner>
          </token>
          <token id="125">
            <word>order</word>
            <lemma>order</lemma>
            <CharacterOffsetBegin>714</CharacterOffsetBegin>
            <CharacterOffsetEnd>719</CharacterOffsetEnd>
            <POS>NN</POS>
            <deprel>fixed</deprel>
            <depreal_head_id>124</depreal_head_id>
            <depreal_head_text>in</depreal_head_text>
            <ner>O</ner>
          </token>
          <token id="126">
            <word>to</word>
            <lemma>to</lemma>
            <CharacterOffsetBegin>720</CharacterOffsetBegin>
            <CharacterOffsetEnd>722</CharacterOffsetEnd>
            <POS>TO</POS>
            <deprel>fixed</deprel>
            <depreal_head_id>124</depreal_head_id>
            <depreal_head_text>in</depreal_head_text>
            <ner>O</ner>
          </token>
          <token id="127">
            <word>further</word>
            <lemma>far</lemma>
            <CharacterOffsetBegin>723</CharacterOffsetBegin>
            <CharacterOffsetEnd>730</CharacterOffsetEnd>
            <POS>RBR</POS>
            <deprel>advmod</deprel>
            <depreal_head_id>128</depreal_head_id>
            <depreal_head_text>solidify</depreal_head_text>
            <ner>O</ner>
          </token>
          <token id="128">
            <word>solidify</word>
            <lemma>solidify</lemma>
            <CharacterOffsetBegin>731</CharacterOffsetBegin>
            <CharacterOffsetEnd>739</CharacterOffsetEnd>
            <POS>VB</POS>
            <deprel>advcl</deprel>
            <depreal_head_id>118</depreal_head_id>
            <depreal_head_text>undergo</depreal_head_text>
            <ner>O</ner>
          </token>
          <token id="129">
            <word>our</word>
            <lemma>we</lemma>
            <CharacterOffsetBegin>740</CharacterOffsetBegin>
            <CharacterOffsetEnd>743</CharacterOffsetEnd>
            <POS>PRP$</POS>
            <deprel>nmod:poss</deprel>
            <depreal_head_id>131</depreal_head_id>
            <depreal_head_text>position</depreal_head_text>
            <ner>O</ner>
          </token>
          <token id="130">
            <word>leadership</word>
            <lemma>leadership</lemma>
            <CharacterOffsetBegin>744</CharacterOffsetBegin>
            <CharacterOffsetEnd>754</CharacterOffsetEnd>
            <POS>NN</POS>
            <deprel>compound</deprel>
            <depreal_head_id>131</depreal_head_id>
            <depreal_head_text>position</depreal_head_text>
            <ner>O</ner>
          </token>
          <token id="131">
            <word>position</word>
            <lemma>position</lemma>
            <CharacterOffsetBegin>755</CharacterOffsetBegin>
            <CharacterOffsetEnd>763</CharacterOffsetEnd>
            <POS>NN</POS>
            <deprel>obj</deprel>
            <depreal_head_id>128</depreal_head_id>
            <depreal_head_text>solidify</depreal_head_text>
            <ner>O</ner>
          </token>
          <token id="132">
            <word>in</word>
            <lemma>in</lemma>
            <CharacterOffsetBegin>764</CharacterOffsetBegin>
            <CharacterOffsetEnd>766</CharacterOffsetEnd>
            <POS>IN</POS>
            <deprel>case</deprel>
            <depreal_head_id>134</depreal_head_id>
            <depreal_head_text>markets</depreal_head_text>
            <ner>O</ner>
          </token>
          <token id="133">
            <word>these</word>
            <lemma>this</lemma>
            <CharacterOffsetBegin>767</CharacterOffsetBegin>
            <CharacterOffsetEnd>772</CharacterOffsetEnd>
            <POS>DT</POS>
            <deprel>det</deprel>
            <depreal_head_id>134</depreal_head_id>
            <depreal_head_text>markets</depreal_head_text>
            <ner>O</ner>
          </token>
          <token id="134">
            <word>markets</word>
            <lemma>market</lemma>
            <CharacterOffsetBegin>773</CharacterOffsetBegin>
            <CharacterOffsetEnd>780</CharacterOffsetEnd>
            <POS>NNS</POS>
            <deprel>obl</deprel>
            <depreal_head_id>128</depreal_head_id>
            <depreal_head_text>solidify</depreal_head_text>
            <ner>O</ner>
          </token>
          <token id="135">
            <word>.</word>
            <lemma>.</lemma>
            <CharacterOffsetBegin>780</CharacterOffsetBegin>
            <CharacterOffsetEnd>781</CharacterOffsetEnd>
            <POS>.</POS>
            <deprel>punct</deprel>
            <depreal_head_id>128</depreal_head_id>
            <depreal_head_text>solidify</depreal_head_text>
            <ner>O</ner>
          </token>
          <token id="136">
            <word>"</word>
            <lemma>&amp;quot;</lemma>
            <CharacterOffsetBegin>781</CharacterOffsetBegin>
            <CharacterOffsetEnd>782</CharacterOffsetEnd>
            <POS>``</POS>
            <deprel>punct</deprel>
            <depreal_head_id>138</depreal_head_id>
            <depreal_head_text>started</depreal_head_text>
            <ner>O</ner>
          </token>
          <token id="137">
            <word>DHL</word>
            <lemma>DHL</lemma>
            <CharacterOffsetBegin>783</CharacterOffsetBegin>
            <CharacterOffsetEnd>786</CharacterOffsetEnd>
            <POS>NNP</POS>
            <deprel>nsubj</deprel>
            <depreal_head_id>138</depreal_head_id>
            <depreal_head_text>started</depreal_head_text>
            <ner>S-ORG</ner>
          </token>
          <token id="138">
            <word>started</word>
            <lemma>start</lemma>
            <CharacterOffsetBegin>787</CharacterOffsetBegin>
            <CharacterOffsetEnd>794</CharacterOffsetEnd>
            <POS>VBD</POS>
            <deprel>advcl</deprel>
            <depreal_head_id>108</depreal_head_id>
            <depreal_head_text>selected</depreal_head_text>
            <ner>O</ner>
          </token>
          <token id="139">
            <word>to</word>
            <lemma>to</lemma>
            <CharacterOffsetBegin>795</CharacterOffsetBegin>
            <CharacterOffsetEnd>797</CharacterOffsetEnd>
            <POS>TO</POS>
            <deprel>mark</deprel>
            <depreal_head_id>140</depreal_head_id>
            <depreal_head_text>certify</depreal_head_text>
            <ner>O</ner>
          </token>
          <token id="140">
            <word>certify</word>
            <lemma>certify</lemma>
            <CharacterOffsetBegin>798</CharacterOffsetBegin>
            <CharacterOffsetEnd>805</CharacterOffsetEnd>
            <POS>VB</POS>
            <deprel>xcomp</deprel>
            <depreal_head_id>138</depreal_head_id>
            <depreal_head_text>started</depreal_head_text>
            <ner>O</ner>
          </token>
          <token id="141">
            <word>its</word>
            <lemma>it</lemma>
            <CharacterOffsetBegin>806</CharacterOffsetBegin>
            <CharacterOffsetEnd>809</CharacterOffsetEnd>
            <POS>PRP$</POS>
            <deprel>nmod:poss</deprel>
            <depreal_head_id>143</depreal_head_id>
            <depreal_head_text>stations</depreal_head_text>
            <ner>O</ner>
          </token>
          <token id="142">
            <word>global</word>
            <lemma>global</lemma>
            <CharacterOffsetBegin>810</CharacterOffsetBegin>
            <CharacterOffsetEnd>816</CharacterOffsetEnd>
            <POS>JJ</POS>
            <deprel>amod</deprel>
            <depreal_head_id>143</depreal_head_id>
            <depreal_head_text>stations</depreal_head_text>
            <ner>O</ner>
          </token>
          <token id="143">
            <word>stations</word>
            <lemma>station</lemma>
            <CharacterOffsetBegin>817</CharacterOffsetBegin>
            <CharacterOffsetEnd>825</CharacterOffsetEnd>
            <POS>NNS</POS>
            <deprel>obj</deprel>
            <depreal_head_id>140</depreal_head_id>
            <depreal_head_text>certify</depreal_head_text>
            <ner>O</ner>
          </token>
          <token id="144">
            <word>according</word>
            <lemma>according</lemma>
            <CharacterOffsetBegin>826</CharacterOffsetBegin>
            <CharacterOffsetEnd>835</CharacterOffsetEnd>
            <POS>VBG</POS>
            <deprel>case</deprel>
            <depreal_head_id>148</depreal_head_id>
            <depreal_head_text>CEIV</depreal_head_text>
            <ner>O</ner>
          </token>
          <token id="145">
            <word>to</word>
            <lemma>to</lemma>
            <CharacterOffsetBegin>836</CharacterOffsetBegin>
            <CharacterOffsetEnd>838</CharacterOffsetEnd>
            <POS>TO</POS>
            <deprel>case</deprel>
            <depreal_head_id>148</depreal_head_id>
            <depreal_head_text>CEIV</depreal_head_text>
            <ner>O</ner>
          </token>
          <token id="146">
            <word>the</word>
            <lemma>the</lemma>
            <CharacterOffsetBegin>839</CharacterOffsetBegin>
            <CharacterOffsetEnd>842</CharacterOffsetEnd>
            <POS>DT</POS>
            <deprel>det</deprel>
            <depreal_head_id>148</depreal_head_id>
            <depreal_head_text>CEIV</depreal_head_text>
            <ner>B-ORG</ner>
          </token>
          <token id="147">
            <word>IATA</word>
            <lemma>Iata</lemma>
            <CharacterOffsetBegin>843</CharacterOffsetBegin>
            <CharacterOffsetEnd>847</CharacterOffsetEnd>
            <POS>NNP</POS>
            <deprel>nmod</deprel>
            <depreal_head_id>148</depreal_head_id>
            <depreal_head_text>CEIV</depreal_head_text>
            <ner>I-ORG</ner>
          </token>
          <token id="148">
            <word>CEIV</word>
            <lemma>CEIV</lemma>
            <CharacterOffsetBegin>848</CharacterOffsetBegin>
            <CharacterOffsetEnd>852</CharacterOffsetEnd>
            <POS>NNP</POS>
            <deprel>obl</deprel>
            <depreal_head_id>140</depreal_head_id>
            <depreal_head_text>certify</depreal_head_text>
            <ner>I-ORG</ner>
          </token>
          <token id="149">
            <word>Pharma</word>
            <lemma>Pharma</lemma>
            <CharacterOffsetBegin>853</CharacterOffsetBegin>
            <CharacterOffsetEnd>859</CharacterOffsetEnd>
            <POS>NNP</POS>
            <deprel>flat</deprel>
            <depreal_head_id>148</depreal_head_id>
            <depreal_head_text>CEIV</depreal_head_text>
            <ner>I-ORG</ner>
          </token>
          <token id="150">
            <word>Standard</word>
            <lemma>Standard</lemma>
            <CharacterOffsetBegin>860</CharacterOffsetBegin>
            <CharacterOffsetEnd>868</CharacterOffsetEnd>
            <POS>NNP</POS>
            <deprel>flat</deprel>
            <depreal_head_id>148</depreal_head_id>
            <depreal_head_text>CEIV</depreal_head_text>
            <ner>E-ORG</ner>
          </token>
          <token id="151">
            <word>in</word>
            <lemma>in</lemma>
            <CharacterOffsetBegin>869</CharacterOffsetBegin>
            <CharacterOffsetEnd>871</CharacterOffsetEnd>
            <POS>IN</POS>
            <deprel>case</deprel>
            <depreal_head_id>154</depreal_head_id>
            <depreal_head_text>quarter</depreal_head_text>
            <ner>O</ner>
          </token>
          <token id="152">
            <word>the</word>
            <lemma>the</lemma>
            <CharacterOffsetBegin>872</CharacterOffsetBegin>
            <CharacterOffsetEnd>875</CharacterOffsetEnd>
            <POS>DT</POS>
            <deprel>det</deprel>
            <depreal_head_id>154</depreal_head_id>
            <depreal_head_text>quarter</depreal_head_text>
            <ner>B-DATE</ner>
          </token>
          <token id="153">
            <word>third</word>
            <lemma>third</lemma>
            <CharacterOffsetBegin>876</CharacterOffsetBegin>
            <CharacterOffsetEnd>881</CharacterOffsetEnd>
            <POS>JJ</POS>
            <deprel>amod</deprel>
            <depreal_head_id>154</depreal_head_id>
            <depreal_head_text>quarter</depreal_head_text>
            <ner>I-DATE</ner>
          </token>
          <token id="154">
            <word>quarter</word>
            <lemma>quarter</lemma>
            <CharacterOffsetBegin>882</CharacterOffsetBegin>
            <CharacterOffsetEnd>889</CharacterOffsetEnd>
            <POS>NN</POS>
            <deprel>nmod</deprel>
            <depreal_head_id>148</depreal_head_id>
            <depreal_head_text>CEIV</depreal_head_text>
            <ner>I-DATE</ner>
          </token>
          <token id="155">
            <word>of</word>
            <lemma>of</lemma>
            <CharacterOffsetBegin>890</CharacterOffsetBegin>
            <CharacterOffsetEnd>892</CharacterOffsetEnd>
            <POS>IN</POS>
            <deprel>case</deprel>
            <depreal_head_id>156</depreal_head_id>
            <depreal_head_text>2016</depreal_head_text>
            <ner>I-DATE</ner>
          </token>
          <token id="156">
            <word>2016</word>
            <lemma>2016</lemma>
            <CharacterOffsetBegin>893</CharacterOffsetBegin>
            <CharacterOffsetEnd>897</CharacterOffsetEnd>
            <POS>CD</POS>
            <deprel>nummod</deprel>
            <depreal_head_id>154</depreal_head_id>
            <depreal_head_text>quarter</depreal_head_text>
            <ner>E-DATE</ner>
          </token>
          <token id="157">
            <word>.</word>
            <lemma>.</lemma>
            <CharacterOffsetBegin>897</CharacterOffsetBegin>
            <CharacterOffsetEnd>898</CharacterOffsetEnd>
            <POS>.</POS>
            <deprel>punct</deprel>
            <depreal_head_id>148</depreal_head_id>
            <depreal_head_text>CEIV</depreal_head_text>
            <ner>O</ner>
          </token>
          <token id="158">
            <word>It</word>
            <lemma>it</lemma>
            <CharacterOffsetBegin>899</CharacterOffsetBegin>
            <CharacterOffsetEnd>901</CharacterOffsetEnd>
            <POS>PRP</POS>
            <deprel>nsubj</deprel>
            <depreal_head_id>159</depreal_head_id>
            <depreal_head_text>adds</depreal_head_text>
            <ner>O</ner>
          </token>
          <token id="159">
            <word>adds</word>
            <lemma>add</lemma>
            <CharacterOffsetBegin>902</CharacterOffsetBegin>
            <CharacterOffsetEnd>906</CharacterOffsetEnd>
            <POS>VBZ</POS>
            <deprel>acl:relcl</deprel>
            <depreal_head_id>148</depreal_head_id>
            <depreal_head_text>CEIV</depreal_head_text>
            <ner>O</ner>
          </token>
          <token id="160">
            <word>that</word>
            <lemma>that</lemma>
            <CharacterOffsetBegin>907</CharacterOffsetBegin>
            <CharacterOffsetEnd>911</CharacterOffsetEnd>
            <POS>IN</POS>
            <deprel>mark</deprel>
            <depreal_head_id>166</depreal_head_id>
            <depreal_head_text>offers</depreal_head_text>
            <ner>O</ner>
          </token>
          <token id="161">
            <word>its</word>
            <lemma>it</lemma>
            <CharacterOffsetBegin>912</CharacterOffsetBegin>
            <CharacterOffsetEnd>915</CharacterOffsetEnd>
            <POS>PRP$</POS>
            <deprel>nmod:poss</deprel>
            <depreal_head_id>162</depreal_head_id>
            <depreal_head_text>LifeTrack</depreal_head_text>
            <ner>O</ner>
          </token>
          <token id="162">
            <word>LifeTrack</word>
            <lemma>LifeTrack</lemma>
            <CharacterOffsetBegin>916</CharacterOffsetBegin>
            <CharacterOffsetEnd>925</CharacterOffsetEnd>
            <POS>NNP</POS>
            <deprel>nsubj</deprel>
            <depreal_head_id>166</depreal_head_id>
            <depreal_head_text>offers</depreal_head_text>
            <ner>S-ORG</ner>
          </token>
          <token id="163">
            <word>cloud-based</word>
            <lemma>cloud-based</lemma>
            <CharacterOffsetBegin>926</CharacterOffsetBegin>
            <CharacterOffsetEnd>937</CharacterOffsetEnd>
            <POS>JJ</POS>
            <deprel>amod</deprel>
            <depreal_head_id>165</depreal_head_id>
            <depreal_head_text>platform</depreal_head_text>
            <ner>O</ner>
          </token>
          <token id="164">
            <word>IT</word>
            <lemma>it</lemma>
            <CharacterOffsetBegin>938</CharacterOffsetBegin>
            <CharacterOffsetEnd>940</CharacterOffsetEnd>
            <POS>PRP</POS>
            <deprel>nsubj</deprel>
            <depreal_head_id>166</depreal_head_id>
            <depreal_head_text>offers</depreal_head_text>
            <ner>O</ner>
          </token>
          <token id="165">
            <word>platform</word>
            <lemma>platform</lemma>
            <CharacterOffsetBegin>941</CharacterOffsetBegin>
            <CharacterOffsetEnd>949</CharacterOffsetEnd>
            <POS>NN</POS>
            <deprel>nmod</deprel>
            <depreal_head_id>164</depreal_head_id>
            <depreal_head_text>IT</depreal_head_text>
            <ner>O</ner>
          </token>
          <token id="166">
            <word>offers</word>
            <lemma>offer</lemma>
            <CharacterOffsetBegin>950</CharacterOffsetBegin>
            <CharacterOffsetEnd>956</CharacterOffsetEnd>
            <POS>VBZ</POS>
            <deprel>ccomp</deprel>
            <depreal_head_id>159</depreal_head_id>
            <depreal_head_text>adds</depreal_head_text>
            <ner>O</ner>
          </token>
          <token id="167">
            <word>more</word>
            <lemma>much</lemma>
            <CharacterOffsetBegin>957</CharacterOffsetBegin>
            <CharacterOffsetEnd>961</CharacterOffsetEnd>
            <POS>JJR</POS>
            <deprel>amod</deprel>
            <depreal_head_id>168</depreal_head_id>
            <depreal_head_text>transparency</depreal_head_text>
            <ner>O</ner>
          </token>
          <token id="168">
            <word>transparency</word>
            <lemma>transparency</lemma>
            <CharacterOffsetBegin>962</CharacterOffsetBegin>
            <CharacterOffsetEnd>974</CharacterOffsetEnd>
            <POS>NN</POS>
            <deprel>obj</deprel>
            <depreal_head_id>166</depreal_head_id>
            <depreal_head_text>offers</depreal_head_text>
            <ner>O</ner>
          </token>
          <token id="169">
            <word>compared</word>
            <lemma>compare</lemma>
            <CharacterOffsetBegin>975</CharacterOffsetBegin>
            <CharacterOffsetEnd>983</CharacterOffsetEnd>
            <POS>VBN</POS>
            <deprel>acl</deprel>
            <depreal_head_id>168</depreal_head_id>
            <depreal_head_text>transparency</depreal_head_text>
            <ner>O</ner>
          </token>
          <token id="170">
            <word>with</word>
            <lemma>with</lemma>
            <CharacterOffsetBegin>984</CharacterOffsetBegin>
            <CharacterOffsetEnd>988</CharacterOffsetEnd>
            <POS>IN</POS>
            <deprel>case</deprel>
            <depreal_head_id>172</depreal_head_id>
            <depreal_head_text>offers</depreal_head_text>
            <ner>O</ner>
          </token>
          <token id="171">
            <word>other</word>
            <lemma>other</lemma>
            <CharacterOffsetBegin>989</CharacterOffsetBegin>
            <CharacterOffsetEnd>994</CharacterOffsetEnd>
            <POS>JJ</POS>
            <deprel>amod</deprel>
            <depreal_head_id>172</depreal_head_id>
            <depreal_head_text>offers</depreal_head_text>
            <ner>O</ner>
          </token>
          <token id="172">
            <word>offers</word>
            <lemma>offer</lemma>
            <CharacterOffsetBegin>995</CharacterOffsetBegin>
            <CharacterOffsetEnd>1001</CharacterOffsetEnd>
            <POS>NNS</POS>
            <deprel>obl</deprel>
            <depreal_head_id>169</depreal_head_id>
            <depreal_head_text>compared</depreal_head_text>
            <ner>O</ner>
          </token>
          <token id="173">
            <word>for</word>
            <lemma>for</lemma>
            <CharacterOffsetBegin>1002</CharacterOffsetBegin>
            <CharacterOffsetEnd>1005</CharacterOffsetEnd>
            <POS>IN</POS>
            <deprel>case</deprel>
            <depreal_head_id>175</depreal_head_id>
            <depreal_head_text>transport</depreal_head_text>
            <ner>O</ner>
          </token>
          <token id="174">
            <word>temperature-controlled</word>
            <lemma>temperature-controlled</lemma>
            <CharacterOffsetBegin>1006</CharacterOffsetBegin>
            <CharacterOffsetEnd>1028</CharacterOffsetEnd>
            <POS>JJ</POS>
            <deprel>amod</deprel>
            <depreal_head_id>175</depreal_head_id>
            <depreal_head_text>transport</depreal_head_text>
            <ner>O</ner>
          </token>
          <token id="175">
            <word>transport</word>
            <lemma>transport</lemma>
            <CharacterOffsetBegin>1029</CharacterOffsetBegin>
            <CharacterOffsetEnd>1038</CharacterOffsetEnd>
            <POS>NN</POS>
            <deprel>nmod</deprel>
            <depreal_head_id>172</depreal_head_id>
            <depreal_head_text>offers</depreal_head_text>
            <ner>O</ner>
          </token>
          <token id="176">
            <word>,</word>
            <lemma>,</lemma>
            <CharacterOffsetBegin>1038</CharacterOffsetBegin>
            <CharacterOffsetEnd>1039</CharacterOffsetEnd>
            <POS>,</POS>
            <deprel>punct</deprel>
            <depreal_head_id>177</depreal_head_id>
            <depreal_head_text>ensuring</depreal_head_text>
            <ner>O</ner>
          </token>
          <token id="177">
            <word>ensuring</word>
            <lemma>ensure</lemma>
            <CharacterOffsetBegin>1040</CharacterOffsetBegin>
            <CharacterOffsetEnd>1048</CharacterOffsetEnd>
            <POS>VBG</POS>
            <deprel>conj</deprel>
            <depreal_head_id>166</depreal_head_id>
            <depreal_head_text>offers</depreal_head_text>
            <ner>O</ner>
          </token>
          <token id="178">
            <word>not</word>
            <lemma>not</lemma>
            <CharacterOffsetBegin>1049</CharacterOffsetBegin>
            <CharacterOffsetEnd>1052</CharacterOffsetEnd>
            <POS>RB</POS>
            <deprel>advmod</deprel>
            <depreal_head_id>179</depreal_head_id>
            <depreal_head_text>only</depreal_head_text>
            <ner>O</ner>
          </token>
          <token id="179">
            <word>only</word>
            <lemma>only</lemma>
            <CharacterOffsetBegin>1053</CharacterOffsetBegin>
            <CharacterOffsetEnd>1057</CharacterOffsetEnd>
            <POS>RB</POS>
            <deprel>advmod</deprel>
            <depreal_head_id>180</depreal_head_id>
            <depreal_head_text>shipment</depreal_head_text>
            <ner>O</ner>
          </token>
          <token id="180">
            <word>shipment</word>
            <lemma>shipment</lemma>
            <CharacterOffsetBegin>1058</CharacterOffsetBegin>
            <CharacterOffsetEnd>1066</CharacterOffsetEnd>
            <POS>VB</POS>
            <deprel>xcomp</deprel>
            <depreal_head_id>177</depreal_head_id>
            <depreal_head_text>ensuring</depreal_head_text>
            <ner>O</ner>
          </token>
          <token id="181">
            <word>tracking</word>
            <lemma>track</lemma>
            <CharacterOffsetBegin>1067</CharacterOffsetBegin>
            <CharacterOffsetEnd>1075</CharacterOffsetEnd>
            <POS>VBG</POS>
            <deprel>xcomp</deprel>
            <depreal_head_id>180</depreal_head_id>
            <depreal_head_text>shipment</depreal_head_text>
            <ner>O</ner>
          </token>
          <token id="182">
            <word>but</word>
            <lemma>but</lemma>
            <CharacterOffsetBegin>1076</CharacterOffsetBegin>
            <CharacterOffsetEnd>1079</CharacterOffsetEnd>
            <POS>CC</POS>
            <deprel>cc</deprel>
            <depreal_head_id>184</depreal_head_id>
            <depreal_head_text>allowing</depreal_head_text>
            <ner>O</ner>
          </token>
          <token id="183">
            <word>also</word>
            <lemma>also</lemma>
            <CharacterOffsetBegin>1080</CharacterOffsetBegin>
            <CharacterOffsetEnd>1084</CharacterOffsetEnd>
            <POS>RB</POS>
            <deprel>advmod</deprel>
            <depreal_head_id>184</depreal_head_id>
            <depreal_head_text>allowing</depreal_head_text>
            <ner>O</ner>
          </token>
          <token id="184">
            <word>allowing</word>
            <lemma>allow</lemma>
            <CharacterOffsetBegin>1085</CharacterOffsetBegin>
            <CharacterOffsetEnd>1093</CharacterOffsetEnd>
            <POS>VBG</POS>
            <deprel>conj</deprel>
            <depreal_head_id>180</depreal_head_id>
            <depreal_head_text>shipment</depreal_head_text>
            <ner>O</ner>
          </token>
          <token id="185">
            <word>round-the-clock</word>
            <lemma>round-the-clock</lemma>
            <CharacterOffsetBegin>1094</CharacterOffsetBegin>
            <CharacterOffsetEnd>1109</CharacterOffsetEnd>
            <POS>JJ</POS>
            <deprel>amod</deprel>
            <depreal_head_id>186</depreal_head_id>
            <depreal_head_text>intervention</depreal_head_text>
            <ner>O</ner>
          </token>
          <token id="186">
            <word>intervention</word>
            <lemma>intervention</lemma>
            <CharacterOffsetBegin>1111</CharacterOffsetBegin>
            <CharacterOffsetEnd>1123</CharacterOffsetEnd>
            <POS>NN</POS>
            <deprel>obj</deprel>
            <depreal_head_id>184</depreal_head_id>
            <depreal_head_text>allowing</depreal_head_text>
            <ner>O</ner>
          </token>
          <token id="187">
            <word>.</word>
            <lemma>.</lemma>
            <CharacterOffsetBegin>1123</CharacterOffsetBegin>
            <CharacterOffsetEnd>1124</CharacterOffsetEnd>
            <POS>.</POS>
            <deprel>punct</deprel>
            <depreal_head_id>180</depreal_head_id>
            <depreal_head_text>shipment</depreal_head_text>
            <ner>O</ner>
          </token>
          <token id="188">
            <word>At</word>
            <lemma>at</lemma>
            <CharacterOffsetBegin>1125</CharacterOffsetBegin>
            <CharacterOffsetEnd>1127</CharacterOffsetEnd>
            <POS>IN</POS>
            <deprel>case</deprel>
            <depreal_head_id>192</depreal_head_id>
            <depreal_head_text>locations</depreal_head_text>
            <ner>O</ner>
          </token>
          <token id="189">
            <word>its</word>
            <lemma>it</lemma>
            <CharacterOffsetBegin>1128</CharacterOffsetBegin>
            <CharacterOffsetEnd>1131</CharacterOffsetEnd>
            <POS>PRP$</POS>
            <deprel>nmod:poss</deprel>
            <depreal_head_id>192</depreal_head_id>
            <depreal_head_text>locations</depreal_head_text>
            <ner>O</ner>
          </token>
          <token id="190">
            <word>Air</word>
            <lemma>Air</lemma>
            <CharacterOffsetBegin>1132</CharacterOffsetBegin>
            <CharacterOffsetEnd>1135</CharacterOffsetEnd>
            <POS>NNP</POS>
            <deprel>compound</deprel>
            <depreal_head_id>192</depreal_head_id>
            <depreal_head_text>locations</depreal_head_text>
            <ner>B-ORG</ner>
          </token>
          <token id="191">
            <word>Thermonet</word>
            <lemma>Thermonet</lemma>
            <CharacterOffsetBegin>1136</CharacterOffsetBegin>
            <CharacterOffsetEnd>1145</CharacterOffsetEnd>
            <POS>NNP</POS>
            <deprel>flat</deprel>
            <depreal_head_id>190</depreal_head_id>
            <depreal_head_text>Air</depreal_head_text>
            <ner>E-ORG</ner>
          </token>
          <token id="192">
            <word>locations</word>
            <lemma>location</lemma>
            <CharacterOffsetBegin>1146</CharacterOffsetBegin>
            <CharacterOffsetEnd>1155</CharacterOffsetEnd>
            <POS>NNS</POS>
            <deprel>obl</deprel>
            <depreal_head_id>184</depreal_head_id>
            <depreal_head_text>allowing</depreal_head_text>
            <ner>O</ner>
          </token>
          <token id="193">
            <word>,</word>
            <lemma>,</lemma>
            <CharacterOffsetBegin>1155</CharacterOffsetBegin>
            <CharacterOffsetEnd>1156</CharacterOffsetEnd>
            <POS>,</POS>
            <deprel>punct</deprel>
            <depreal_head_id>192</depreal_head_id>
            <depreal_head_text>locations</depreal_head_text>
            <ner>O</ner>
          </token>
          <token id="194">
            <word>DHL</word>
            <lemma>DHL</lemma>
            <CharacterOffsetBegin>1157</CharacterOffsetBegin>
            <CharacterOffsetEnd>1160</CharacterOffsetEnd>
            <POS>NNP</POS>
            <deprel>nsubj</deprel>
            <depreal_head_id>195</depreal_head_id>
            <depreal_head_text>offers</depreal_head_text>
            <ner>S-ORG</ner>
          </token>
          <token id="195">
            <word>offers</word>
            <lemma>offer</lemma>
            <CharacterOffsetBegin>1161</CharacterOffsetBegin>
            <CharacterOffsetEnd>1167</CharacterOffsetEnd>
            <POS>VBZ</POS>
            <deprel>acl:relcl</deprel>
            <depreal_head_id>192</depreal_head_id>
            <depreal_head_text>locations</depreal_head_text>
            <ner>O</ner>
          </token>
          <token id="196">
            <word>a</word>
            <lemma>a</lemma>
            <CharacterOffsetBegin>1168</CharacterOffsetBegin>
            <CharacterOffsetEnd>1169</CharacterOffsetEnd>
            <POS>DT</POS>
            <deprel>det</deprel>
            <depreal_head_id>199</depreal_head_id>
            <depreal_head_text>portfolio</depreal_head_text>
            <ner>O</ner>
          </token>
          <token id="197">
            <word>wide-ranging</word>
            <lemma>gide-rang</lemma>
            <CharacterOffsetBegin>1170</CharacterOffsetBegin>
            <CharacterOffsetEnd>1182</CharacterOffsetEnd>
            <POS>VBG</POS>
            <deprel>compound</deprel>
            <depreal_head_id>199</depreal_head_id>
            <depreal_head_text>portfolio</depreal_head_text>
            <ner>O</ner>
          </token>
          <token id="198">
            <word>product</word>
            <lemma>product</lemma>
            <CharacterOffsetBegin>1183</CharacterOffsetBegin>
            <CharacterOffsetEnd>1190</CharacterOffsetEnd>
            <POS>NN</POS>
            <deprel>compound</deprel>
            <depreal_head_id>199</depreal_head_id>
            <depreal_head_text>portfolio</depreal_head_text>
            <ner>O</ner>
          </token>
          <token id="199">
            <word>portfolio</word>
            <lemma>portfolio</lemma>
            <CharacterOffsetBegin>1191</CharacterOffsetBegin>
            <CharacterOffsetEnd>1200</CharacterOffsetEnd>
            <POS>NN</POS>
            <deprel>obj</deprel>
            <depreal_head_id>195</depreal_head_id>
            <depreal_head_text>offers</depreal_head_text>
            <ner>O</ner>
          </token>
          <token id="200">
            <word>for</word>
            <lemma>for</lemma>
            <CharacterOffsetBegin>1201</CharacterOffsetBegin>
            <CharacterOffsetEnd>1204</CharacterOffsetEnd>
            <POS>IN</POS>
            <deprel>case</deprel>
            <depreal_head_id>201</depreal_head_id>
            <depreal_head_text>time</depreal_head_text>
            <ner>O</ner>
          </token>
          <token id="201">
            <word>time</word>
            <lemma>time</lemma>
            <CharacterOffsetBegin>1205</CharacterOffsetBegin>
            <CharacterOffsetEnd>1209</CharacterOffsetEnd>
            <POS>NN</POS>
            <deprel>nmod</deprel>
            <depreal_head_id>199</depreal_head_id>
            <depreal_head_text>portfolio</depreal_head_text>
            <ner>O</ner>
          </token>
          <token id="202">
            <word>and</word>
            <lemma>and</lemma>
            <CharacterOffsetBegin>1210</CharacterOffsetBegin>
            <CharacterOffsetEnd>1213</CharacterOffsetEnd>
            <POS>CC</POS>
            <deprel>cc</deprel>
            <depreal_head_id>203</depreal_head_id>
            <depreal_head_text>temperature</depreal_head_text>
            <ner>O</ner>
          </token>
          <token id="203">
            <word>temperature</word>
            <lemma>temperature</lemma>
            <CharacterOffsetBegin>1214</CharacterOffsetBegin>
            <CharacterOffsetEnd>1225</CharacterOffsetEnd>
            <POS>NN</POS>
            <deprel>conj</deprel>
            <depreal_head_id>204</depreal_head_id>
            <depreal_head_text>sensitive</depreal_head_text>
            <ner>O</ner>
          </token>
          <token id="204">
            <word>sensitive</word>
            <lemma>sensitive</lemma>
            <CharacterOffsetBegin>1226</CharacterOffsetBegin>
            <CharacterOffsetEnd>1235</CharacterOffsetEnd>
            <POS>JJ</POS>
            <deprel>amod</deprel>
            <depreal_head_id>207</depreal_head_id>
            <depreal_head_text>shipments</depreal_head_text>
            <ner>O</ner>
          </token>
          <token id="205">
            <word>air</word>
            <lemma>air</lemma>
            <CharacterOffsetBegin>1236</CharacterOffsetBegin>
            <CharacterOffsetEnd>1239</CharacterOffsetEnd>
            <POS>NN</POS>
            <deprel>cc</deprel>
            <depreal_head_id>206</depreal_head_id>
            <depreal_head_text>freight</depreal_head_text>
            <ner>O</ner>
          </token>
          <token id="206">
            <word>freight</word>
            <lemma>freight</lemma>
            <CharacterOffsetBegin>1240</CharacterOffsetBegin>
            <CharacterOffsetEnd>1247</CharacterOffsetEnd>
            <POS>NN</POS>
            <deprel>compound</deprel>
            <depreal_head_id>207</depreal_head_id>
            <depreal_head_text>shipments</depreal_head_text>
            <ner>O</ner>
          </token>
          <token id="207">
            <word>shipments</word>
            <lemma>shipment</lemma>
            <CharacterOffsetBegin>1248</CharacterOffsetBegin>
            <CharacterOffsetEnd>1257</CharacterOffsetEnd>
            <POS>NNS</POS>
            <deprel>conj</deprel>
            <depreal_head_id>201</depreal_head_id>
            <depreal_head_text>time</depreal_head_text>
            <ner>O</ner>
          </token>
          <token id="208">
            <word>,</word>
            <lemma>,</lemma>
            <CharacterOffsetBegin>1257</CharacterOffsetBegin>
            <CharacterOffsetEnd>1258</CharacterOffsetEnd>
            <POS>,</POS>
            <deprel>punct</deprel>
            <depreal_head_id>209</depreal_head_id>
            <depreal_head_text>along</depreal_head_text>
            <ner>O</ner>
          </token>
          <token id="209">
            <word>along</word>
            <lemma>along</lemma>
            <CharacterOffsetBegin>1259</CharacterOffsetBegin>
            <CharacterOffsetEnd>1264</CharacterOffsetEnd>
            <POS>IN</POS>
            <deprel>advmod</deprel>
            <depreal_head_id>207</depreal_head_id>
            <depreal_head_text>shipments</depreal_head_text>
            <ner>O</ner>
          </token>
          <token id="210">
            <word>with</word>
            <lemma>with</lemma>
            <CharacterOffsetBegin>1265</CharacterOffsetBegin>
            <CharacterOffsetEnd>1269</CharacterOffsetEnd>
            <POS>IN</POS>
            <deprel>mark</deprel>
            <depreal_head_id>214</depreal_head_id>
            <depreal_head_text>fixed</depreal_head_text>
            <ner>O</ner>
          </token>
          <token id="211">
            <word>the</word>
            <lemma>the</lemma>
            <CharacterOffsetBegin>1270</CharacterOffsetBegin>
            <CharacterOffsetEnd>1273</CharacterOffsetEnd>
            <POS>DT</POS>
            <deprel>det</deprel>
            <depreal_head_id>212</depreal_head_id>
            <depreal_head_text>Medical</depreal_head_text>
            <ner>O</ner>
          </token>
          <token id="212">
            <word>Medical</word>
            <lemma>Medical</lemma>
            <CharacterOffsetBegin>1274</CharacterOffsetBegin>
            <CharacterOffsetEnd>1281</CharacterOffsetEnd>
            <POS>NNP</POS>
            <deprel>nsubj</deprel>
            <depreal_head_id>214</depreal_head_id>
            <depreal_head_text>fixed</depreal_head_text>
            <ner>B-ORG</ner>
          </token>
          <token id="213">
            <word>Express</word>
            <lemma>Express</lemma>
            <CharacterOffsetBegin>1282</CharacterOffsetBegin>
            <CharacterOffsetEnd>1289</CharacterOffsetEnd>
            <POS>NNP</POS>
            <deprel>flat</deprel>
            <depreal_head_id>212</depreal_head_id>
            <depreal_head_text>Medical</depreal_head_text>
            <ner>E-ORG</ner>
          </token>
          <token id="214">
            <word>fixed</word>
            <lemma>fix</lemma>
            <CharacterOffsetBegin>1290</CharacterOffsetBegin>
            <CharacterOffsetEnd>1295</CharacterOffsetEnd>
            <POS>VBN</POS>
            <deprel>acl</deprel>
            <depreal_head_id>209</depreal_head_id>
            <depreal_head_text>along</depreal_head_text>
            <ner>O</ner>
          </token>
          <token id="215">
            <word>delivery</word>
            <lemma>delivery</lemma>
            <CharacterOffsetBegin>1296</CharacterOffsetBegin>
            <CharacterOffsetEnd>1304</CharacterOffsetEnd>
            <POS>NN</POS>
            <deprel>compound</deprel>
            <depreal_head_id>217</depreal_head_id>
            <depreal_head_text>service</depreal_head_text>
            <ner>O</ner>
          </token>
          <token id="216">
            <word>time</word>
            <lemma>time</lemma>
            <CharacterOffsetBegin>1305</CharacterOffsetBegin>
            <CharacterOffsetEnd>1309</CharacterOffsetEnd>
            <POS>NN</POS>
            <deprel>compound</deprel>
            <depreal_head_id>217</depreal_head_id>
            <depreal_head_text>service</depreal_head_text>
            <ner>O</ner>
          </token>
          <token id="217">
            <word>service</word>
            <lemma>service</lemma>
            <CharacterOffsetBegin>1310</CharacterOffsetBegin>
            <CharacterOffsetEnd>1317</CharacterOffsetEnd>
            <POS>NN</POS>
            <deprel>obj</deprel>
            <depreal_head_id>214</depreal_head_id>
            <depreal_head_text>fixed</depreal_head_text>
            <ner>O</ner>
          </token>
          <token id="218">
            <word>and</word>
            <lemma>and</lemma>
            <CharacterOffsetBegin>1318</CharacterOffsetBegin>
            <CharacterOffsetEnd>1321</CharacterOffsetEnd>
            <POS>CC</POS>
            <deprel>cc</deprel>
            <depreal_head_id>225</depreal_head_id>
            <depreal_head_text>solution</depreal_head_text>
            <ner>O</ner>
          </token>
          <token id="219">
            <word>the</word>
            <lemma>the</lemma>
            <CharacterOffsetBegin>1322</CharacterOffsetBegin>
            <CharacterOffsetEnd>1325</CharacterOffsetEnd>
            <POS>DT</POS>
            <deprel>det</deprel>
            <depreal_head_id>225</depreal_head_id>
            <depreal_head_text>solution</depreal_head_text>
            <ner>O</ner>
          </token>
          <token id="220">
            <word>DHL</word>
            <lemma>DHL</lemma>
            <CharacterOffsetBegin>1326</CharacterOffsetBegin>
            <CharacterOffsetEnd>1329</CharacterOffsetEnd>
            <POS>NNP</POS>
            <deprel>compound</deprel>
            <depreal_head_id>225</depreal_head_id>
            <depreal_head_text>solution</depreal_head_text>
            <ner>B-ORG</ner>
          </token>
          <token id="221">
            <word>Clinical</word>
            <lemma>Clinical</lemma>
            <CharacterOffsetBegin>1330</CharacterOffsetBegin>
            <CharacterOffsetEnd>1338</CharacterOffsetEnd>
            <POS>NNP</POS>
            <deprel>flat</deprel>
            <depreal_head_id>220</depreal_head_id>
            <depreal_head_text>DHL</depreal_head_text>
            <ner>I-ORG</ner>
          </token>
          <token id="222">
            <word>Trial</word>
            <lemma>Trial</lemma>
            <CharacterOffsetBegin>1339</CharacterOffsetBegin>
            <CharacterOffsetEnd>1344</CharacterOffsetEnd>
            <POS>NNP</POS>
            <deprel>flat</deprel>
            <depreal_head_id>220</depreal_head_id>
            <depreal_head_text>DHL</depreal_head_text>
            <ner>I-ORG</ner>
          </token>
          <token id="223">
            <word>Logistics</word>
            <lemma>Logistics</lemma>
            <CharacterOffsetBegin>1345</CharacterOffsetBegin>
            <CharacterOffsetEnd>1354</CharacterOffsetEnd>
            <POS>NNP</POS>
            <deprel>flat</deprel>
            <depreal_head_id>220</depreal_head_id>
            <depreal_head_text>DHL</depreal_head_text>
            <ner>E-ORG</ner>
          </token>
          <token id="224">
            <word>logistics</word>
            <lemma>logistics</lemma>
            <CharacterOffsetBegin>1355</CharacterOffsetBegin>
            <CharacterOffsetEnd>1364</CharacterOffsetEnd>
            <POS>NN</POS>
            <deprel>compound</deprel>
            <depreal_head_id>225</depreal_head_id>
            <depreal_head_text>solution</depreal_head_text>
            <ner>O</ner>
          </token>
          <token id="225">
            <word>solution</word>
            <lemma>solution</lemma>
            <CharacterOffsetBegin>1365</CharacterOffsetBegin>
            <CharacterOffsetEnd>1373</CharacterOffsetEnd>
            <POS>NN</POS>
            <deprel>conj</deprel>
            <depreal_head_id>217</depreal_head_id>
            <depreal_head_text>service</depreal_head_text>
            <ner>O</ner>
          </token>
          <token id="226">
            <word>.</word>
            <lemma>.</lemma>
            <CharacterOffsetBegin>1373</CharacterOffsetBegin>
            <CharacterOffsetEnd>1374</CharacterOffsetEnd>
            <POS>.</POS>
            <deprel>punct</deprel>
            <depreal_head_id>195</depreal_head_id>
            <depreal_head_text>offers</depreal_head_text>
            <ner>O</ner>
          </token>
        </tokens>
      </sentence>
    </sentences>
  </document>
</root>
