<root>
  <document>
    <sentences>
      <sentence section="title" type="title" id="1">
        <tokens>
          <token id="1">
            <word>K+N</word>
            <lemma>K+N</lemma>
            <CharacterOffsetBegin>0</CharacterOffsetBegin>
            <CharacterOffsetEnd>3</CharacterOffsetEnd>
            <POS>NNP</POS>
            <deprel>nsubj</deprel>
            <depreal_head_id>2</depreal_head_id>
            <depreal_head_text>launches</depreal_head_text>
            <ner>S-ORG</ner>
          </token>
          <token id="2">
            <word>launches</word>
            <lemma>launch</lemma>
            <CharacterOffsetBegin>4</CharacterOffsetBegin>
            <CharacterOffsetEnd>12</CharacterOffsetEnd>
            <POS>VBZ</POS>
            <deprel>root</deprel>
            <depreal_head_id>0</depreal_head_id>
            <depreal_head_text>root</depreal_head_text>
            <ner>O</ner>
          </token>
          <token id="3">
            <word>international</word>
            <lemma>international</lemma>
            <CharacterOffsetBegin>13</CharacterOffsetBegin>
            <CharacterOffsetEnd>26</CharacterOffsetEnd>
            <POS>JJ</POS>
            <deprel>amod</deprel>
            <depreal_head_id>7</depreal_head_id>
            <depreal_head_text>software</depreal_head_text>
            <ner>O</ner>
          </token>
          <token id="4">
            <word>supply</word>
            <lemma>supply</lemma>
            <CharacterOffsetBegin>27</CharacterOffsetBegin>
            <CharacterOffsetEnd>33</CharacterOffsetEnd>
            <POS>NN</POS>
            <deprel>obj</deprel>
            <depreal_head_id>2</depreal_head_id>
            <depreal_head_text>launches</depreal_head_text>
            <ner>O</ner>
          </token>
          <token id="5">
            <word>chain</word>
            <lemma>chain</lemma>
            <CharacterOffsetBegin>34</CharacterOffsetBegin>
            <CharacterOffsetEnd>39</CharacterOffsetEnd>
            <POS>NN</POS>
            <deprel>case</deprel>
            <depreal_head_id>7</depreal_head_id>
            <depreal_head_text>software</depreal_head_text>
            <ner>O</ner>
          </token>
          <token id="6">
            <word>management</word>
            <lemma>management</lemma>
            <CharacterOffsetBegin>40</CharacterOffsetBegin>
            <CharacterOffsetEnd>50</CharacterOffsetEnd>
            <POS>NN</POS>
            <deprel>compound</deprel>
            <depreal_head_id>7</depreal_head_id>
            <depreal_head_text>software</depreal_head_text>
            <ner>O</ner>
          </token>
          <token id="7">
            <word>software</word>
            <lemma>software</lemma>
            <CharacterOffsetBegin>51</CharacterOffsetBegin>
            <CharacterOffsetEnd>59</CharacterOffsetEnd>
            <POS>NN</POS>
            <deprel>obj</deprel>
            <depreal_head_id>2</depreal_head_id>
            <depreal_head_text>launches</depreal_head_text>
            <ner>O</ner>
          </token>
        </tokens>
      </sentence>
      <sentence section="content" type="bodyText" id="2">
        <tokens>
          <token id="1">
            <word>Last</word>
            <lemma>last</lemma>
            <CharacterOffsetBegin>60</CharacterOffsetBegin>
            <CharacterOffsetEnd>64</CharacterOffsetEnd>
            <POS>JJ</POS>
            <deprel>amod</deprel>
            <depreal_head_id>2</depreal_head_id>
            <depreal_head_text>week</depreal_head_text>
            <ner>B-DATE</ner>
          </token>
          <token id="2">
            <word>week</word>
            <lemma>week</lemma>
            <CharacterOffsetBegin>65</CharacterOffsetBegin>
            <CharacterOffsetEnd>69</CharacterOffsetEnd>
            <POS>NN</POS>
            <deprel>nmod</deprel>
            <depreal_head_id>4</depreal_head_id>
            <depreal_head_text>forwarder</depreal_head_text>
            <ner>E-DATE</ner>
          </token>
          <token id="3">
            <word>Swiss</word>
            <lemma>swiss</lemma>
            <CharacterOffsetBegin>70</CharacterOffsetBegin>
            <CharacterOffsetEnd>75</CharacterOffsetEnd>
            <POS>JJ</POS>
            <deprel>amod</deprel>
            <depreal_head_id>4</depreal_head_id>
            <depreal_head_text>forwarder</depreal_head_text>
            <ner>S-NORP</ner>
          </token>
          <token id="4">
            <word>forwarder</word>
            <lemma>forwarder</lemma>
            <CharacterOffsetBegin>76</CharacterOffsetBegin>
            <CharacterOffsetEnd>85</CharacterOffsetEnd>
            <POS>NN</POS>
            <deprel>nsubj</deprel>
            <depreal_head_id>15</depreal_head_id>
            <depreal_head_text>threw</depreal_head_text>
            <ner>O</ner>
          </token>
          <token id="5">
            <word>and</word>
            <lemma>and</lemma>
            <CharacterOffsetBegin>86</CharacterOffsetBegin>
            <CharacterOffsetEnd>89</CharacterOffsetEnd>
            <POS>CC</POS>
            <deprel>cc</deprel>
            <depreal_head_id>8</depreal_head_id>
            <depreal_head_text>company</depreal_head_text>
            <ner>O</ner>
          </token>
          <token id="6">
            <word>global</word>
            <lemma>global</lemma>
            <CharacterOffsetBegin>90</CharacterOffsetBegin>
            <CharacterOffsetEnd>96</CharacterOffsetEnd>
            <POS>JJ</POS>
            <deprel>amod</deprel>
            <depreal_head_id>7</depreal_head_id>
            <depreal_head_text>logistics</depreal_head_text>
            <ner>O</ner>
          </token>
          <token id="7">
            <word>logistics</word>
            <lemma>logistics</lemma>
            <CharacterOffsetBegin>97</CharacterOffsetBegin>
            <CharacterOffsetEnd>106</CharacterOffsetEnd>
            <POS>NN</POS>
            <deprel>compound</deprel>
            <depreal_head_id>8</depreal_head_id>
            <depreal_head_text>company</depreal_head_text>
            <ner>O</ner>
          </token>
          <token id="8">
            <word>company</word>
            <lemma>company</lemma>
            <CharacterOffsetBegin>107</CharacterOffsetBegin>
            <CharacterOffsetEnd>114</CharacterOffsetEnd>
            <POS>NN</POS>
            <deprel>conj</deprel>
            <depreal_head_id>4</depreal_head_id>
            <depreal_head_text>forwarder</depreal_head_text>
            <ner>O</ner>
          </token>
          <token id="9">
            <word>Kuehne</word>
            <lemma>Kuehne</lemma>
            <CharacterOffsetBegin>115</CharacterOffsetBegin>
            <CharacterOffsetEnd>121</CharacterOffsetEnd>
            <POS>NNP</POS>
            <deprel>conj</deprel>
            <depreal_head_id>4</depreal_head_id>
            <depreal_head_text>forwarder</depreal_head_text>
            <ner>B-ORG</ner>
          </token>
          <token id="10">
            <word>+</word>
            <lemma>+</lemma>
            <CharacterOffsetBegin>122</CharacterOffsetBegin>
            <CharacterOffsetEnd>123</CharacterOffsetEnd>
            <POS>SYM</POS>
            <deprel>case</deprel>
            <depreal_head_id>11</depreal_head_id>
            <depreal_head_text>Nagel</depreal_head_text>
            <ner>I-ORG</ner>
          </token>
          <token id="11">
            <word>Nagel</word>
            <lemma>Nagel</lemma>
            <CharacterOffsetBegin>124</CharacterOffsetBegin>
            <CharacterOffsetEnd>129</CharacterOffsetEnd>
            <POS>NNP</POS>
            <deprel>nmod</deprel>
            <depreal_head_id>9</depreal_head_id>
            <depreal_head_text>Kuehne</depreal_head_text>
            <ner>E-ORG</ner>
          </token>
          <token id="12">
            <word>(</word>
            <lemma>(</lemma>
            <CharacterOffsetBegin>130</CharacterOffsetBegin>
            <CharacterOffsetEnd>131</CharacterOffsetEnd>
            <POS>-LRB-</POS>
            <deprel>punct</deprel>
            <depreal_head_id>13</depreal_head_id>
            <depreal_head_text>K+N</depreal_head_text>
            <ner>O</ner>
          </token>
          <token id="13">
            <word>K+N</word>
            <lemma>K+N</lemma>
            <CharacterOffsetBegin>131</CharacterOffsetBegin>
            <CharacterOffsetEnd>134</CharacterOffsetEnd>
            <POS>NNP</POS>
            <deprel>appos</deprel>
            <depreal_head_id>11</depreal_head_id>
            <depreal_head_text>Nagel</depreal_head_text>
            <ner>S-ORG</ner>
          </token>
          <token id="14">
            <word>)</word>
            <lemma>)</lemma>
            <CharacterOffsetBegin>134</CharacterOffsetBegin>
            <CharacterOffsetEnd>135</CharacterOffsetEnd>
            <POS>-RRB-</POS>
            <deprel>punct</deprel>
            <depreal_head_id>13</depreal_head_id>
            <depreal_head_text>K+N</depreal_head_text>
            <ner>O</ner>
          </token>
          <token id="15">
            <word>threw</word>
            <lemma>throw</lemma>
            <CharacterOffsetBegin>136</CharacterOffsetBegin>
            <CharacterOffsetEnd>141</CharacterOffsetEnd>
            <POS>VBD</POS>
            <deprel>root</deprel>
            <depreal_head_id>0</depreal_head_id>
            <depreal_head_text>root</depreal_head_text>
            <ner>O</ner>
          </token>
          <token id="16">
            <word>its</word>
            <lemma>it</lemma>
            <CharacterOffsetBegin>142</CharacterOffsetBegin>
            <CharacterOffsetEnd>145</CharacterOffsetEnd>
            <POS>PRP$</POS>
            <deprel>nmod:poss</deprel>
            <depreal_head_id>17</depreal_head_id>
            <depreal_head_text>hat</depreal_head_text>
            <ner>O</ner>
          </token>
          <token id="17">
            <word>hat</word>
            <lemma>hat</lemma>
            <CharacterOffsetBegin>146</CharacterOffsetBegin>
            <CharacterOffsetEnd>149</CharacterOffsetEnd>
            <POS>NN</POS>
            <deprel>obj</deprel>
            <depreal_head_id>15</depreal_head_id>
            <depreal_head_text>threw</depreal_head_text>
            <ner>O</ner>
          </token>
          <token id="18">
            <word>into</word>
            <lemma>into</lemma>
            <CharacterOffsetBegin>150</CharacterOffsetBegin>
            <CharacterOffsetEnd>154</CharacterOffsetEnd>
            <POS>IN</POS>
            <deprel>case</deprel>
            <depreal_head_id>20</depreal_head_id>
            <depreal_head_text>ring</depreal_head_text>
            <ner>O</ner>
          </token>
          <token id="19">
            <word>the</word>
            <lemma>the</lemma>
            <CharacterOffsetBegin>155</CharacterOffsetBegin>
            <CharacterOffsetEnd>158</CharacterOffsetEnd>
            <POS>DT</POS>
            <deprel>det</deprel>
            <depreal_head_id>20</depreal_head_id>
            <depreal_head_text>ring</depreal_head_text>
            <ner>O</ner>
          </token>
          <token id="20">
            <word>ring</word>
            <lemma>ring</lemma>
            <CharacterOffsetBegin>159</CharacterOffsetBegin>
            <CharacterOffsetEnd>163</CharacterOffsetEnd>
            <POS>NN</POS>
            <deprel>obl</deprel>
            <depreal_head_id>15</depreal_head_id>
            <depreal_head_text>threw</depreal_head_text>
            <ner>O</ner>
          </token>
          <token id="21">
            <word>of</word>
            <lemma>of</lemma>
            <CharacterOffsetBegin>164</CharacterOffsetBegin>
            <CharacterOffsetEnd>166</CharacterOffsetEnd>
            <POS>IN</POS>
            <deprel>case</deprel>
            <depreal_head_id>26</depreal_head_id>
            <depreal_head_text>platforms</depreal_head_text>
            <ner>O</ner>
          </token>
          <token id="22">
            <word>emerging</word>
            <lemma>emerge</lemma>
            <CharacterOffsetBegin>167</CharacterOffsetBegin>
            <CharacterOffsetEnd>175</CharacterOffsetEnd>
            <POS>VBG</POS>
            <deprel>amod</deprel>
            <depreal_head_id>26</depreal_head_id>
            <depreal_head_text>platforms</depreal_head_text>
            <ner>O</ner>
          </token>
          <token id="23">
            <word>supply</word>
            <lemma>supply</lemma>
            <CharacterOffsetBegin>176</CharacterOffsetBegin>
            <CharacterOffsetEnd>182</CharacterOffsetEnd>
            <POS>NN</POS>
            <deprel>compound</deprel>
            <depreal_head_id>26</depreal_head_id>
            <depreal_head_text>platforms</depreal_head_text>
            <ner>O</ner>
          </token>
          <token id="24">
            <word>chain</word>
            <lemma>chain</lemma>
            <CharacterOffsetBegin>183</CharacterOffsetBegin>
            <CharacterOffsetEnd>188</CharacterOffsetEnd>
            <POS>NN</POS>
            <deprel>flat</deprel>
            <depreal_head_id>23</depreal_head_id>
            <depreal_head_text>supply</depreal_head_text>
            <ner>O</ner>
          </token>
          <token id="25">
            <word>digitization</word>
            <lemma>digitization</lemma>
            <CharacterOffsetBegin>189</CharacterOffsetBegin>
            <CharacterOffsetEnd>201</CharacterOffsetEnd>
            <POS>NN</POS>
            <deprel>compound</deprel>
            <depreal_head_id>26</depreal_head_id>
            <depreal_head_text>platforms</depreal_head_text>
            <ner>O</ner>
          </token>
          <token id="26">
            <word>platforms</word>
            <lemma>platform</lemma>
            <CharacterOffsetBegin>202</CharacterOffsetBegin>
            <CharacterOffsetEnd>211</CharacterOffsetEnd>
            <POS>NNS</POS>
            <deprel>nmod</deprel>
            <depreal_head_id>20</depreal_head_id>
            <depreal_head_text>ring</depreal_head_text>
            <ner>O</ner>
          </token>
          <token id="27">
            <word>,</word>
            <lemma>,</lemma>
            <CharacterOffsetBegin>211</CharacterOffsetBegin>
            <CharacterOffsetEnd>212</CharacterOffsetEnd>
            <POS>,</POS>
            <deprel>punct</deprel>
            <depreal_head_id>28</depreal_head_id>
            <depreal_head_text>launching</depreal_head_text>
            <ner>O</ner>
          </token>
          <token id="28">
            <word>launching</word>
            <lemma>launch</lemma>
            <CharacterOffsetBegin>213</CharacterOffsetBegin>
            <CharacterOffsetEnd>222</CharacterOffsetEnd>
            <POS>VBG</POS>
            <deprel>conj</deprel>
            <depreal_head_id>15</depreal_head_id>
            <depreal_head_text>threw</depreal_head_text>
            <ner>O</ner>
          </token>
          <token id="29">
            <word>its</word>
            <lemma>it</lemma>
            <CharacterOffsetBegin>223</CharacterOffsetBegin>
            <CharacterOffsetEnd>226</CharacterOffsetEnd>
            <POS>PRP$</POS>
            <deprel>nmod:poss</deprel>
            <depreal_head_id>35</depreal_head_id>
            <depreal_head_text>service</depreal_head_text>
            <ner>O</ner>
          </token>
          <token id="30">
            <word>own</word>
            <lemma>own</lemma>
            <CharacterOffsetBegin>227</CharacterOffsetBegin>
            <CharacterOffsetEnd>230</CharacterOffsetEnd>
            <POS>JJ</POS>
            <deprel>amod</deprel>
            <depreal_head_id>35</depreal_head_id>
            <depreal_head_text>service</depreal_head_text>
            <ner>O</ner>
          </token>
          <token id="31">
            <word>end-to-end</word>
            <lemma>end-to-end</lemma>
            <CharacterOffsetBegin>231</CharacterOffsetBegin>
            <CharacterOffsetEnd>241</CharacterOffsetEnd>
            <POS>JJ</POS>
            <deprel>amod</deprel>
            <depreal_head_id>35</depreal_head_id>
            <depreal_head_text>service</depreal_head_text>
            <ner>O</ner>
          </token>
          <token id="32">
            <word>supply</word>
            <lemma>supply</lemma>
            <CharacterOffsetBegin>242</CharacterOffsetBegin>
            <CharacterOffsetEnd>248</CharacterOffsetEnd>
            <POS>NN</POS>
            <deprel>compound</deprel>
            <depreal_head_id>35</depreal_head_id>
            <depreal_head_text>service</depreal_head_text>
            <ner>O</ner>
          </token>
          <token id="33">
            <word>chain</word>
            <lemma>chain</lemma>
            <CharacterOffsetBegin>249</CharacterOffsetBegin>
            <CharacterOffsetEnd>254</CharacterOffsetEnd>
            <POS>NN</POS>
            <deprel>compound</deprel>
            <depreal_head_id>35</depreal_head_id>
            <depreal_head_text>service</depreal_head_text>
            <ner>O</ner>
          </token>
          <token id="34">
            <word>management</word>
            <lemma>management</lemma>
            <CharacterOffsetBegin>255</CharacterOffsetBegin>
            <CharacterOffsetEnd>265</CharacterOffsetEnd>
            <POS>NN</POS>
            <deprel>compound</deprel>
            <depreal_head_id>35</depreal_head_id>
            <depreal_head_text>service</depreal_head_text>
            <ner>O</ner>
          </token>
          <token id="35">
            <word>service</word>
            <lemma>service</lemma>
            <CharacterOffsetBegin>266</CharacterOffsetBegin>
            <CharacterOffsetEnd>273</CharacterOffsetEnd>
            <POS>NN</POS>
            <deprel>obj</deprel>
            <depreal_head_id>28</depreal_head_id>
            <depreal_head_text>launching</depreal_head_text>
            <ner>O</ner>
          </token>
          <token id="36">
            <word>,</word>
            <lemma>,</lemma>
            <CharacterOffsetBegin>273</CharacterOffsetBegin>
            <CharacterOffsetEnd>274</CharacterOffsetEnd>
            <POS>,</POS>
            <deprel>punct</deprel>
            <depreal_head_id>37</depreal_head_id>
            <depreal_head_text>KN</depreal_head_text>
            <ner>O</ner>
          </token>
          <token id="37">
            <word>KN</word>
            <lemma>KN</lemma>
            <CharacterOffsetBegin>275</CharacterOffsetBegin>
            <CharacterOffsetEnd>277</CharacterOffsetEnd>
            <POS>NNP</POS>
            <deprel>appos</deprel>
            <depreal_head_id>35</depreal_head_id>
            <depreal_head_text>service</depreal_head_text>
            <ner>B-ORG</ner>
          </token>
          <token id="38">
            <word>ESP</word>
            <lemma>ESP</lemma>
            <CharacterOffsetBegin>278</CharacterOffsetBegin>
            <CharacterOffsetEnd>281</CharacterOffsetEnd>
            <POS>NNP</POS>
            <deprel>flat</deprel>
            <depreal_head_id>37</depreal_head_id>
            <depreal_head_text>KN</depreal_head_text>
            <ner>E-ORG</ner>
          </token>
          <token id="39">
            <word>.</word>
            <lemma>.</lemma>
            <CharacterOffsetBegin>281</CharacterOffsetBegin>
            <CharacterOffsetEnd>282</CharacterOffsetEnd>
            <POS>.</POS>
            <deprel>punct</deprel>
            <depreal_head_id>15</depreal_head_id>
            <depreal_head_text>threw</depreal_head_text>
            <ner>O</ner>
          </token>
        </tokens>
      </sentence>
      <sentence section="content" type="bodyText" id="3">
        <tokens>
          <token id="1">
            <word>The</word>
            <lemma>the</lemma>
            <CharacterOffsetBegin>283</CharacterOffsetBegin>
            <CharacterOffsetEnd>286</CharacterOffsetEnd>
            <POS>DT</POS>
            <deprel>det</deprel>
            <depreal_head_id>3</depreal_head_id>
            <depreal_head_text>platform</depreal_head_text>
            <ner>O</ner>
          </token>
          <token id="2">
            <word>modular</word>
            <lemma>modular</lemma>
            <CharacterOffsetBegin>287</CharacterOffsetBegin>
            <CharacterOffsetEnd>294</CharacterOffsetEnd>
            <POS>JJ</POS>
            <deprel>amod</deprel>
            <depreal_head_id>3</depreal_head_id>
            <depreal_head_text>platform</depreal_head_text>
            <ner>O</ner>
          </token>
          <token id="3">
            <word>platform</word>
            <lemma>platform</lemma>
            <CharacterOffsetBegin>295</CharacterOffsetBegin>
            <CharacterOffsetEnd>303</CharacterOffsetEnd>
            <POS>NN</POS>
            <deprel>nsubj</deprel>
            <depreal_head_id>4</depreal_head_id>
            <depreal_head_text>connects</depreal_head_text>
            <ner>O</ner>
          </token>
          <token id="4">
            <word>connects</word>
            <lemma>connect</lemma>
            <CharacterOffsetBegin>304</CharacterOffsetBegin>
            <CharacterOffsetEnd>312</CharacterOffsetEnd>
            <POS>VBZ</POS>
            <deprel>root</deprel>
            <depreal_head_id>0</depreal_head_id>
            <depreal_head_text>root</depreal_head_text>
            <ner>O</ner>
          </token>
          <token id="5">
            <word>previously</word>
            <lemma>previously</lemma>
            <CharacterOffsetBegin>313</CharacterOffsetBegin>
            <CharacterOffsetEnd>323</CharacterOffsetEnd>
            <POS>RB</POS>
            <deprel>advmod</deprel>
            <depreal_head_id>6</depreal_head_id>
            <depreal_head_text>disjointed</depreal_head_text>
            <ner>O</ner>
          </token>
          <token id="6">
            <word>disjointed</word>
            <lemma>disjoint</lemma>
            <CharacterOffsetBegin>324</CharacterOffsetBegin>
            <CharacterOffsetEnd>334</CharacterOffsetEnd>
            <POS>JJ</POS>
            <deprel>amod</deprel>
            <depreal_head_id>9</depreal_head_id>
            <depreal_head_text>partners</depreal_head_text>
            <ner>O</ner>
          </token>
          <token id="7">
            <word>supply</word>
            <lemma>supply</lemma>
            <CharacterOffsetBegin>335</CharacterOffsetBegin>
            <CharacterOffsetEnd>341</CharacterOffsetEnd>
            <POS>NN</POS>
            <deprel>compound</deprel>
            <depreal_head_id>9</depreal_head_id>
            <depreal_head_text>partners</depreal_head_text>
            <ner>O</ner>
          </token>
          <token id="8">
            <word>chain</word>
            <lemma>chain</lemma>
            <CharacterOffsetBegin>342</CharacterOffsetBegin>
            <CharacterOffsetEnd>347</CharacterOffsetEnd>
            <POS>NN</POS>
            <deprel>compound</deprel>
            <depreal_head_id>9</depreal_head_id>
            <depreal_head_text>partners</depreal_head_text>
            <ner>O</ner>
          </token>
          <token id="9">
            <word>partners</word>
            <lemma>partner</lemma>
            <CharacterOffsetBegin>348</CharacterOffsetBegin>
            <CharacterOffsetEnd>356</CharacterOffsetEnd>
            <POS>NNS</POS>
            <deprel>obj</deprel>
            <depreal_head_id>4</depreal_head_id>
            <depreal_head_text>connects</depreal_head_text>
            <ner>O</ner>
          </token>
          <token id="10">
            <word>,</word>
            <lemma>,</lemma>
            <CharacterOffsetBegin>356</CharacterOffsetBegin>
            <CharacterOffsetEnd>357</CharacterOffsetEnd>
            <POS>,</POS>
            <deprel>punct</deprel>
            <depreal_head_id>11</depreal_head_id>
            <depreal_head_text>enabling</depreal_head_text>
            <ner>O</ner>
          </token>
          <token id="11">
            <word>enabling</word>
            <lemma>enable</lemma>
            <CharacterOffsetBegin>358</CharacterOffsetBegin>
            <CharacterOffsetEnd>366</CharacterOffsetEnd>
            <POS>VBG</POS>
            <deprel>advcl</deprel>
            <depreal_head_id>4</depreal_head_id>
            <depreal_head_text>connects</depreal_head_text>
            <ner>O</ner>
          </token>
          <token id="12">
            <word>seamless</word>
            <lemma>seamless</lemma>
            <CharacterOffsetBegin>367</CharacterOffsetBegin>
            <CharacterOffsetEnd>375</CharacterOffsetEnd>
            <POS>JJ</POS>
            <deprel>amod</deprel>
            <depreal_head_id>13</depreal_head_id>
            <depreal_head_text>communication</depreal_head_text>
            <ner>O</ner>
          </token>
          <token id="13">
            <word>communication</word>
            <lemma>communication</lemma>
            <CharacterOffsetBegin>376</CharacterOffsetBegin>
            <CharacterOffsetEnd>389</CharacterOffsetEnd>
            <POS>NN</POS>
            <deprel>obj</deprel>
            <depreal_head_id>11</depreal_head_id>
            <depreal_head_text>enabling</depreal_head_text>
            <ner>O</ner>
          </token>
          <token id="14">
            <word>between</word>
            <lemma>between</lemma>
            <CharacterOffsetBegin>390</CharacterOffsetBegin>
            <CharacterOffsetEnd>397</CharacterOffsetEnd>
            <POS>IN</POS>
            <deprel>case</deprel>
            <depreal_head_id>16</depreal_head_id>
            <depreal_head_text>shippers</depreal_head_text>
            <ner>O</ner>
          </token>
          <token id="15">
            <word>global</word>
            <lemma>global</lemma>
            <CharacterOffsetBegin>398</CharacterOffsetBegin>
            <CharacterOffsetEnd>404</CharacterOffsetEnd>
            <POS>JJ</POS>
            <deprel>amod</deprel>
            <depreal_head_id>16</depreal_head_id>
            <depreal_head_text>shippers</depreal_head_text>
            <ner>O</ner>
          </token>
          <token id="16">
            <word>shippers</word>
            <lemma>shipper</lemma>
            <CharacterOffsetBegin>405</CharacterOffsetBegin>
            <CharacterOffsetEnd>413</CharacterOffsetEnd>
            <POS>NNS</POS>
            <deprel>nmod</deprel>
            <depreal_head_id>13</depreal_head_id>
            <depreal_head_text>communication</depreal_head_text>
            <ner>O</ner>
          </token>
          <token id="17">
            <word>their</word>
            <lemma>they</lemma>
            <CharacterOffsetBegin>414</CharacterOffsetBegin>
            <CharacterOffsetEnd>419</CharacterOffsetEnd>
            <POS>PRP$</POS>
            <deprel>nmod:poss</deprel>
            <depreal_head_id>18</depreal_head_id>
            <depreal_head_text>vendors</depreal_head_text>
            <ner>O</ner>
          </token>
          <token id="18">
            <word>vendors</word>
            <lemma>vendor</lemma>
            <CharacterOffsetBegin>420</CharacterOffsetBegin>
            <CharacterOffsetEnd>427</CharacterOffsetEnd>
            <POS>NNS</POS>
            <deprel>nmod</deprel>
            <depreal_head_id>16</depreal_head_id>
            <depreal_head_text>shippers</depreal_head_text>
            <ner>O</ner>
          </token>
          <token id="19">
            <word>,</word>
            <lemma>,</lemma>
            <CharacterOffsetBegin>427</CharacterOffsetBegin>
            <CharacterOffsetEnd>428</CharacterOffsetEnd>
            <POS>,</POS>
            <deprel>punct</deprel>
            <depreal_head_id>20</depreal_head_id>
            <depreal_head_text>buyers</depreal_head_text>
            <ner>O</ner>
          </token>
          <token id="20">
            <word>buyers</word>
            <lemma>buyer</lemma>
            <CharacterOffsetBegin>429</CharacterOffsetBegin>
            <CharacterOffsetEnd>435</CharacterOffsetEnd>
            <POS>NNS</POS>
            <deprel>conj</deprel>
            <depreal_head_id>18</depreal_head_id>
            <depreal_head_text>vendors</depreal_head_text>
            <ner>O</ner>
          </token>
          <token id="21">
            <word>and</word>
            <lemma>and</lemma>
            <CharacterOffsetBegin>436</CharacterOffsetBegin>
            <CharacterOffsetEnd>439</CharacterOffsetEnd>
            <POS>CC</POS>
            <deprel>cc</deprel>
            <depreal_head_id>22</depreal_head_id>
            <depreal_head_text>sellers</depreal_head_text>
            <ner>O</ner>
          </token>
          <token id="22">
            <word>sellers</word>
            <lemma>seller</lemma>
            <CharacterOffsetBegin>440</CharacterOffsetBegin>
            <CharacterOffsetEnd>447</CharacterOffsetEnd>
            <POS>NNS</POS>
            <deprel>conj</deprel>
            <depreal_head_id>20</depreal_head_id>
            <depreal_head_text>buyers</depreal_head_text>
            <ner>O</ner>
          </token>
          <token id="23">
            <word>while</word>
            <lemma>while</lemma>
            <CharacterOffsetBegin>448</CharacterOffsetBegin>
            <CharacterOffsetEnd>453</CharacterOffsetEnd>
            <POS>IN</POS>
            <deprel>mark</deprel>
            <depreal_head_id>25</depreal_head_id>
            <depreal_head_text>providing</depreal_head_text>
            <ner>O</ner>
          </token>
          <token id="24">
            <word>also</word>
            <lemma>also</lemma>
            <CharacterOffsetBegin>454</CharacterOffsetBegin>
            <CharacterOffsetEnd>458</CharacterOffsetEnd>
            <POS>RB</POS>
            <deprel>advmod</deprel>
            <depreal_head_id>25</depreal_head_id>
            <depreal_head_text>providing</depreal_head_text>
            <ner>O</ner>
          </token>
          <token id="25">
            <word>providing</word>
            <lemma>provide</lemma>
            <CharacterOffsetBegin>459</CharacterOffsetBegin>
            <CharacterOffsetEnd>468</CharacterOffsetEnd>
            <POS>VBG</POS>
            <deprel>advcl</deprel>
            <depreal_head_id>11</depreal_head_id>
            <depreal_head_text>enabling</depreal_head_text>
            <ner>O</ner>
          </token>
          <token id="26">
            <word>direct</word>
            <lemma>direct</lemma>
            <CharacterOffsetBegin>469</CharacterOffsetBegin>
            <CharacterOffsetEnd>475</CharacterOffsetEnd>
            <POS>JJ</POS>
            <deprel>amod</deprel>
            <depreal_head_id>27</depreal_head_id>
            <depreal_head_text>access</depreal_head_text>
            <ner>O</ner>
          </token>
          <token id="27">
            <word>access</word>
            <lemma>access</lemma>
            <CharacterOffsetBegin>476</CharacterOffsetBegin>
            <CharacterOffsetEnd>482</CharacterOffsetEnd>
            <POS>NN</POS>
            <deprel>obj</deprel>
            <depreal_head_id>25</depreal_head_id>
            <depreal_head_text>providing</depreal_head_text>
            <ner>O</ner>
          </token>
          <token id="28">
            <word>to</word>
            <lemma>to</lemma>
            <CharacterOffsetBegin>483</CharacterOffsetBegin>
            <CharacterOffsetEnd>485</CharacterOffsetEnd>
            <POS>TO</POS>
            <deprel>case</deprel>
            <depreal_head_id>34</depreal_head_id>
            <depreal_head_text>assets</depreal_head_text>
            <ner>O</ner>
          </token>
          <token id="29">
            <word>Kuehne</word>
            <lemma>Kuehne</lemma>
            <CharacterOffsetBegin>486</CharacterOffsetBegin>
            <CharacterOffsetEnd>492</CharacterOffsetEnd>
            <POS>NNP</POS>
            <deprel>nmod</deprel>
            <depreal_head_id>27</depreal_head_id>
            <depreal_head_text>access</depreal_head_text>
            <ner>B-ORG</ner>
          </token>
          <token id="30">
            <word>+</word>
            <lemma>+</lemma>
            <CharacterOffsetBegin>493</CharacterOffsetBegin>
            <CharacterOffsetEnd>494</CharacterOffsetEnd>
            <POS>SYM</POS>
            <deprel>nmod</deprel>
            <depreal_head_id>31</depreal_head_id>
            <depreal_head_text>Nagel</depreal_head_text>
            <ner>I-ORG</ner>
          </token>
          <token id="31">
            <word>Nagel</word>
            <lemma>Nagel</lemma>
            <CharacterOffsetBegin>495</CharacterOffsetBegin>
            <CharacterOffsetEnd>500</CharacterOffsetEnd>
            <POS>NNP</POS>
            <deprel>nmod</deprel>
            <depreal_head_id>34</depreal_head_id>
            <depreal_head_text>assets</depreal_head_text>
            <ner>I-ORG</ner>
          </token>
          <token id="32">
            <word>'s</word>
            <lemma>'s</lemma>
            <CharacterOffsetBegin>500</CharacterOffsetBegin>
            <CharacterOffsetEnd>502</CharacterOffsetEnd>
            <POS>POS</POS>
            <deprel>case</deprel>
            <depreal_head_id>31</depreal_head_id>
            <depreal_head_text>Nagel</depreal_head_text>
            <ner>E-ORG</ner>
          </token>
          <token id="33">
            <word>physical</word>
            <lemma>physical</lemma>
            <CharacterOffsetBegin>503</CharacterOffsetBegin>
            <CharacterOffsetEnd>511</CharacterOffsetEnd>
            <POS>JJ</POS>
            <deprel>amod</deprel>
            <depreal_head_id>34</depreal_head_id>
            <depreal_head_text>assets</depreal_head_text>
            <ner>O</ner>
          </token>
          <token id="34">
            <word>assets</word>
            <lemma>asset</lemma>
            <CharacterOffsetBegin>512</CharacterOffsetBegin>
            <CharacterOffsetEnd>518</CharacterOffsetEnd>
            <POS>NNS</POS>
            <deprel>nmod</deprel>
            <depreal_head_id>27</depreal_head_id>
            <depreal_head_text>access</depreal_head_text>
            <ner>O</ner>
          </token>
          <token id="35">
            <word>and</word>
            <lemma>and</lemma>
            <CharacterOffsetBegin>519</CharacterOffsetBegin>
            <CharacterOffsetEnd>522</CharacterOffsetEnd>
            <POS>CC</POS>
            <deprel>cc</deprel>
            <depreal_head_id>36</depreal_head_id>
            <depreal_head_text>experts</depreal_head_text>
            <ner>O</ner>
          </token>
          <token id="36">
            <word>experts</word>
            <lemma>expert</lemma>
            <CharacterOffsetBegin>523</CharacterOffsetBegin>
            <CharacterOffsetEnd>530</CharacterOffsetEnd>
            <POS>NNS</POS>
            <deprel>conj</deprel>
            <depreal_head_id>34</depreal_head_id>
            <depreal_head_text>assets</depreal_head_text>
            <ner>O</ner>
          </token>
          <token id="37">
            <word>.</word>
            <lemma>.</lemma>
            <CharacterOffsetBegin>530</CharacterOffsetBegin>
            <CharacterOffsetEnd>531</CharacterOffsetEnd>
            <POS>.</POS>
            <deprel>punct</deprel>
            <depreal_head_id>4</depreal_head_id>
            <depreal_head_text>connects</depreal_head_text>
            <ner>O</ner>
          </token>
        </tokens>
      </sentence>
      <sentence section="content" type="bodyText" id="4">
        <tokens>
          <token id="1">
            <word>Through</word>
            <lemma>through</lemma>
            <CharacterOffsetBegin>532</CharacterOffsetBegin>
            <CharacterOffsetEnd>539</CharacterOffsetEnd>
            <POS>IN</POS>
            <deprel>case</deprel>
            <depreal_head_id>2</depreal_head_id>
            <depreal_head_text>visualization</depreal_head_text>
            <ner>O</ner>
          </token>
          <token id="2">
            <word>visualization</word>
            <lemma>visualization</lemma>
            <CharacterOffsetBegin>540</CharacterOffsetBegin>
            <CharacterOffsetEnd>553</CharacterOffsetEnd>
            <POS>NN</POS>
            <deprel>obl</deprel>
            <depreal_head_id>13</depreal_head_id>
            <depreal_head_text>betting</depreal_head_text>
            <ner>O</ner>
          </token>
          <token id="3">
            <word>of</word>
            <lemma>of</lemma>
            <CharacterOffsetBegin>554</CharacterOffsetBegin>
            <CharacterOffsetEnd>556</CharacterOffsetEnd>
            <POS>IN</POS>
            <deprel>case</deprel>
            <depreal_head_id>9</depreal_head_id>
            <depreal_head_text>chain</depreal_head_text>
            <ner>O</ner>
          </token>
          <token id="4">
            <word>a</word>
            <lemma>a</lemma>
            <CharacterOffsetBegin>557</CharacterOffsetBegin>
            <CharacterOffsetEnd>558</CharacterOffsetEnd>
            <POS>DT</POS>
            <deprel>det</deprel>
            <depreal_head_id>5</depreal_head_id>
            <depreal_head_text>customer</depreal_head_text>
            <ner>O</ner>
          </token>
          <token id="5">
            <word>customer</word>
            <lemma>customer</lemma>
            <CharacterOffsetBegin>559</CharacterOffsetBegin>
            <CharacterOffsetEnd>567</CharacterOffsetEnd>
            <POS>NN</POS>
            <deprel>nmod</deprel>
            <depreal_head_id>9</depreal_head_id>
            <depreal_head_text>chain</depreal_head_text>
            <ner>O</ner>
          </token>
          <token id="6">
            <word>'s</word>
            <lemma>'s</lemma>
            <CharacterOffsetBegin>567</CharacterOffsetBegin>
            <CharacterOffsetEnd>569</CharacterOffsetEnd>
            <POS>POS</POS>
            <deprel>case</deprel>
            <depreal_head_id>5</depreal_head_id>
            <depreal_head_text>customer</depreal_head_text>
            <ner>O</ner>
          </token>
          <token id="7">
            <word>end-to-end</word>
            <lemma>end-to-end</lemma>
            <CharacterOffsetBegin>570</CharacterOffsetBegin>
            <CharacterOffsetEnd>580</CharacterOffsetEnd>
            <POS>JJ</POS>
            <deprel>amod</deprel>
            <depreal_head_id>8</depreal_head_id>
            <depreal_head_text>supply</depreal_head_text>
            <ner>O</ner>
          </token>
          <token id="8">
            <word>supply</word>
            <lemma>supply</lemma>
            <CharacterOffsetBegin>581</CharacterOffsetBegin>
            <CharacterOffsetEnd>587</CharacterOffsetEnd>
            <POS>NN</POS>
            <deprel>compound</deprel>
            <depreal_head_id>9</depreal_head_id>
            <depreal_head_text>chain</depreal_head_text>
            <ner>O</ner>
          </token>
          <token id="9">
            <word>chain</word>
            <lemma>chain</lemma>
            <CharacterOffsetBegin>588</CharacterOffsetBegin>
            <CharacterOffsetEnd>593</CharacterOffsetEnd>
            <POS>NN</POS>
            <deprel>nmod</deprel>
            <depreal_head_id>2</depreal_head_id>
            <depreal_head_text>visualization</depreal_head_text>
            <ner>O</ner>
          </token>
          <token id="10">
            <word>,</word>
            <lemma>,</lemma>
            <CharacterOffsetBegin>593</CharacterOffsetBegin>
            <CharacterOffsetEnd>594</CharacterOffsetEnd>
            <POS>,</POS>
            <deprel>punct</deprel>
            <depreal_head_id>2</depreal_head_id>
            <depreal_head_text>visualization</depreal_head_text>
            <ner>O</ner>
          </token>
          <token id="11">
            <word>K+N</word>
            <lemma>K+N</lemma>
            <CharacterOffsetBegin>595</CharacterOffsetBegin>
            <CharacterOffsetEnd>598</CharacterOffsetEnd>
            <POS>NNP</POS>
            <deprel>nsubj</deprel>
            <depreal_head_id>13</depreal_head_id>
            <depreal_head_text>betting</depreal_head_text>
            <ner>S-ORG</ner>
          </token>
          <token id="12">
            <word>is</word>
            <lemma>be</lemma>
            <CharacterOffsetBegin>599</CharacterOffsetBegin>
            <CharacterOffsetEnd>601</CharacterOffsetEnd>
            <POS>VBZ</POS>
            <deprel>aux</deprel>
            <depreal_head_id>13</depreal_head_id>
            <depreal_head_text>betting</depreal_head_text>
            <ner>O</ner>
          </token>
          <token id="13">
            <word>betting</word>
            <lemma>bet</lemma>
            <CharacterOffsetBegin>602</CharacterOffsetBegin>
            <CharacterOffsetEnd>609</CharacterOffsetEnd>
            <POS>VBG</POS>
            <deprel>root</deprel>
            <depreal_head_id>0</depreal_head_id>
            <depreal_head_text>root</depreal_head_text>
            <ner>O</ner>
          </token>
          <token id="14">
            <word>that</word>
            <lemma>that</lemma>
            <CharacterOffsetBegin>610</CharacterOffsetBegin>
            <CharacterOffsetEnd>614</CharacterOffsetEnd>
            <POS>IN</POS>
            <deprel>mark</deprel>
            <depreal_head_id>18</depreal_head_id>
            <depreal_head_text>made</depreal_head_text>
            <ner>O</ner>
          </token>
          <token id="15">
            <word>improvements</word>
            <lemma>improvement</lemma>
            <CharacterOffsetBegin>615</CharacterOffsetBegin>
            <CharacterOffsetEnd>627</CharacterOffsetEnd>
            <POS>NNS</POS>
            <deprel>nsubj:pass</deprel>
            <depreal_head_id>18</depreal_head_id>
            <depreal_head_text>made</depreal_head_text>
            <ner>O</ner>
          </token>
          <token id="16">
            <word>can</word>
            <lemma>can</lemma>
            <CharacterOffsetBegin>628</CharacterOffsetBegin>
            <CharacterOffsetEnd>631</CharacterOffsetEnd>
            <POS>MD</POS>
            <deprel>aux:pass</deprel>
            <depreal_head_id>18</depreal_head_id>
            <depreal_head_text>made</depreal_head_text>
            <ner>O</ner>
          </token>
          <token id="17">
            <word>be</word>
            <lemma>be</lemma>
            <CharacterOffsetBegin>632</CharacterOffsetBegin>
            <CharacterOffsetEnd>634</CharacterOffsetEnd>
            <POS>VB</POS>
            <deprel>aux:pass</deprel>
            <depreal_head_id>18</depreal_head_id>
            <depreal_head_text>made</depreal_head_text>
            <ner>O</ner>
          </token>
          <token id="18">
            <word>made</word>
            <lemma>make</lemma>
            <CharacterOffsetBegin>635</CharacterOffsetBegin>
            <CharacterOffsetEnd>639</CharacterOffsetEnd>
            <POS>VBN</POS>
            <deprel>ccomp</deprel>
            <depreal_head_id>13</depreal_head_id>
            <depreal_head_text>betting</depreal_head_text>
            <ner>O</ner>
          </token>
          <token id="19">
            <word>to</word>
            <lemma>to</lemma>
            <CharacterOffsetBegin>640</CharacterOffsetBegin>
            <CharacterOffsetEnd>642</CharacterOffsetEnd>
            <POS>TO</POS>
            <deprel>mark</deprel>
            <depreal_head_id>20</depreal_head_id>
            <depreal_head_text>increase</depreal_head_text>
            <ner>O</ner>
          </token>
          <token id="20">
            <word>increase</word>
            <lemma>increase</lemma>
            <CharacterOffsetBegin>643</CharacterOffsetBegin>
            <CharacterOffsetEnd>651</CharacterOffsetEnd>
            <POS>VB</POS>
            <deprel>xcomp</deprel>
            <depreal_head_id>18</depreal_head_id>
            <depreal_head_text>made</depreal_head_text>
            <ner>O</ner>
          </token>
          <token id="21">
            <word>supplier</word>
            <lemma>supplier</lemma>
            <CharacterOffsetBegin>652</CharacterOffsetBegin>
            <CharacterOffsetEnd>660</CharacterOffsetEnd>
            <POS>NN</POS>
            <deprel>compound</deprel>
            <depreal_head_id>22</depreal_head_id>
            <depreal_head_text>reliability</depreal_head_text>
            <ner>O</ner>
          </token>
          <token id="22">
            <word>reliability</word>
            <lemma>reliability</lemma>
            <CharacterOffsetBegin>661</CharacterOffsetBegin>
            <CharacterOffsetEnd>672</CharacterOffsetEnd>
            <POS>NN</POS>
            <deprel>obj</deprel>
            <depreal_head_id>20</depreal_head_id>
            <depreal_head_text>increase</depreal_head_text>
            <ner>O</ner>
          </token>
          <token id="23">
            <word>and</word>
            <lemma>and</lemma>
            <CharacterOffsetBegin>673</CharacterOffsetBegin>
            <CharacterOffsetEnd>676</CharacterOffsetEnd>
            <POS>CC</POS>
            <deprel>cc</deprel>
            <depreal_head_id>25</depreal_head_id>
            <depreal_head_text>availability</depreal_head_text>
            <ner>O</ner>
          </token>
          <token id="24">
            <word>product</word>
            <lemma>product</lemma>
            <CharacterOffsetBegin>677</CharacterOffsetBegin>
            <CharacterOffsetEnd>684</CharacterOffsetEnd>
            <POS>NN</POS>
            <deprel>compound</deprel>
            <depreal_head_id>25</depreal_head_id>
            <depreal_head_text>availability</depreal_head_text>
            <ner>O</ner>
          </token>
          <token id="25">
            <word>availability</word>
            <lemma>availability</lemma>
            <CharacterOffsetBegin>685</CharacterOffsetBegin>
            <CharacterOffsetEnd>697</CharacterOffsetEnd>
            <POS>NN</POS>
            <deprel>conj</deprel>
            <depreal_head_id>22</depreal_head_id>
            <depreal_head_text>reliability</depreal_head_text>
            <ner>O</ner>
          </token>
          <token id="26">
            <word>.</word>
            <lemma>.</lemma>
            <CharacterOffsetBegin>697</CharacterOffsetBegin>
            <CharacterOffsetEnd>698</CharacterOffsetEnd>
            <POS>.</POS>
            <deprel>punct</deprel>
            <depreal_head_id>28</depreal_head_id>
            <depreal_head_text>addition</depreal_head_text>
            <ner>O</ner>
          </token>
          <token id="27">
            <word>In</word>
            <lemma>in</lemma>
            <CharacterOffsetBegin>700</CharacterOffsetBegin>
            <CharacterOffsetEnd>702</CharacterOffsetEnd>
            <POS>IN</POS>
            <deprel>case</deprel>
            <depreal_head_id>28</depreal_head_id>
            <depreal_head_text>addition</depreal_head_text>
            <ner>O</ner>
          </token>
          <token id="28">
            <word>addition</word>
            <lemma>addition</lemma>
            <CharacterOffsetBegin>703</CharacterOffsetBegin>
            <CharacterOffsetEnd>711</CharacterOffsetEnd>
            <POS>NN</POS>
            <deprel>obl</deprel>
            <depreal_head_id>18</depreal_head_id>
            <depreal_head_text>made</depreal_head_text>
            <ner>O</ner>
          </token>
          <token id="29">
            <word>,</word>
            <lemma>,</lemma>
            <CharacterOffsetBegin>711</CharacterOffsetBegin>
            <CharacterOffsetEnd>712</CharacterOffsetEnd>
            <POS>,</POS>
            <deprel>punct</deprel>
            <depreal_head_id>28</depreal_head_id>
            <depreal_head_text>addition</depreal_head_text>
            <ner>O</ner>
          </token>
          <token id="30">
            <word>predictive</word>
            <lemma>predictive</lemma>
            <CharacterOffsetBegin>713</CharacterOffsetBegin>
            <CharacterOffsetEnd>723</CharacterOffsetEnd>
            <POS>JJ</POS>
            <deprel>amod</deprel>
            <depreal_head_id>31</depreal_head_id>
            <depreal_head_text>analytics</depreal_head_text>
            <ner>O</ner>
          </token>
          <token id="31">
            <word>analytics</word>
            <lemma>analytics</lemma>
            <CharacterOffsetBegin>724</CharacterOffsetBegin>
            <CharacterOffsetEnd>733</CharacterOffsetEnd>
            <POS>NNS</POS>
            <deprel>conj</deprel>
            <depreal_head_id>28</depreal_head_id>
            <depreal_head_text>addition</depreal_head_text>
            <ner>O</ner>
          </token>
          <token id="32">
            <word>,</word>
            <lemma>,</lemma>
            <CharacterOffsetBegin>733</CharacterOffsetBegin>
            <CharacterOffsetEnd>734</CharacterOffsetEnd>
            <POS>,</POS>
            <deprel>punct</deprel>
            <depreal_head_id>28</depreal_head_id>
            <depreal_head_text>addition</depreal_head_text>
            <ner>O</ner>
          </token>
          <token id="33">
            <word>and</word>
            <lemma>and</lemma>
            <CharacterOffsetBegin>735</CharacterOffsetBegin>
            <CharacterOffsetEnd>738</CharacterOffsetEnd>
            <POS>CC</POS>
            <deprel>cc</deprel>
            <depreal_head_id>37</depreal_head_id>
            <depreal_head_text>customers</depreal_head_text>
            <ner>O</ner>
          </token>
          <token id="34">
            <word>artificial</word>
            <lemma>artificial</lemma>
            <CharacterOffsetBegin>739</CharacterOffsetBegin>
            <CharacterOffsetEnd>749</CharacterOffsetEnd>
            <POS>JJ</POS>
            <deprel>amod</deprel>
            <depreal_head_id>37</depreal_head_id>
            <depreal_head_text>customers</depreal_head_text>
            <ner>O</ner>
          </token>
          <token id="35">
            <word>intelligence</word>
            <lemma>intelligence</lemma>
            <CharacterOffsetBegin>750</CharacterOffsetBegin>
            <CharacterOffsetEnd>762</CharacterOffsetEnd>
            <POS>NN</POS>
            <deprel>compound</deprel>
            <depreal_head_id>36</depreal_head_id>
            <depreal_head_text>help</depreal_head_text>
            <ner>O</ner>
          </token>
          <token id="36">
            <word>help</word>
            <lemma>help</lemma>
            <CharacterOffsetBegin>763</CharacterOffsetBegin>
            <CharacterOffsetEnd>767</CharacterOffsetEnd>
            <POS>NN</POS>
            <deprel>compound</deprel>
            <depreal_head_id>37</depreal_head_id>
            <depreal_head_text>customers</depreal_head_text>
            <ner>O</ner>
          </token>
          <token id="37">
            <word>customers</word>
            <lemma>customer</lemma>
            <CharacterOffsetBegin>768</CharacterOffsetBegin>
            <CharacterOffsetEnd>777</CharacterOffsetEnd>
            <POS>NNS</POS>
            <deprel>conj</deprel>
            <depreal_head_id>28</depreal_head_id>
            <depreal_head_text>addition</depreal_head_text>
            <ner>O</ner>
          </token>
          <token id="38">
            <word>to</word>
            <lemma>to</lemma>
            <CharacterOffsetBegin>778</CharacterOffsetBegin>
            <CharacterOffsetEnd>780</CharacterOffsetEnd>
            <POS>TO</POS>
            <deprel>mark</deprel>
            <depreal_head_id>39</depreal_head_id>
            <depreal_head_text>optimize</depreal_head_text>
            <ner>O</ner>
          </token>
          <token id="39">
            <word>optimize</word>
            <lemma>optimize</lemma>
            <CharacterOffsetBegin>781</CharacterOffsetBegin>
            <CharacterOffsetEnd>789</CharacterOffsetEnd>
            <POS>VB</POS>
            <deprel>acl</deprel>
            <depreal_head_id>37</depreal_head_id>
            <depreal_head_text>customers</depreal_head_text>
            <ner>O</ner>
          </token>
          <token id="40">
            <word>orders</word>
            <lemma>order</lemma>
            <CharacterOffsetBegin>790</CharacterOffsetBegin>
            <CharacterOffsetEnd>796</CharacterOffsetEnd>
            <POS>NNS</POS>
            <deprel>obj</deprel>
            <depreal_head_id>39</depreal_head_id>
            <depreal_head_text>optimize</depreal_head_text>
            <ner>O</ner>
          </token>
          <token id="41">
            <word>and</word>
            <lemma>and</lemma>
            <CharacterOffsetBegin>797</CharacterOffsetBegin>
            <CharacterOffsetEnd>800</CharacterOffsetEnd>
            <POS>CC</POS>
            <deprel>cc</deprel>
            <depreal_head_id>42</depreal_head_id>
            <depreal_head_text>prioritize</depreal_head_text>
            <ner>O</ner>
          </token>
          <token id="42">
            <word>prioritize</word>
            <lemma>prioritize</lemma>
            <CharacterOffsetBegin>801</CharacterOffsetBegin>
            <CharacterOffsetEnd>811</CharacterOffsetEnd>
            <POS>VB</POS>
            <deprel>conj</deprel>
            <depreal_head_id>39</depreal_head_id>
            <depreal_head_text>optimize</depreal_head_text>
            <ner>O</ner>
          </token>
          <token id="43">
            <word>transportation</word>
            <lemma>transportation</lemma>
            <CharacterOffsetBegin>812</CharacterOffsetBegin>
            <CharacterOffsetEnd>826</CharacterOffsetEnd>
            <POS>NN</POS>
            <deprel>compound</deprel>
            <depreal_head_id>44</depreal_head_id>
            <depreal_head_text>decisions</depreal_head_text>
            <ner>O</ner>
          </token>
          <token id="44">
            <word>decisions</word>
            <lemma>decision</lemma>
            <CharacterOffsetBegin>827</CharacterOffsetBegin>
            <CharacterOffsetEnd>836</CharacterOffsetEnd>
            <POS>NNS</POS>
            <deprel>obj</deprel>
            <depreal_head_id>42</depreal_head_id>
            <depreal_head_text>prioritize</depreal_head_text>
            <ner>O</ner>
          </token>
          <token id="45">
            <word>tailored</word>
            <lemma>tailor</lemma>
            <CharacterOffsetBegin>837</CharacterOffsetBegin>
            <CharacterOffsetEnd>845</CharacterOffsetEnd>
            <POS>VBN</POS>
            <deprel>acl</deprel>
            <depreal_head_id>44</depreal_head_id>
            <depreal_head_text>decisions</depreal_head_text>
            <ner>O</ner>
          </token>
          <token id="46">
            <word>to</word>
            <lemma>to</lemma>
            <CharacterOffsetBegin>846</CharacterOffsetBegin>
            <CharacterOffsetEnd>848</CharacterOffsetEnd>
            <POS>TO</POS>
            <deprel>case</deprel>
            <depreal_head_id>51</depreal_head_id>
            <depreal_head_text>business</depreal_head_text>
            <ner>O</ner>
          </token>
          <token id="47">
            <word>the</word>
            <lemma>the</lemma>
            <CharacterOffsetBegin>849</CharacterOffsetBegin>
            <CharacterOffsetEnd>852</CharacterOffsetEnd>
            <POS>DT</POS>
            <deprel>det</deprel>
            <depreal_head_id>51</depreal_head_id>
            <depreal_head_text>business</depreal_head_text>
            <ner>O</ner>
          </token>
          <token id="48">
            <word>customer</word>
            <lemma>customer</lemma>
            <CharacterOffsetBegin>853</CharacterOffsetBegin>
            <CharacterOffsetEnd>861</CharacterOffsetEnd>
            <POS>NN</POS>
            <deprel>nmod</deprel>
            <depreal_head_id>51</depreal_head_id>
            <depreal_head_text>business</depreal_head_text>
            <ner>O</ner>
          </token>
          <token id="49">
            <word>'s</word>
            <lemma>'s</lemma>
            <CharacterOffsetBegin>861</CharacterOffsetBegin>
            <CharacterOffsetEnd>863</CharacterOffsetEnd>
            <POS>POS</POS>
            <deprel>case</deprel>
            <depreal_head_id>48</depreal_head_id>
            <depreal_head_text>customer</depreal_head_text>
            <ner>O</ner>
          </token>
          <token id="50">
            <word>individual</word>
            <lemma>individual</lemma>
            <CharacterOffsetBegin>864</CharacterOffsetBegin>
            <CharacterOffsetEnd>874</CharacterOffsetEnd>
            <POS>JJ</POS>
            <deprel>amod</deprel>
            <depreal_head_id>51</depreal_head_id>
            <depreal_head_text>business</depreal_head_text>
            <ner>O</ner>
          </token>
          <token id="51">
            <word>business</word>
            <lemma>business</lemma>
            <CharacterOffsetBegin>875</CharacterOffsetBegin>
            <CharacterOffsetEnd>883</CharacterOffsetEnd>
            <POS>NN</POS>
            <deprel>obl</deprel>
            <depreal_head_id>45</depreal_head_id>
            <depreal_head_text>tailored</depreal_head_text>
            <ner>O</ner>
          </token>
          <token id="52">
            <word>.</word>
            <lemma>.</lemma>
            <CharacterOffsetBegin>883</CharacterOffsetBegin>
            <CharacterOffsetEnd>884</CharacterOffsetEnd>
            <POS>.</POS>
            <deprel>punct</deprel>
            <depreal_head_id>13</depreal_head_id>
            <depreal_head_text>betting</depreal_head_text>
            <ner>O</ner>
          </token>
        </tokens>
      </sentence>
      <sentence section="content" type="bodyText" id="5">
        <tokens>
          <token id="1">
            <word>The</word>
            <lemma>the</lemma>
            <CharacterOffsetBegin>885</CharacterOffsetBegin>
            <CharacterOffsetEnd>888</CharacterOffsetEnd>
            <POS>DT</POS>
            <deprel>det</deprel>
            <depreal_head_id>2</depreal_head_id>
            <depreal_head_text>product</depreal_head_text>
            <ner>O</ner>
          </token>
          <token id="2">
            <word>product</word>
            <lemma>product</lemma>
            <CharacterOffsetBegin>889</CharacterOffsetBegin>
            <CharacterOffsetEnd>896</CharacterOffsetEnd>
            <POS>NN</POS>
            <deprel>nsubj</deprel>
            <depreal_head_id>3</depreal_head_id>
            <depreal_head_text>aims</depreal_head_text>
            <ner>O</ner>
          </token>
          <token id="3">
            <word>aims</word>
            <lemma>aim</lemma>
            <CharacterOffsetBegin>897</CharacterOffsetBegin>
            <CharacterOffsetEnd>901</CharacterOffsetEnd>
            <POS>VBZ</POS>
            <deprel>root</deprel>
            <depreal_head_id>0</depreal_head_id>
            <depreal_head_text>root</depreal_head_text>
            <ner>O</ner>
          </token>
          <token id="4">
            <word>to</word>
            <lemma>to</lemma>
            <CharacterOffsetBegin>902</CharacterOffsetBegin>
            <CharacterOffsetEnd>904</CharacterOffsetEnd>
            <POS>TO</POS>
            <deprel>mark</deprel>
            <depreal_head_id>6</depreal_head_id>
            <depreal_head_text>eliminate</depreal_head_text>
            <ner>O</ner>
          </token>
          <token id="5">
            <word>"</word>
            <lemma>&amp;quot;</lemma>
            <CharacterOffsetBegin>905</CharacterOffsetBegin>
            <CharacterOffsetEnd>906</CharacterOffsetEnd>
            <POS>``</POS>
            <deprel>punct</deprel>
            <depreal_head_id>6</depreal_head_id>
            <depreal_head_text>eliminate</depreal_head_text>
            <ner>O</ner>
          </token>
          <token id="6">
            <word>eliminate</word>
            <lemma>eliminate</lemma>
            <CharacterOffsetBegin>906</CharacterOffsetBegin>
            <CharacterOffsetEnd>915</CharacterOffsetEnd>
            <POS>VB</POS>
            <deprel>xcomp</deprel>
            <depreal_head_id>3</depreal_head_id>
            <depreal_head_text>aims</depreal_head_text>
            <ner>O</ner>
          </token>
          <token id="7">
            <word>communication</word>
            <lemma>communication</lemma>
            <CharacterOffsetBegin>916</CharacterOffsetBegin>
            <CharacterOffsetEnd>929</CharacterOffsetEnd>
            <POS>NN</POS>
            <deprel>nmod:poss</deprel>
            <depreal_head_id>8</depreal_head_id>
            <depreal_head_text>frictions</depreal_head_text>
            <ner>O</ner>
          </token>
          <token id="8">
            <word>frictions</word>
            <lemma>friction</lemma>
            <CharacterOffsetBegin>930</CharacterOffsetBegin>
            <CharacterOffsetEnd>939</CharacterOffsetEnd>
            <POS>NNS</POS>
            <deprel>obj</deprel>
            <depreal_head_id>6</depreal_head_id>
            <depreal_head_text>eliminate</depreal_head_text>
            <ner>O</ner>
          </token>
          <token id="9">
            <word>no</word>
            <lemma>no</lemma>
            <CharacterOffsetBegin>940</CharacterOffsetBegin>
            <CharacterOffsetEnd>942</CharacterOffsetEnd>
            <POS>DT</POS>
            <deprel>det</deprel>
            <depreal_head_id>10</depreal_head_id>
            <depreal_head_text>matter</depreal_head_text>
            <ner>O</ner>
          </token>
          <token id="10">
            <word>matter</word>
            <lemma>matter</lemma>
            <CharacterOffsetBegin>943</CharacterOffsetBegin>
            <CharacterOffsetEnd>949</CharacterOffsetEnd>
            <POS>NN</POS>
            <deprel>obl</deprel>
            <depreal_head_id>6</depreal_head_id>
            <depreal_head_text>eliminate</depreal_head_text>
            <ner>O</ner>
          </token>
          <token id="11">
            <word>how</word>
            <lemma>how</lemma>
            <CharacterOffsetBegin>950</CharacterOffsetBegin>
            <CharacterOffsetEnd>953</CharacterOffsetEnd>
            <POS>WRB</POS>
            <deprel>mark</deprel>
            <depreal_head_id>17</depreal_head_id>
            <depreal_head_text>involved</depreal_head_text>
            <ner>O</ner>
          </token>
          <token id="12">
            <word>many</word>
            <lemma>many</lemma>
            <CharacterOffsetBegin>954</CharacterOffsetBegin>
            <CharacterOffsetEnd>958</CharacterOffsetEnd>
            <POS>JJ</POS>
            <deprel>amod</deprel>
            <depreal_head_id>13</depreal_head_id>
            <depreal_head_text>systems</depreal_head_text>
            <ner>O</ner>
          </token>
          <token id="13">
            <word>systems</word>
            <lemma>system</lemma>
            <CharacterOffsetBegin>959</CharacterOffsetBegin>
            <CharacterOffsetEnd>966</CharacterOffsetEnd>
            <POS>NNS</POS>
            <deprel>nsubj</deprel>
            <depreal_head_id>17</depreal_head_id>
            <depreal_head_text>involved</depreal_head_text>
            <ner>O</ner>
          </token>
          <token id="14">
            <word>or</word>
            <lemma>or</lemma>
            <CharacterOffsetBegin>967</CharacterOffsetBegin>
            <CharacterOffsetEnd>969</CharacterOffsetEnd>
            <POS>CC</POS>
            <deprel>cc</deprel>
            <depreal_head_id>15</depreal_head_id>
            <depreal_head_text>players</depreal_head_text>
            <ner>O</ner>
          </token>
          <token id="15">
            <word>players</word>
            <lemma>player</lemma>
            <CharacterOffsetBegin>970</CharacterOffsetBegin>
            <CharacterOffsetEnd>977</CharacterOffsetEnd>
            <POS>NNS</POS>
            <deprel>conj</deprel>
            <depreal_head_id>13</depreal_head_id>
            <depreal_head_text>systems</depreal_head_text>
            <ner>O</ner>
          </token>
          <token id="16">
            <word>are</word>
            <lemma>be</lemma>
            <CharacterOffsetBegin>978</CharacterOffsetBegin>
            <CharacterOffsetEnd>981</CharacterOffsetEnd>
            <POS>VBP</POS>
            <deprel>aux</deprel>
            <depreal_head_id>17</depreal_head_id>
            <depreal_head_text>involved</depreal_head_text>
            <ner>O</ner>
          </token>
          <token id="17">
            <word>involved</word>
            <lemma>involve</lemma>
            <CharacterOffsetBegin>982</CharacterOffsetBegin>
            <CharacterOffsetEnd>990</CharacterOffsetEnd>
            <POS>VBN</POS>
            <deprel>advcl</deprel>
            <depreal_head_id>6</depreal_head_id>
            <depreal_head_text>eliminate</depreal_head_text>
            <ner>O</ner>
          </token>
          <token id="18">
            <word>,</word>
            <lemma>,</lemma>
            <CharacterOffsetBegin>990</CharacterOffsetBegin>
            <CharacterOffsetEnd>991</CharacterOffsetEnd>
            <POS>,</POS>
            <deprel>punct</deprel>
            <depreal_head_id>17</depreal_head_id>
            <depreal_head_text>involved</depreal_head_text>
            <ner>O</ner>
          </token>
          <token id="19">
            <word>"</word>
            <lemma>&amp;quot;</lemma>
            <CharacterOffsetBegin>991</CharacterOffsetBegin>
            <CharacterOffsetEnd>992</CharacterOffsetEnd>
            <POS>''</POS>
            <deprel>punct</deprel>
            <depreal_head_id>20</depreal_head_id>
            <depreal_head_text>says</depreal_head_text>
            <ner>O</ner>
          </token>
          <token id="20">
            <word>says</word>
            <lemma>say</lemma>
            <CharacterOffsetBegin>993</CharacterOffsetBegin>
            <CharacterOffsetEnd>997</CharacterOffsetEnd>
            <POS>VBZ</POS>
            <deprel>parataxis</deprel>
            <depreal_head_id>3</depreal_head_id>
            <depreal_head_text>aims</depreal_head_text>
            <ner>O</ner>
          </token>
          <token id="21">
            <word>Otto</word>
            <lemma>Otto</lemma>
            <CharacterOffsetBegin>998</CharacterOffsetBegin>
            <CharacterOffsetEnd>1002</CharacterOffsetEnd>
            <POS>NNP</POS>
            <deprel>nsubj</deprel>
            <depreal_head_id>20</depreal_head_id>
            <depreal_head_text>says</depreal_head_text>
            <ner>B-PERSON</ner>
          </token>
          <token id="22">
            <word>Schacht</word>
            <lemma>Schacht</lemma>
            <CharacterOffsetBegin>1003</CharacterOffsetBegin>
            <CharacterOffsetEnd>1010</CharacterOffsetEnd>
            <POS>NNP</POS>
            <deprel>flat</deprel>
            <depreal_head_id>21</depreal_head_id>
            <depreal_head_text>Otto</depreal_head_text>
            <ner>E-PERSON</ner>
          </token>
          <token id="23">
            <word>,</word>
            <lemma>,</lemma>
            <CharacterOffsetBegin>1010</CharacterOffsetBegin>
            <CharacterOffsetEnd>1011</CharacterOffsetEnd>
            <POS>,</POS>
            <deprel>punct</deprel>
            <depreal_head_id>24</depreal_head_id>
            <depreal_head_text>member</depreal_head_text>
            <ner>O</ner>
          </token>
          <token id="24">
            <word>member</word>
            <lemma>member</lemma>
            <CharacterOffsetBegin>1012</CharacterOffsetBegin>
            <CharacterOffsetEnd>1018</CharacterOffsetEnd>
            <POS>NN</POS>
            <deprel>appos</deprel>
            <depreal_head_id>21</depreal_head_id>
            <depreal_head_text>Otto</depreal_head_text>
            <ner>O</ner>
          </token>
          <token id="25">
            <word>of</word>
            <lemma>of</lemma>
            <CharacterOffsetBegin>1019</CharacterOffsetBegin>
            <CharacterOffsetEnd>1021</CharacterOffsetEnd>
            <POS>IN</POS>
            <deprel>case</deprel>
            <depreal_head_id>28</depreal_head_id>
            <depreal_head_text>board</depreal_head_text>
            <ner>O</ner>
          </token>
          <token id="26">
            <word>the</word>
            <lemma>the</lemma>
            <CharacterOffsetBegin>1022</CharacterOffsetBegin>
            <CharacterOffsetEnd>1025</CharacterOffsetEnd>
            <POS>DT</POS>
            <deprel>det</deprel>
            <depreal_head_id>28</depreal_head_id>
            <depreal_head_text>board</depreal_head_text>
            <ner>O</ner>
          </token>
          <token id="27">
            <word>managing</word>
            <lemma>manage</lemma>
            <CharacterOffsetBegin>1026</CharacterOffsetBegin>
            <CharacterOffsetEnd>1034</CharacterOffsetEnd>
            <POS>VBG</POS>
            <deprel>amod</deprel>
            <depreal_head_id>28</depreal_head_id>
            <depreal_head_text>board</depreal_head_text>
            <ner>O</ner>
          </token>
          <token id="28">
            <word>board</word>
            <lemma>board</lemma>
            <CharacterOffsetBegin>1035</CharacterOffsetBegin>
            <CharacterOffsetEnd>1040</CharacterOffsetEnd>
            <POS>NN</POS>
            <deprel>nmod</deprel>
            <depreal_head_id>24</depreal_head_id>
            <depreal_head_text>member</depreal_head_text>
            <ner>O</ner>
          </token>
          <token id="29">
            <word>of</word>
            <lemma>of</lemma>
            <CharacterOffsetBegin>1041</CharacterOffsetBegin>
            <CharacterOffsetEnd>1043</CharacterOffsetEnd>
            <POS>IN</POS>
            <deprel>case</deprel>
            <depreal_head_id>30</depreal_head_id>
            <depreal_head_text>K+N</depreal_head_text>
            <ner>O</ner>
          </token>
          <token id="30">
            <word>K+N</word>
            <lemma>K+N</lemma>
            <CharacterOffsetBegin>1044</CharacterOffsetBegin>
            <CharacterOffsetEnd>1047</CharacterOffsetEnd>
            <POS>NNP</POS>
            <deprel>nmod</deprel>
            <depreal_head_id>28</depreal_head_id>
            <depreal_head_text>board</depreal_head_text>
            <ner>S-ORG</ner>
          </token>
          <token id="31">
            <word>,</word>
            <lemma>,</lemma>
            <CharacterOffsetBegin>1047</CharacterOffsetBegin>
            <CharacterOffsetEnd>1048</CharacterOffsetEnd>
            <POS>,</POS>
            <deprel>punct</deprel>
            <depreal_head_id>32</depreal_head_id>
            <depreal_head_text>addressing</depreal_head_text>
            <ner>O</ner>
          </token>
          <token id="32">
            <word>addressing</word>
            <lemma>address</lemma>
            <CharacterOffsetBegin>1049</CharacterOffsetBegin>
            <CharacterOffsetEnd>1059</CharacterOffsetEnd>
            <POS>VBG</POS>
            <deprel>conj</deprel>
            <depreal_head_id>24</depreal_head_id>
            <depreal_head_text>member</depreal_head_text>
            <ner>O</ner>
          </token>
          <token id="33">
            <word>a</word>
            <lemma>a</lemma>
            <CharacterOffsetBegin>1060</CharacterOffsetBegin>
            <CharacterOffsetEnd>1061</CharacterOffsetEnd>
            <POS>DT</POS>
            <deprel>det</deprel>
            <depreal_head_id>35</depreal_head_id>
            <depreal_head_text>list</depreal_head_text>
            <ner>O</ner>
          </token>
          <token id="34">
            <word>comprehensive</word>
            <lemma>comprehensive</lemma>
            <CharacterOffsetBegin>1062</CharacterOffsetBegin>
            <CharacterOffsetEnd>1075</CharacterOffsetEnd>
            <POS>JJ</POS>
            <deprel>amod</deprel>
            <depreal_head_id>35</depreal_head_id>
            <depreal_head_text>list</depreal_head_text>
            <ner>O</ner>
          </token>
          <token id="35">
            <word>list</word>
            <lemma>list</lemma>
            <CharacterOffsetBegin>1076</CharacterOffsetBegin>
            <CharacterOffsetEnd>1080</CharacterOffsetEnd>
            <POS>NN</POS>
            <deprel>obj</deprel>
            <depreal_head_id>32</depreal_head_id>
            <depreal_head_text>addressing</depreal_head_text>
            <ner>O</ner>
          </token>
          <token id="36">
            <word>of</word>
            <lemma>of</lemma>
            <CharacterOffsetBegin>1081</CharacterOffsetBegin>
            <CharacterOffsetEnd>1083</CharacterOffsetEnd>
            <POS>IN</POS>
            <deprel>case</deprel>
            <depreal_head_id>37</depreal_head_id>
            <depreal_head_text>issues</depreal_head_text>
            <ner>O</ner>
          </token>
          <token id="37">
            <word>issues</word>
            <lemma>issue</lemma>
            <CharacterOffsetBegin>1084</CharacterOffsetBegin>
            <CharacterOffsetEnd>1090</CharacterOffsetEnd>
            <POS>NNS</POS>
            <deprel>nmod</deprel>
            <depreal_head_id>35</depreal_head_id>
            <depreal_head_text>list</depreal_head_text>
            <ner>O</ner>
          </token>
          <token id="38">
            <word>,</word>
            <lemma>,</lemma>
            <CharacterOffsetBegin>1090</CharacterOffsetBegin>
            <CharacterOffsetEnd>1091</CharacterOffsetEnd>
            <POS>,</POS>
            <deprel>punct</deprel>
            <depreal_head_id>40</depreal_head_id>
            <depreal_head_text>include</depreal_head_text>
            <ner>O</ner>
          </token>
          <token id="39">
            <word>which</word>
            <lemma>which</lemma>
            <CharacterOffsetBegin>1092</CharacterOffsetBegin>
            <CharacterOffsetEnd>1097</CharacterOffsetEnd>
            <POS>WDT</POS>
            <deprel>nsubj</deprel>
            <depreal_head_id>40</depreal_head_id>
            <depreal_head_text>include</depreal_head_text>
            <ner>O</ner>
          </token>
          <token id="40">
            <word>include</word>
            <lemma>include</lemma>
            <CharacterOffsetBegin>1098</CharacterOffsetBegin>
            <CharacterOffsetEnd>1105</CharacterOffsetEnd>
            <POS>VBP</POS>
            <deprel>acl:relcl</deprel>
            <depreal_head_id>37</depreal_head_id>
            <depreal_head_text>issues</depreal_head_text>
            <ner>O</ner>
          </token>
          <token id="41">
            <word>sourcing</word>
            <lemma>source</lemma>
            <CharacterOffsetBegin>1106</CharacterOffsetBegin>
            <CharacterOffsetEnd>1114</CharacterOffsetEnd>
            <POS>VBG</POS>
            <deprel>xcomp</deprel>
            <depreal_head_id>40</depreal_head_id>
            <depreal_head_text>include</depreal_head_text>
            <ner>O</ner>
          </token>
          <token id="42">
            <word>,</word>
            <lemma>,</lemma>
            <CharacterOffsetBegin>1114</CharacterOffsetBegin>
            <CharacterOffsetEnd>1115</CharacterOffsetEnd>
            <POS>,</POS>
            <deprel>punct</deprel>
            <depreal_head_id>44</depreal_head_id>
            <depreal_head_text>control</depreal_head_text>
            <ner>O</ner>
          </token>
          <token id="43">
            <word>quality</word>
            <lemma>quality</lemma>
            <CharacterOffsetBegin>1116</CharacterOffsetBegin>
            <CharacterOffsetEnd>1123</CharacterOffsetEnd>
            <POS>NN</POS>
            <deprel>amod</deprel>
            <depreal_head_id>44</depreal_head_id>
            <depreal_head_text>control</depreal_head_text>
            <ner>O</ner>
          </token>
          <token id="44">
            <word>control</word>
            <lemma>control</lemma>
            <CharacterOffsetBegin>1124</CharacterOffsetBegin>
            <CharacterOffsetEnd>1131</CharacterOffsetEnd>
            <POS>NN</POS>
            <deprel>conj</deprel>
            <depreal_head_id>41</depreal_head_id>
            <depreal_head_text>sourcing</depreal_head_text>
            <ner>O</ner>
          </token>
          <token id="45">
            <word>,</word>
            <lemma>,</lemma>
            <CharacterOffsetBegin>1131</CharacterOffsetBegin>
            <CharacterOffsetEnd>1132</CharacterOffsetEnd>
            <POS>,</POS>
            <deprel>punct</deprel>
            <depreal_head_id>46</depreal_head_id>
            <depreal_head_text>purchase</depreal_head_text>
            <ner>O</ner>
          </token>
          <token id="46">
            <word>purchase</word>
            <lemma>purchase</lemma>
            <CharacterOffsetBegin>1133</CharacterOffsetBegin>
            <CharacterOffsetEnd>1141</CharacterOffsetEnd>
            <POS>VBP</POS>
            <deprel>conj</deprel>
            <depreal_head_id>40</depreal_head_id>
            <depreal_head_text>include</depreal_head_text>
            <ner>O</ner>
          </token>
          <token id="47">
            <word>order</word>
            <lemma>order</lemma>
            <CharacterOffsetBegin>1142</CharacterOffsetBegin>
            <CharacterOffsetEnd>1147</CharacterOffsetEnd>
            <POS>NN</POS>
            <deprel>det</deprel>
            <depreal_head_id>48</depreal_head_id>
            <depreal_head_text>negotiation</depreal_head_text>
            <ner>O</ner>
          </token>
          <token id="48">
            <word>negotiation</word>
            <lemma>negotiation</lemma>
            <CharacterOffsetBegin>1148</CharacterOffsetBegin>
            <CharacterOffsetEnd>1159</CharacterOffsetEnd>
            <POS>NN</POS>
            <deprel>obj</deprel>
            <depreal_head_id>46</depreal_head_id>
            <depreal_head_text>purchase</depreal_head_text>
            <ner>O</ner>
          </token>
          <token id="49">
            <word>,</word>
            <lemma>,</lemma>
            <CharacterOffsetBegin>1159</CharacterOffsetBegin>
            <CharacterOffsetEnd>1160</CharacterOffsetEnd>
            <POS>,</POS>
            <deprel>punct</deprel>
            <depreal_head_id>48</depreal_head_id>
            <depreal_head_text>negotiation</depreal_head_text>
            <ner>O</ner>
          </token>
          <token id="50">
            <word>commercial</word>
            <lemma>commercial</lemma>
            <CharacterOffsetBegin>1161</CharacterOffsetBegin>
            <CharacterOffsetEnd>1171</CharacterOffsetEnd>
            <POS>JJ</POS>
            <deprel>amod</deprel>
            <depreal_head_id>52</depreal_head_id>
            <depreal_head_text>release</depreal_head_text>
            <ner>O</ner>
          </token>
          <token id="51">
            <word>invoice</word>
            <lemma>invoice</lemma>
            <CharacterOffsetBegin>1172</CharacterOffsetBegin>
            <CharacterOffsetEnd>1179</CharacterOffsetEnd>
            <POS>NN</POS>
            <deprel>compound</deprel>
            <depreal_head_id>52</depreal_head_id>
            <depreal_head_text>release</depreal_head_text>
            <ner>O</ner>
          </token>
          <token id="52">
            <word>release</word>
            <lemma>release</lemma>
            <CharacterOffsetBegin>1180</CharacterOffsetBegin>
            <CharacterOffsetEnd>1187</CharacterOffsetEnd>
            <POS>NN</POS>
            <deprel>conj</deprel>
            <depreal_head_id>48</depreal_head_id>
            <depreal_head_text>negotiation</depreal_head_text>
            <ner>O</ner>
          </token>
          <token id="53">
            <word>,</word>
            <lemma>,</lemma>
            <CharacterOffsetBegin>1187</CharacterOffsetBegin>
            <CharacterOffsetEnd>1188</CharacterOffsetEnd>
            <POS>,</POS>
            <deprel>punct</deprel>
            <depreal_head_id>56</depreal_head_id>
            <depreal_head_text>consolidation</depreal_head_text>
            <ner>O</ner>
          </token>
          <token id="54">
            <word>buyer</word>
            <lemma>buyer</lemma>
            <CharacterOffsetBegin>1189</CharacterOffsetBegin>
            <CharacterOffsetEnd>1194</CharacterOffsetEnd>
            <POS>NN</POS>
            <deprel>nmod</deprel>
            <depreal_head_id>56</depreal_head_id>
            <depreal_head_text>consolidation</depreal_head_text>
            <ner>O</ner>
          </token>
          <token id="55">
            <word>'s</word>
            <lemma>'s</lemma>
            <CharacterOffsetBegin>1194</CharacterOffsetBegin>
            <CharacterOffsetEnd>1196</CharacterOffsetEnd>
            <POS>POS</POS>
            <deprel>case</deprel>
            <depreal_head_id>54</depreal_head_id>
            <depreal_head_text>buyer</depreal_head_text>
            <ner>O</ner>
          </token>
          <token id="56">
            <word>consolidation</word>
            <lemma>consolidation</lemma>
            <CharacterOffsetBegin>1197</CharacterOffsetBegin>
            <CharacterOffsetEnd>1210</CharacterOffsetEnd>
            <POS>NN</POS>
            <deprel>conj</deprel>
            <depreal_head_id>48</depreal_head_id>
            <depreal_head_text>negotiation</depreal_head_text>
            <ner>O</ner>
          </token>
          <token id="57">
            <word>,</word>
            <lemma>,</lemma>
            <CharacterOffsetBegin>1210</CharacterOffsetBegin>
            <CharacterOffsetEnd>1211</CharacterOffsetEnd>
            <POS>,</POS>
            <deprel>punct</deprel>
            <depreal_head_id>56</depreal_head_id>
            <depreal_head_text>consolidation</depreal_head_text>
            <ner>O</ner>
          </token>
          <token id="58">
            <word>transportation</word>
            <lemma>transportation</lemma>
            <CharacterOffsetBegin>1212</CharacterOffsetBegin>
            <CharacterOffsetEnd>1226</CharacterOffsetEnd>
            <POS>NN</POS>
            <deprel>conj</deprel>
            <depreal_head_id>56</depreal_head_id>
            <depreal_head_text>consolidation</depreal_head_text>
            <ner>O</ner>
          </token>
          <token id="59">
            <word>and</word>
            <lemma>and</lemma>
            <CharacterOffsetBegin>1227</CharacterOffsetBegin>
            <CharacterOffsetEnd>1230</CharacterOffsetEnd>
            <POS>CC</POS>
            <deprel>cc</deprel>
            <depreal_head_id>60</depreal_head_id>
            <depreal_head_text>delivery</depreal_head_text>
            <ner>O</ner>
          </token>
          <token id="60">
            <word>delivery</word>
            <lemma>delivery</lemma>
            <CharacterOffsetBegin>1231</CharacterOffsetBegin>
            <CharacterOffsetEnd>1239</CharacterOffsetEnd>
            <POS>NN</POS>
            <deprel>conj</deprel>
            <depreal_head_id>58</depreal_head_id>
            <depreal_head_text>transportation</depreal_head_text>
            <ner>O</ner>
          </token>
          <token id="61">
            <word>.</word>
            <lemma>.</lemma>
            <CharacterOffsetBegin>1239</CharacterOffsetBegin>
            <CharacterOffsetEnd>1240</CharacterOffsetEnd>
            <POS>.</POS>
            <deprel>punct</deprel>
            <depreal_head_id>20</depreal_head_id>
            <depreal_head_text>says</depreal_head_text>
            <ner>O</ner>
          </token>
        </tokens>
      </sentence>
    </sentences>
  </document>
</root>
