<root>
  <document>
    <sentences>
      <sentence section="title" type="title" id="1">
        <tokens>
          <token id="1">
            <word>K+N</word>
            <lemma>K+N</lemma>
            <CharacterOffsetBegin>0</CharacterOffsetBegin>
            <CharacterOffsetEnd>3</CharacterOffsetEnd>
            <POS>NNP</POS>
            <deprel>nmod:poss</deprel>
            <depreal_head_id>5</depreal_head_id>
            <depreal_head_text>centre</depreal_head_text>
            <ner>S-ORG</ner>
          </token>
          <token id="2">
            <word>'s</word>
            <lemma>'s</lemma>
            <CharacterOffsetBegin>3</CharacterOffsetBegin>
            <CharacterOffsetEnd>5</CharacterOffsetEnd>
            <POS>POS</POS>
            <deprel>case</deprel>
            <depreal_head_id>1</depreal_head_id>
            <depreal_head_text>K+N</depreal_head_text>
            <ner>O</ner>
          </token>
          <token id="3">
            <word>new</word>
            <lemma>new</lemma>
            <CharacterOffsetBegin>6</CharacterOffsetBegin>
            <CharacterOffsetEnd>9</CharacterOffsetEnd>
            <POS>JJ</POS>
            <deprel>amod</deprel>
            <depreal_head_id>5</depreal_head_id>
            <depreal_head_text>centre</depreal_head_text>
            <ner>O</ner>
          </token>
          <token id="4">
            <word>Changi</word>
            <lemma>Changi</lemma>
            <CharacterOffsetBegin>10</CharacterOffsetBegin>
            <CharacterOffsetEnd>16</CharacterOffsetEnd>
            <POS>NNP</POS>
            <deprel>root</deprel>
            <depreal_head_id>0</depreal_head_id>
            <depreal_head_text>root</depreal_head_text>
            <ner>S-GPE</ner>
          </token>
          <token id="5">
            <word>centre</word>
            <lemma>centre</lemma>
            <CharacterOffsetBegin>17</CharacterOffsetBegin>
            <CharacterOffsetEnd>23</CharacterOffsetEnd>
            <POS>NN</POS>
            <deprel>flat</deprel>
            <depreal_head_id>4</depreal_head_id>
            <depreal_head_text>Changi</depreal_head_text>
            <ner>O</ner>
          </token>
          <token id="6">
            <word>to</word>
            <lemma>to</lemma>
            <CharacterOffsetBegin>24</CharacterOffsetBegin>
            <CharacterOffsetEnd>26</CharacterOffsetEnd>
            <POS>TO</POS>
            <deprel>case</deprel>
            <depreal_head_id>8</depreal_head_id>
            <depreal_head_text>airfreight</depreal_head_text>
            <ner>O</ner>
          </token>
          <token id="7">
            <word>speed</word>
            <lemma>speed</lemma>
            <CharacterOffsetBegin>27</CharacterOffsetBegin>
            <CharacterOffsetEnd>32</CharacterOffsetEnd>
            <POS>NN</POS>
            <deprel>compound</deprel>
            <depreal_head_id>8</depreal_head_id>
            <depreal_head_text>airfreight</depreal_head_text>
            <ner>O</ner>
          </token>
          <token id="8">
            <word>airfreight</word>
            <lemma>airfreight</lemma>
            <CharacterOffsetBegin>33</CharacterOffsetBegin>
            <CharacterOffsetEnd>43</CharacterOffsetEnd>
            <POS>NN</POS>
            <deprel>nmod</deprel>
            <depreal_head_id>5</depreal_head_id>
            <depreal_head_text>centre</depreal_head_text>
            <ner>O</ner>
          </token>
          <token id="9">
            <word>processing</word>
            <lemma>processing</lemma>
            <CharacterOffsetBegin>44</CharacterOffsetBegin>
            <CharacterOffsetEnd>54</CharacterOffsetEnd>
            <POS>NN</POS>
            <deprel>punct</deprel>
            <depreal_head_id>5</depreal_head_id>
            <depreal_head_text>centre</depreal_head_text>
            <ner>O</ner>
          </token>
        </tokens>
      </sentence>
      <sentence section="content" type="bodyText" id="2">
        <tokens>
          <token id="1">
            <word>Kuehne</word>
            <lemma>Kuehne</lemma>
            <CharacterOffsetBegin>55</CharacterOffsetBegin>
            <CharacterOffsetEnd>61</CharacterOffsetEnd>
            <POS>NNP</POS>
            <deprel>nsubj</deprel>
            <depreal_head_id>8</depreal_head_id>
            <depreal_head_text>opened</depreal_head_text>
            <ner>B-ORG</ner>
          </token>
          <token id="2">
            <word>+</word>
            <lemma>+</lemma>
            <CharacterOffsetBegin>62</CharacterOffsetBegin>
            <CharacterOffsetEnd>63</CharacterOffsetEnd>
            <POS>SYM</POS>
            <deprel>punct</deprel>
            <depreal_head_id>1</depreal_head_id>
            <depreal_head_text>Kuehne</depreal_head_text>
            <ner>I-ORG</ner>
          </token>
          <token id="3">
            <word>Nagel</word>
            <lemma>Nagel</lemma>
            <CharacterOffsetBegin>64</CharacterOffsetBegin>
            <CharacterOffsetEnd>69</CharacterOffsetEnd>
            <POS>NNP</POS>
            <deprel>nmod</deprel>
            <depreal_head_id>1</depreal_head_id>
            <depreal_head_text>Kuehne</depreal_head_text>
            <ner>I-ORG</ner>
          </token>
          <token id="4">
            <word>(</word>
            <lemma>(</lemma>
            <CharacterOffsetBegin>70</CharacterOffsetBegin>
            <CharacterOffsetEnd>71</CharacterOffsetEnd>
            <POS>-LRB-</POS>
            <deprel>punct</deprel>
            <depreal_head_id>5</depreal_head_id>
            <depreal_head_text>K+N</depreal_head_text>
            <ner>I-ORG</ner>
          </token>
          <token id="5">
            <word>K+N</word>
            <lemma>K+N</lemma>
            <CharacterOffsetBegin>71</CharacterOffsetBegin>
            <CharacterOffsetEnd>74</CharacterOffsetEnd>
            <POS>NNP</POS>
            <deprel>appos</deprel>
            <depreal_head_id>1</depreal_head_id>
            <depreal_head_text>Kuehne</depreal_head_text>
            <ner>I-ORG</ner>
          </token>
          <token id="6">
            <word>)</word>
            <lemma>)</lemma>
            <CharacterOffsetBegin>74</CharacterOffsetBegin>
            <CharacterOffsetEnd>75</CharacterOffsetEnd>
            <POS>-RRB-</POS>
            <deprel>punct</deprel>
            <depreal_head_id>5</depreal_head_id>
            <depreal_head_text>K+N</depreal_head_text>
            <ner>E-ORG</ner>
          </token>
          <token id="7">
            <word>has</word>
            <lemma>have</lemma>
            <CharacterOffsetBegin>76</CharacterOffsetBegin>
            <CharacterOffsetEnd>79</CharacterOffsetEnd>
            <POS>VBZ</POS>
            <deprel>aux</deprel>
            <depreal_head_id>8</depreal_head_id>
            <depreal_head_text>opened</depreal_head_text>
            <ner>O</ner>
          </token>
          <token id="8">
            <word>opened</word>
            <lemma>opened</lemma>
            <CharacterOffsetBegin>80</CharacterOffsetBegin>
            <CharacterOffsetEnd>86</CharacterOffsetEnd>
            <POS>VBN</POS>
            <deprel>compound:prt</deprel>
            <depreal_head_id>37</depreal_head_id>
            <depreal_head_text>located</depreal_head_text>
            <ner>O</ner>
          </token>
          <token id="9">
            <word>a</word>
            <lemma>a</lemma>
            <CharacterOffsetBegin>87</CharacterOffsetBegin>
            <CharacterOffsetEnd>88</CharacterOffsetEnd>
            <POS>DT</POS>
            <deprel>det</deprel>
            <depreal_head_id>12</depreal_head_id>
            <depreal_head_text>hub</depreal_head_text>
            <ner>O</ner>
          </token>
          <token id="10">
            <word>new</word>
            <lemma>new</lemma>
            <CharacterOffsetBegin>89</CharacterOffsetBegin>
            <CharacterOffsetEnd>92</CharacterOffsetEnd>
            <POS>JJ</POS>
            <deprel>amod</deprel>
            <depreal_head_id>12</depreal_head_id>
            <depreal_head_text>hub</depreal_head_text>
            <ner>O</ner>
          </token>
          <token id="11">
            <word>airfreight</word>
            <lemma>airfreight</lemma>
            <CharacterOffsetBegin>93</CharacterOffsetBegin>
            <CharacterOffsetEnd>103</CharacterOffsetEnd>
            <POS>NN</POS>
            <deprel>compound</deprel>
            <depreal_head_id>12</depreal_head_id>
            <depreal_head_text>hub</depreal_head_text>
            <ner>O</ner>
          </token>
          <token id="12">
            <word>hub</word>
            <lemma>hub</lemma>
            <CharacterOffsetBegin>104</CharacterOffsetBegin>
            <CharacterOffsetEnd>107</CharacterOffsetEnd>
            <POS>NN</POS>
            <deprel>obj</deprel>
            <depreal_head_id>8</depreal_head_id>
            <depreal_head_text>opened</depreal_head_text>
            <ner>O</ner>
          </token>
          <token id="13">
            <word>in</word>
            <lemma>in</lemma>
            <CharacterOffsetBegin>108</CharacterOffsetBegin>
            <CharacterOffsetEnd>110</CharacterOffsetEnd>
            <POS>IN</POS>
            <deprel>case</deprel>
            <depreal_head_id>14</depreal_head_id>
            <depreal_head_text>Singapore</depreal_head_text>
            <ner>O</ner>
          </token>
          <token id="14">
            <word>Singapore</word>
            <lemma>Singapore</lemma>
            <CharacterOffsetBegin>111</CharacterOffsetBegin>
            <CharacterOffsetEnd>120</CharacterOffsetEnd>
            <POS>NNP</POS>
            <deprel>nmod</deprel>
            <depreal_head_id>12</depreal_head_id>
            <depreal_head_text>hub</depreal_head_text>
            <ner>S-GPE</ner>
          </token>
          <token id="15">
            <word>to</word>
            <lemma>to</lemma>
            <CharacterOffsetBegin>121</CharacterOffsetBegin>
            <CharacterOffsetEnd>123</CharacterOffsetEnd>
            <POS>TO</POS>
            <deprel>mark</deprel>
            <depreal_head_id>16</depreal_head_id>
            <depreal_head_text>consolidate</depreal_head_text>
            <ner>O</ner>
          </token>
          <token id="16">
            <word>consolidate</word>
            <lemma>consolidate</lemma>
            <CharacterOffsetBegin>124</CharacterOffsetBegin>
            <CharacterOffsetEnd>135</CharacterOffsetEnd>
            <POS>VB</POS>
            <deprel>advcl</deprel>
            <depreal_head_id>8</depreal_head_id>
            <depreal_head_text>opened</depreal_head_text>
            <ner>O</ner>
          </token>
          <token id="17">
            <word>its</word>
            <lemma>it</lemma>
            <CharacterOffsetBegin>136</CharacterOffsetBegin>
            <CharacterOffsetEnd>139</CharacterOffsetEnd>
            <POS>PRP$</POS>
            <deprel>nmod:poss</deprel>
            <depreal_head_id>18</depreal_head_id>
            <depreal_head_text>activities</depreal_head_text>
            <ner>O</ner>
          </token>
          <token id="18">
            <word>activities</word>
            <lemma>activity</lemma>
            <CharacterOffsetBegin>140</CharacterOffsetBegin>
            <CharacterOffsetEnd>150</CharacterOffsetEnd>
            <POS>NNS</POS>
            <deprel>obj</deprel>
            <depreal_head_id>16</depreal_head_id>
            <depreal_head_text>consolidate</depreal_head_text>
            <ner>O</ner>
          </token>
          <token id="19">
            <word>for</word>
            <lemma>for</lemma>
            <CharacterOffsetBegin>151</CharacterOffsetBegin>
            <CharacterOffsetEnd>154</CharacterOffsetEnd>
            <POS>IN</POS>
            <deprel>case</deprel>
            <depreal_head_id>21</depreal_head_id>
            <depreal_head_text>sector</depreal_head_text>
            <ner>O</ner>
          </token>
          <token id="20">
            <word>the</word>
            <lemma>the</lemma>
            <CharacterOffsetBegin>155</CharacterOffsetBegin>
            <CharacterOffsetEnd>158</CharacterOffsetEnd>
            <POS>DT</POS>
            <deprel>det</deprel>
            <depreal_head_id>21</depreal_head_id>
            <depreal_head_text>sector</depreal_head_text>
            <ner>O</ner>
          </token>
          <token id="21">
            <word>sector</word>
            <lemma>sector</lemma>
            <CharacterOffsetBegin>159</CharacterOffsetBegin>
            <CharacterOffsetEnd>165</CharacterOffsetEnd>
            <POS>NN</POS>
            <deprel>obl</deprel>
            <depreal_head_id>16</depreal_head_id>
            <depreal_head_text>consolidate</depreal_head_text>
            <ner>O</ner>
          </token>
          <token id="22">
            <word>on</word>
            <lemma>on</lemma>
            <CharacterOffsetBegin>166</CharacterOffsetBegin>
            <CharacterOffsetEnd>168</CharacterOffsetEnd>
            <POS>IN</POS>
            <deprel>case</deprel>
            <depreal_head_id>24</depreal_head_id>
            <depreal_head_text>island</depreal_head_text>
            <ner>O</ner>
          </token>
          <token id="23">
            <word>the</word>
            <lemma>the</lemma>
            <CharacterOffsetBegin>169</CharacterOffsetBegin>
            <CharacterOffsetEnd>172</CharacterOffsetEnd>
            <POS>DT</POS>
            <deprel>det</deprel>
            <depreal_head_id>24</depreal_head_id>
            <depreal_head_text>island</depreal_head_text>
            <ner>O</ner>
          </token>
          <token id="24">
            <word>island</word>
            <lemma>island</lemma>
            <CharacterOffsetBegin>173</CharacterOffsetBegin>
            <CharacterOffsetEnd>179</CharacterOffsetEnd>
            <POS>NN</POS>
            <deprel>nmod</deprel>
            <depreal_head_id>21</depreal_head_id>
            <depreal_head_text>sector</depreal_head_text>
            <ner>O</ner>
          </token>
          <token id="25">
            <word>.</word>
            <lemma>.</lemma>
            <CharacterOffsetBegin>179</CharacterOffsetBegin>
            <CharacterOffsetEnd>180</CharacterOffsetEnd>
            <POS>.</POS>
            <deprel>punct</deprel>
            <depreal_head_id>8</depreal_head_id>
            <depreal_head_text>opened</depreal_head_text>
            <ner>O</ner>
          </token>
          <token id="26">
            <word>The</word>
            <lemma>the</lemma>
            <CharacterOffsetBegin>181</CharacterOffsetBegin>
            <CharacterOffsetEnd>184</CharacterOffsetEnd>
            <POS>DT</POS>
            <deprel>det</deprel>
            <depreal_head_id>35</depreal_head_id>
            <depreal_head_text>centre</depreal_head_text>
            <ner>O</ner>
          </token>
          <token id="27">
            <word>Switzerland-headquartered</word>
            <lemma>Switzerland-headquartered</lemma>
            <CharacterOffsetBegin>185</CharacterOffsetBegin>
            <CharacterOffsetEnd>210</CharacterOffsetEnd>
            <POS>NNP</POS>
            <deprel>compound</deprel>
            <depreal_head_id>28</depreal_head_id>
            <depreal_head_text>forwarder</depreal_head_text>
            <ner>O</ner>
          </token>
          <token id="28">
            <word>forwarder</word>
            <lemma>forwarder</lemma>
            <CharacterOffsetBegin>211</CharacterOffsetBegin>
            <CharacterOffsetEnd>220</CharacterOffsetEnd>
            <POS>NN</POS>
            <deprel>nmod:poss</deprel>
            <depreal_head_id>35</depreal_head_id>
            <depreal_head_text>centre</depreal_head_text>
            <ner>O</ner>
          </token>
          <token id="29">
            <word>'s</word>
            <lemma>'s</lemma>
            <CharacterOffsetBegin>220</CharacterOffsetBegin>
            <CharacterOffsetEnd>222</CharacterOffsetEnd>
            <POS>POS</POS>
            <deprel>case</deprel>
            <depreal_head_id>28</depreal_head_id>
            <depreal_head_text>forwarder</depreal_head_text>
            <ner>O</ner>
          </token>
          <token id="30">
            <word>new</word>
            <lemma>new</lemma>
            <CharacterOffsetBegin>223</CharacterOffsetBegin>
            <CharacterOffsetEnd>226</CharacterOffsetEnd>
            <POS>JJ</POS>
            <deprel>amod</deprel>
            <depreal_head_id>35</depreal_head_id>
            <depreal_head_text>centre</depreal_head_text>
            <ner>O</ner>
          </token>
          <token id="31">
            <word>5,200</word>
            <lemma>5,200</lemma>
            <CharacterOffsetBegin>227</CharacterOffsetBegin>
            <CharacterOffsetEnd>232</CharacterOffsetEnd>
            <POS>CD</POS>
            <deprel>nummod</deprel>
            <depreal_head_id>35</depreal_head_id>
            <depreal_head_text>centre</depreal_head_text>
            <ner>B-QUANTITY</ner>
          </token>
          <token id="32">
            <word>sq</word>
            <lemma>sq</lemma>
            <CharacterOffsetBegin>233</CharacterOffsetBegin>
            <CharacterOffsetEnd>235</CharacterOffsetEnd>
            <POS>NN</POS>
            <deprel>compound</deprel>
            <depreal_head_id>35</depreal_head_id>
            <depreal_head_text>centre</depreal_head_text>
            <ner>I-QUANTITY</ner>
          </token>
          <token id="33">
            <word>m</word>
            <lemma>m</lemma>
            <CharacterOffsetBegin>236</CharacterOffsetBegin>
            <CharacterOffsetEnd>237</CharacterOffsetEnd>
            <POS>NN</POS>
            <deprel>nummod</deprel>
            <depreal_head_id>32</depreal_head_id>
            <depreal_head_text>sq</depreal_head_text>
            <ner>E-QUANTITY</ner>
          </token>
          <token id="34">
            <word>airfreight</word>
            <lemma>airfreight</lemma>
            <CharacterOffsetBegin>238</CharacterOffsetBegin>
            <CharacterOffsetEnd>248</CharacterOffsetEnd>
            <POS>NN</POS>
            <deprel>nummod</deprel>
            <depreal_head_id>32</depreal_head_id>
            <depreal_head_text>sq</depreal_head_text>
            <ner>O</ner>
          </token>
          <token id="35">
            <word>centre</word>
            <lemma>centre</lemma>
            <CharacterOffsetBegin>249</CharacterOffsetBegin>
            <CharacterOffsetEnd>255</CharacterOffsetEnd>
            <POS>NN</POS>
            <deprel>nsubj:pass</deprel>
            <depreal_head_id>37</depreal_head_id>
            <depreal_head_text>located</depreal_head_text>
            <ner>O</ner>
          </token>
          <token id="36">
            <word>is</word>
            <lemma>be</lemma>
            <CharacterOffsetBegin>256</CharacterOffsetBegin>
            <CharacterOffsetEnd>258</CharacterOffsetEnd>
            <POS>VBZ</POS>
            <deprel>aux</deprel>
            <depreal_head_id>37</depreal_head_id>
            <depreal_head_text>located</depreal_head_text>
            <ner>O</ner>
          </token>
          <token id="37">
            <word>located</word>
            <lemma>locate</lemma>
            <CharacterOffsetBegin>259</CharacterOffsetBegin>
            <CharacterOffsetEnd>266</CharacterOffsetEnd>
            <POS>VBN</POS>
            <deprel>root</deprel>
            <depreal_head_id>0</depreal_head_id>
            <depreal_head_text>root</depreal_head_text>
            <ner>O</ner>
          </token>
          <token id="38">
            <word>within</word>
            <lemma>within</lemma>
            <CharacterOffsetBegin>267</CharacterOffsetBegin>
            <CharacterOffsetEnd>273</CharacterOffsetEnd>
            <POS>IN</POS>
            <deprel>case</deprel>
            <depreal_head_id>43</depreal_head_id>
            <depreal_head_text>park</depreal_head_text>
            <ner>O</ner>
          </token>
          <token id="39">
            <word>the</word>
            <lemma>the</lemma>
            <CharacterOffsetBegin>274</CharacterOffsetBegin>
            <CharacterOffsetEnd>277</CharacterOffsetEnd>
            <POS>DT</POS>
            <deprel>det</deprel>
            <depreal_head_id>43</depreal_head_id>
            <depreal_head_text>park</depreal_head_text>
            <ner>O</ner>
          </token>
          <token id="40">
            <word>Changi</word>
            <lemma>Changi</lemma>
            <CharacterOffsetBegin>278</CharacterOffsetBegin>
            <CharacterOffsetEnd>284</CharacterOffsetEnd>
            <POS>NNP</POS>
            <deprel>compound</deprel>
            <depreal_head_id>43</depreal_head_id>
            <depreal_head_text>park</depreal_head_text>
            <ner>B-FAC</ner>
          </token>
          <token id="41">
            <word>Airport</word>
            <lemma>Airport</lemma>
            <CharacterOffsetBegin>285</CharacterOffsetBegin>
            <CharacterOffsetEnd>292</CharacterOffsetEnd>
            <POS>NNP</POS>
            <deprel>flat</deprel>
            <depreal_head_id>40</depreal_head_id>
            <depreal_head_text>Changi</depreal_head_text>
            <ner>E-FAC</ner>
          </token>
          <token id="42">
            <word>logistics</word>
            <lemma>logistics</lemma>
            <CharacterOffsetBegin>293</CharacterOffsetBegin>
            <CharacterOffsetEnd>302</CharacterOffsetEnd>
            <POS>NN</POS>
            <deprel>flat</deprel>
            <depreal_head_id>40</depreal_head_id>
            <depreal_head_text>Changi</depreal_head_text>
            <ner>O</ner>
          </token>
          <token id="43">
            <word>park</word>
            <lemma>park</lemma>
            <CharacterOffsetBegin>303</CharacterOffsetBegin>
            <CharacterOffsetEnd>307</CharacterOffsetEnd>
            <POS>NN</POS>
            <deprel>obl</deprel>
            <depreal_head_id>37</depreal_head_id>
            <depreal_head_text>located</depreal_head_text>
            <ner>O</ner>
          </token>
          <token id="44">
            <word>and</word>
            <lemma>and</lemma>
            <CharacterOffsetBegin>308</CharacterOffsetBegin>
            <CharacterOffsetEnd>311</CharacterOffsetEnd>
            <POS>CC</POS>
            <deprel>cc</deprel>
            <depreal_head_id>45</depreal_head_id>
            <depreal_head_text>consolidates</depreal_head_text>
            <ner>O</ner>
          </token>
          <token id="45">
            <word>consolidates</word>
            <lemma>consolidate</lemma>
            <CharacterOffsetBegin>312</CharacterOffsetBegin>
            <CharacterOffsetEnd>324</CharacterOffsetEnd>
            <POS>VBZ</POS>
            <deprel>conj</deprel>
            <depreal_head_id>43</depreal_head_id>
            <depreal_head_text>park</depreal_head_text>
            <ner>O</ner>
          </token>
          <token id="46">
            <word>warehousing</word>
            <lemma>warehouse</lemma>
            <CharacterOffsetBegin>325</CharacterOffsetBegin>
            <CharacterOffsetEnd>336</CharacterOffsetEnd>
            <POS>VBG</POS>
            <deprel>xcomp</deprel>
            <depreal_head_id>45</depreal_head_id>
            <depreal_head_text>consolidates</depreal_head_text>
            <ner>O</ner>
          </token>
          <token id="47">
            <word>,</word>
            <lemma>,</lemma>
            <CharacterOffsetBegin>336</CharacterOffsetBegin>
            <CharacterOffsetEnd>337</CharacterOffsetEnd>
            <POS>,</POS>
            <deprel>punct</deprel>
            <depreal_head_id>52</depreal_head_id>
            <depreal_head_text>activities</depreal_head_text>
            <ner>O</ner>
          </token>
          <token id="48">
            <word>administrative</word>
            <lemma>administrative</lemma>
            <CharacterOffsetBegin>338</CharacterOffsetBegin>
            <CharacterOffsetEnd>352</CharacterOffsetEnd>
            <POS>JJ</POS>
            <deprel>amod</deprel>
            <depreal_head_id>52</depreal_head_id>
            <depreal_head_text>activities</depreal_head_text>
            <ner>O</ner>
          </token>
          <token id="49">
            <word>and</word>
            <lemma>and</lemma>
            <CharacterOffsetBegin>353</CharacterOffsetBegin>
            <CharacterOffsetEnd>356</CharacterOffsetEnd>
            <POS>CC</POS>
            <deprel>cc</deprel>
            <depreal_head_id>50</depreal_head_id>
            <depreal_head_text>aviation</depreal_head_text>
            <ner>O</ner>
          </token>
          <token id="50">
            <word>aviation</word>
            <lemma>aviation</lemma>
            <CharacterOffsetBegin>357</CharacterOffsetBegin>
            <CharacterOffsetEnd>365</CharacterOffsetEnd>
            <POS>NN</POS>
            <deprel>conj</deprel>
            <depreal_head_id>48</depreal_head_id>
            <depreal_head_text>administrative</depreal_head_text>
            <ner>O</ner>
          </token>
          <token id="51">
            <word>logistics</word>
            <lemma>logistics</lemma>
            <CharacterOffsetBegin>366</CharacterOffsetBegin>
            <CharacterOffsetEnd>375</CharacterOffsetEnd>
            <POS>NNS</POS>
            <deprel>compound</deprel>
            <depreal_head_id>52</depreal_head_id>
            <depreal_head_text>activities</depreal_head_text>
            <ner>O</ner>
          </token>
          <token id="52">
            <word>activities</word>
            <lemma>activity</lemma>
            <CharacterOffsetBegin>376</CharacterOffsetBegin>
            <CharacterOffsetEnd>386</CharacterOffsetEnd>
            <POS>NNS</POS>
            <deprel>obj</deprel>
            <depreal_head_id>45</depreal_head_id>
            <depreal_head_text>consolidates</depreal_head_text>
            <ner>O</ner>
          </token>
          <token id="53">
            <word>previously</word>
            <lemma>previously</lemma>
            <CharacterOffsetBegin>387</CharacterOffsetBegin>
            <CharacterOffsetEnd>397</CharacterOffsetEnd>
            <POS>RB</POS>
            <deprel>advmod</deprel>
            <depreal_head_id>54</depreal_head_id>
            <depreal_head_text>located</depreal_head_text>
            <ner>O</ner>
          </token>
          <token id="54">
            <word>located</word>
            <lemma>locate</lemma>
            <CharacterOffsetBegin>398</CharacterOffsetBegin>
            <CharacterOffsetEnd>405</CharacterOffsetEnd>
            <POS>VBN</POS>
            <deprel>acl</deprel>
            <depreal_head_id>52</depreal_head_id>
            <depreal_head_text>activities</depreal_head_text>
            <ner>O</ner>
          </token>
          <token id="55">
            <word>at</word>
            <lemma>at</lemma>
            <CharacterOffsetBegin>406</CharacterOffsetBegin>
            <CharacterOffsetEnd>408</CharacterOffsetEnd>
            <POS>IN</POS>
            <deprel>case</deprel>
            <depreal_head_id>58</depreal_head_id>
            <depreal_head_text>places</depreal_head_text>
            <ner>O</ner>
          </token>
          <token id="56">
            <word>three</word>
            <lemma>three</lemma>
            <CharacterOffsetBegin>409</CharacterOffsetBegin>
            <CharacterOffsetEnd>414</CharacterOffsetEnd>
            <POS>CD</POS>
            <deprel>nummod</deprel>
            <depreal_head_id>58</depreal_head_id>
            <depreal_head_text>places</depreal_head_text>
            <ner>S-CARDINAL</ner>
          </token>
          <token id="57">
            <word>different</word>
            <lemma>different</lemma>
            <CharacterOffsetBegin>415</CharacterOffsetBegin>
            <CharacterOffsetEnd>424</CharacterOffsetEnd>
            <POS>JJ</POS>
            <deprel>amod</deprel>
            <depreal_head_id>58</depreal_head_id>
            <depreal_head_text>places</depreal_head_text>
            <ner>O</ner>
          </token>
          <token id="58">
            <word>places</word>
            <lemma>place</lemma>
            <CharacterOffsetBegin>425</CharacterOffsetBegin>
            <CharacterOffsetEnd>431</CharacterOffsetEnd>
            <POS>NNS</POS>
            <deprel>obl</deprel>
            <depreal_head_id>54</depreal_head_id>
            <depreal_head_text>located</depreal_head_text>
            <ner>O</ner>
          </token>
          <token id="59">
            <word>.</word>
            <lemma>.</lemma>
            <CharacterOffsetBegin>431</CharacterOffsetBegin>
            <CharacterOffsetEnd>432</CharacterOffsetEnd>
            <POS>.</POS>
            <deprel>punct</deprel>
            <depreal_head_id>54</depreal_head_id>
            <depreal_head_text>located</depreal_head_text>
            <ner>O</ner>
          </token>
          <token id="60">
            <word>The</word>
            <lemma>the</lemma>
            <CharacterOffsetBegin>433</CharacterOffsetBegin>
            <CharacterOffsetEnd>436</CharacterOffsetEnd>
            <POS>DT</POS>
            <deprel>det</deprel>
            <depreal_head_id>61</depreal_head_id>
            <depreal_head_text>move</depreal_head_text>
            <ner>O</ner>
          </token>
          <token id="61">
            <word>move</word>
            <lemma>move</lemma>
            <CharacterOffsetBegin>437</CharacterOffsetBegin>
            <CharacterOffsetEnd>441</CharacterOffsetEnd>
            <POS>NN</POS>
            <deprel>nsubj</deprel>
            <depreal_head_id>63</depreal_head_id>
            <depreal_head_text>create</depreal_head_text>
            <ner>O</ner>
          </token>
          <token id="62">
            <word>will</word>
            <lemma>will</lemma>
            <CharacterOffsetBegin>442</CharacterOffsetBegin>
            <CharacterOffsetEnd>446</CharacterOffsetEnd>
            <POS>MD</POS>
            <deprel>aux</deprel>
            <depreal_head_id>63</depreal_head_id>
            <depreal_head_text>create</depreal_head_text>
            <ner>O</ner>
          </token>
          <token id="63">
            <word>create</word>
            <lemma>create</lemma>
            <CharacterOffsetBegin>447</CharacterOffsetBegin>
            <CharacterOffsetEnd>453</CharacterOffsetEnd>
            <POS>VB</POS>
            <deprel>advcl</deprel>
            <depreal_head_id>37</depreal_head_id>
            <depreal_head_text>located</depreal_head_text>
            <ner>O</ner>
          </token>
          <token id="64">
            <word>operational</word>
            <lemma>operational</lemma>
            <CharacterOffsetBegin>454</CharacterOffsetBegin>
            <CharacterOffsetEnd>465</CharacterOffsetEnd>
            <POS>JJ</POS>
            <deprel>amod</deprel>
            <depreal_head_id>65</depreal_head_id>
            <depreal_head_text>synergies</depreal_head_text>
            <ner>O</ner>
          </token>
          <token id="65">
            <word>synergies</word>
            <lemma>synergy</lemma>
            <CharacterOffsetBegin>466</CharacterOffsetBegin>
            <CharacterOffsetEnd>475</CharacterOffsetEnd>
            <POS>NNS</POS>
            <deprel>obj</deprel>
            <depreal_head_id>63</depreal_head_id>
            <depreal_head_text>create</depreal_head_text>
            <ner>O</ner>
          </token>
          <token id="66">
            <word>and</word>
            <lemma>and</lemma>
            <CharacterOffsetBegin>476</CharacterOffsetBegin>
            <CharacterOffsetEnd>479</CharacterOffsetEnd>
            <POS>CC</POS>
            <deprel>cc</deprel>
            <depreal_head_id>67</depreal_head_id>
            <depreal_head_text>improve</depreal_head_text>
            <ner>O</ner>
          </token>
          <token id="67">
            <word>improve</word>
            <lemma>improve</lemma>
            <CharacterOffsetBegin>480</CharacterOffsetBegin>
            <CharacterOffsetEnd>487</CharacterOffsetEnd>
            <POS>VB</POS>
            <deprel>conj</deprel>
            <depreal_head_id>63</depreal_head_id>
            <depreal_head_text>create</depreal_head_text>
            <ner>O</ner>
          </token>
          <token id="68">
            <word>cargo</word>
            <lemma>cargo</lemma>
            <CharacterOffsetBegin>488</CharacterOffsetBegin>
            <CharacterOffsetEnd>493</CharacterOffsetEnd>
            <POS>NN</POS>
            <deprel>compound</deprel>
            <depreal_head_id>70</depreal_head_id>
            <depreal_head_text>speed</depreal_head_text>
            <ner>O</ner>
          </token>
          <token id="69">
            <word>turnaround</word>
            <lemma>turnaround</lemma>
            <CharacterOffsetBegin>494</CharacterOffsetBegin>
            <CharacterOffsetEnd>504</CharacterOffsetEnd>
            <POS>NN</POS>
            <deprel>compound</deprel>
            <depreal_head_id>70</depreal_head_id>
            <depreal_head_text>speed</depreal_head_text>
            <ner>O</ner>
          </token>
          <token id="70">
            <word>speed</word>
            <lemma>speed</lemma>
            <CharacterOffsetBegin>505</CharacterOffsetBegin>
            <CharacterOffsetEnd>510</CharacterOffsetEnd>
            <POS>NN</POS>
            <deprel>obj</deprel>
            <depreal_head_id>67</depreal_head_id>
            <depreal_head_text>improve</depreal_head_text>
            <ner>O</ner>
          </token>
          <token id="71">
            <word>for</word>
            <lemma>for</lemma>
            <CharacterOffsetBegin>511</CharacterOffsetBegin>
            <CharacterOffsetEnd>514</CharacterOffsetEnd>
            <POS>IN</POS>
            <deprel>case</deprel>
            <depreal_head_id>73</depreal_head_id>
            <depreal_head_text>shipments</depreal_head_text>
            <ner>O</ner>
          </token>
          <token id="72">
            <word>time-critical</word>
            <lemma>time-critical</lemma>
            <CharacterOffsetBegin>515</CharacterOffsetBegin>
            <CharacterOffsetEnd>528</CharacterOffsetEnd>
            <POS>JJ</POS>
            <deprel>amod</deprel>
            <depreal_head_id>73</depreal_head_id>
            <depreal_head_text>shipments</depreal_head_text>
            <ner>O</ner>
          </token>
          <token id="73">
            <word>shipments</word>
            <lemma>shipment</lemma>
            <CharacterOffsetBegin>529</CharacterOffsetBegin>
            <CharacterOffsetEnd>538</CharacterOffsetEnd>
            <POS>NNS</POS>
            <deprel>nmod</deprel>
            <depreal_head_id>70</depreal_head_id>
            <depreal_head_text>speed</depreal_head_text>
            <ner>O</ner>
          </token>
          <token id="74">
            <word>,</word>
            <lemma>,</lemma>
            <CharacterOffsetBegin>538</CharacterOffsetBegin>
            <CharacterOffsetEnd>539</CharacterOffsetEnd>
            <POS>,</POS>
            <deprel>punct</deprel>
            <depreal_head_id>77</depreal_head_id>
            <depreal_head_text>said</depreal_head_text>
            <ner>O</ner>
          </token>
          <token id="75">
            <word>the</word>
            <lemma>the</lemma>
            <CharacterOffsetBegin>540</CharacterOffsetBegin>
            <CharacterOffsetEnd>543</CharacterOffsetEnd>
            <POS>DT</POS>
            <deprel>det</deprel>
            <depreal_head_id>76</depreal_head_id>
            <depreal_head_text>forwarder</depreal_head_text>
            <ner>O</ner>
          </token>
          <token id="76">
            <word>forwarder</word>
            <lemma>forwarder</lemma>
            <CharacterOffsetBegin>544</CharacterOffsetBegin>
            <CharacterOffsetEnd>553</CharacterOffsetEnd>
            <POS>NN</POS>
            <deprel>nsubj</deprel>
            <depreal_head_id>77</depreal_head_id>
            <depreal_head_text>said</depreal_head_text>
            <ner>O</ner>
          </token>
          <token id="77">
            <word>said</word>
            <lemma>say</lemma>
            <CharacterOffsetBegin>554</CharacterOffsetBegin>
            <CharacterOffsetEnd>558</CharacterOffsetEnd>
            <POS>VBD</POS>
            <deprel>advcl</deprel>
            <depreal_head_id>63</depreal_head_id>
            <depreal_head_text>create</depreal_head_text>
            <ner>O</ner>
          </token>
          <token id="78">
            <word>.</word>
            <lemma>.</lemma>
            <CharacterOffsetBegin>558</CharacterOffsetBegin>
            <CharacterOffsetEnd>559</CharacterOffsetEnd>
            <POS>.</POS>
            <deprel>punct</deprel>
            <depreal_head_id>77</depreal_head_id>
            <depreal_head_text>said</depreal_head_text>
            <ner>O</ner>
          </token>
          <token id="79">
            <word>Speaking</word>
            <lemma>speak</lemma>
            <CharacterOffsetBegin>560</CharacterOffsetBegin>
            <CharacterOffsetEnd>568</CharacterOffsetEnd>
            <POS>VBG</POS>
            <deprel>acl</deprel>
            <depreal_head_id>76</depreal_head_id>
            <depreal_head_text>forwarder</depreal_head_text>
            <ner>O</ner>
          </token>
          <token id="80">
            <word>at</word>
            <lemma>at</lemma>
            <CharacterOffsetBegin>569</CharacterOffsetBegin>
            <CharacterOffsetEnd>571</CharacterOffsetEnd>
            <POS>IN</POS>
            <deprel>case</deprel>
            <depreal_head_id>83</depreal_head_id>
            <depreal_head_text>ceremony</depreal_head_text>
            <ner>O</ner>
          </token>
          <token id="81">
            <word>the</word>
            <lemma>the</lemma>
            <CharacterOffsetBegin>572</CharacterOffsetBegin>
            <CharacterOffsetEnd>575</CharacterOffsetEnd>
            <POS>DT</POS>
            <deprel>det</deprel>
            <depreal_head_id>83</depreal_head_id>
            <depreal_head_text>ceremony</depreal_head_text>
            <ner>O</ner>
          </token>
          <token id="82">
            <word>opening</word>
            <lemma>open</lemma>
            <CharacterOffsetBegin>576</CharacterOffsetBegin>
            <CharacterOffsetEnd>583</CharacterOffsetEnd>
            <POS>NN</POS>
            <deprel>compound</deprel>
            <depreal_head_id>83</depreal_head_id>
            <depreal_head_text>ceremony</depreal_head_text>
            <ner>O</ner>
          </token>
          <token id="83">
            <word>ceremony</word>
            <lemma>ceremony</lemma>
            <CharacterOffsetBegin>584</CharacterOffsetBegin>
            <CharacterOffsetEnd>592</CharacterOffsetEnd>
            <POS>NN</POS>
            <deprel>obl</deprel>
            <depreal_head_id>79</depreal_head_id>
            <depreal_head_text>Speaking</depreal_head_text>
            <ner>O</ner>
          </token>
          <token id="84">
            <word>,</word>
            <lemma>,</lemma>
            <CharacterOffsetBegin>592</CharacterOffsetBegin>
            <CharacterOffsetEnd>593</CharacterOffsetEnd>
            <POS>,</POS>
            <deprel>punct</deprel>
            <depreal_head_id>85</depreal_head_id>
            <depreal_head_text>Jens</depreal_head_text>
            <ner>O</ner>
          </token>
          <token id="85">
            <word>Jens</word>
            <lemma>Jens</lemma>
            <CharacterOffsetBegin>594</CharacterOffsetBegin>
            <CharacterOffsetEnd>598</CharacterOffsetEnd>
            <POS>NNP</POS>
            <deprel>nmod</deprel>
            <depreal_head_id>83</depreal_head_id>
            <depreal_head_text>ceremony</depreal_head_text>
            <ner>B-PERSON</ner>
          </token>
          <token id="86">
            <word>Drewes</word>
            <lemma>Drewes</lemma>
            <CharacterOffsetBegin>599</CharacterOffsetBegin>
            <CharacterOffsetEnd>605</CharacterOffsetEnd>
            <POS>NNP</POS>
            <deprel>flat</deprel>
            <depreal_head_id>85</depreal_head_id>
            <depreal_head_text>Jens</depreal_head_text>
            <ner>E-PERSON</ner>
          </token>
          <token id="87">
            <word>,</word>
            <lemma>,</lemma>
            <CharacterOffsetBegin>605</CharacterOffsetBegin>
            <CharacterOffsetEnd>606</CharacterOffsetEnd>
            <POS>,</POS>
            <deprel>punct</deprel>
            <depreal_head_id>85</depreal_head_id>
            <depreal_head_text>Jens</depreal_head_text>
            <ner>O</ner>
          </token>
          <token id="88">
            <word>President</word>
            <lemma>president</lemma>
            <CharacterOffsetBegin>607</CharacterOffsetBegin>
            <CharacterOffsetEnd>616</CharacterOffsetEnd>
            <POS>NNP</POS>
            <deprel>nmod</deprel>
            <depreal_head_id>85</depreal_head_id>
            <depreal_head_text>Jens</depreal_head_text>
            <ner>O</ner>
          </token>
          <token id="89">
            <word>South</word>
            <lemma>South</lemma>
            <CharacterOffsetBegin>617</CharacterOffsetBegin>
            <CharacterOffsetEnd>622</CharacterOffsetEnd>
            <POS>NNP</POS>
            <deprel>nmod</deprel>
            <depreal_head_id>88</depreal_head_id>
            <depreal_head_text>President</depreal_head_text>
            <ner>B-ORG</ner>
          </token>
          <token id="90">
            <word>Asia</word>
            <lemma>Asia</lemma>
            <CharacterOffsetBegin>623</CharacterOffsetBegin>
            <CharacterOffsetEnd>627</CharacterOffsetEnd>
            <POS>NNP</POS>
            <deprel>flat</deprel>
            <depreal_head_id>88</depreal_head_id>
            <depreal_head_text>President</depreal_head_text>
            <ner>I-ORG</ner>
          </token>
          <token id="91">
            <word>Pacific</word>
            <lemma>Pacific</lemma>
            <CharacterOffsetBegin>628</CharacterOffsetBegin>
            <CharacterOffsetEnd>635</CharacterOffsetEnd>
            <POS>NNP</POS>
            <deprel>nmod</deprel>
            <depreal_head_id>88</depreal_head_id>
            <depreal_head_text>President</depreal_head_text>
            <ner>I-ORG</ner>
          </token>
          <token id="92">
            <word>of</word>
            <lemma>of</lemma>
            <CharacterOffsetBegin>636</CharacterOffsetBegin>
            <CharacterOffsetEnd>638</CharacterOffsetEnd>
            <POS>IN</POS>
            <deprel>case</deprel>
            <depreal_head_id>93</depreal_head_id>
            <depreal_head_text>K+N</depreal_head_text>
            <ner>I-ORG</ner>
          </token>
          <token id="93">
            <word>K+N</word>
            <lemma>K+N</lemma>
            <CharacterOffsetBegin>639</CharacterOffsetBegin>
            <CharacterOffsetEnd>642</CharacterOffsetEnd>
            <POS>NNP</POS>
            <deprel>nmod</deprel>
            <depreal_head_id>91</depreal_head_id>
            <depreal_head_text>Pacific</depreal_head_text>
            <ner>E-ORG</ner>
          </token>
          <token id="94">
            <word>,</word>
            <lemma>,</lemma>
            <CharacterOffsetBegin>642</CharacterOffsetBegin>
            <CharacterOffsetEnd>643</CharacterOffsetEnd>
            <POS>,</POS>
            <deprel>punct</deprel>
            <depreal_head_id>95</depreal_head_id>
            <depreal_head_text>said</depreal_head_text>
            <ner>O</ner>
          </token>
          <token id="95">
            <word>said</word>
            <lemma>say</lemma>
            <CharacterOffsetBegin>644</CharacterOffsetBegin>
            <CharacterOffsetEnd>648</CharacterOffsetEnd>
            <POS>VBD</POS>
            <deprel>acl:relcl</deprel>
            <depreal_head_id>85</depreal_head_id>
            <depreal_head_text>Jens</depreal_head_text>
            <ner>O</ner>
          </token>
          <token id="96">
            <word>:</word>
            <lemma>:</lemma>
            <CharacterOffsetBegin>648</CharacterOffsetBegin>
            <CharacterOffsetEnd>649</CharacterOffsetEnd>
            <POS>:</POS>
            <deprel>punct</deprel>
            <depreal_head_id>95</depreal_head_id>
            <depreal_head_text>said</depreal_head_text>
            <ner>O</ner>
          </token>
          <token id="97">
            <word>"</word>
            <lemma>&amp;quot;</lemma>
            <CharacterOffsetBegin>650</CharacterOffsetBegin>
            <CharacterOffsetEnd>651</CharacterOffsetEnd>
            <POS>``</POS>
            <deprel>punct</deprel>
            <depreal_head_id>101</depreal_head_id>
            <depreal_head_text>pivotal</depreal_head_text>
            <ner>O</ner>
          </token>
          <token id="98">
            <word>Singapore</word>
            <lemma>Singapore</lemma>
            <CharacterOffsetBegin>651</CharacterOffsetBegin>
            <CharacterOffsetEnd>660</CharacterOffsetEnd>
            <POS>NNP</POS>
            <deprel>nsubj</deprel>
            <depreal_head_id>101</depreal_head_id>
            <depreal_head_text>pivotal</depreal_head_text>
            <ner>S-GPE</ner>
          </token>
          <token id="99">
            <word>is</word>
            <lemma>be</lemma>
            <CharacterOffsetBegin>661</CharacterOffsetBegin>
            <CharacterOffsetEnd>663</CharacterOffsetEnd>
            <POS>VBZ</POS>
            <deprel>cop</deprel>
            <depreal_head_id>101</depreal_head_id>
            <depreal_head_text>pivotal</depreal_head_text>
            <ner>O</ner>
          </token>
          <token id="100">
            <word>geographically</word>
            <lemma>geographically</lemma>
            <CharacterOffsetBegin>664</CharacterOffsetBegin>
            <CharacterOffsetEnd>678</CharacterOffsetEnd>
            <POS>RB</POS>
            <deprel>advmod</deprel>
            <depreal_head_id>101</depreal_head_id>
            <depreal_head_text>pivotal</depreal_head_text>
            <ner>O</ner>
          </token>
          <token id="101">
            <word>pivotal</word>
            <lemma>pivotal</lemma>
            <CharacterOffsetBegin>679</CharacterOffsetBegin>
            <CharacterOffsetEnd>686</CharacterOffsetEnd>
            <POS>JJ</POS>
            <deprel>acl:relcl</deprel>
            <depreal_head_id>83</depreal_head_id>
            <depreal_head_text>ceremony</depreal_head_text>
            <ner>O</ner>
          </token>
          <token id="102">
            <word>to</word>
            <lemma>to</lemma>
            <CharacterOffsetBegin>687</CharacterOffsetBegin>
            <CharacterOffsetEnd>689</CharacterOffsetEnd>
            <POS>TO</POS>
            <deprel>case</deprel>
            <depreal_head_id>104</depreal_head_id>
            <depreal_head_text>trade</depreal_head_text>
            <ner>O</ner>
          </token>
          <token id="103">
            <word>regional</word>
            <lemma>regional</lemma>
            <CharacterOffsetBegin>690</CharacterOffsetBegin>
            <CharacterOffsetEnd>698</CharacterOffsetEnd>
            <POS>JJ</POS>
            <deprel>amod</deprel>
            <depreal_head_id>104</depreal_head_id>
            <depreal_head_text>trade</depreal_head_text>
            <ner>O</ner>
          </token>
          <token id="104">
            <word>trade</word>
            <lemma>trade</lemma>
            <CharacterOffsetBegin>699</CharacterOffsetBegin>
            <CharacterOffsetEnd>704</CharacterOffsetEnd>
            <POS>NN</POS>
            <deprel>nmod</deprel>
            <depreal_head_id>101</depreal_head_id>
            <depreal_head_text>pivotal</depreal_head_text>
            <ner>O</ner>
          </token>
          <token id="105">
            <word>and</word>
            <lemma>and</lemma>
            <CharacterOffsetBegin>705</CharacterOffsetBegin>
            <CharacterOffsetEnd>708</CharacterOffsetEnd>
            <POS>CC</POS>
            <deprel>cc</deprel>
            <depreal_head_id>109</depreal_head_id>
            <depreal_head_text>location</depreal_head_text>
            <ner>O</ner>
          </token>
          <token id="106">
            <word>a</word>
            <lemma>a</lemma>
            <CharacterOffsetBegin>709</CharacterOffsetBegin>
            <CharacterOffsetEnd>710</CharacterOffsetEnd>
            <POS>DT</POS>
            <deprel>det</deprel>
            <depreal_head_id>109</depreal_head_id>
            <depreal_head_text>location</depreal_head_text>
            <ner>O</ner>
          </token>
          <token id="107">
            <word>very</word>
            <lemma>very</lemma>
            <CharacterOffsetBegin>711</CharacterOffsetBegin>
            <CharacterOffsetEnd>715</CharacterOffsetEnd>
            <POS>RB</POS>
            <deprel>advmod</deprel>
            <depreal_head_id>108</depreal_head_id>
            <depreal_head_text>important</depreal_head_text>
            <ner>O</ner>
          </token>
          <token id="108">
            <word>important</word>
            <lemma>important</lemma>
            <CharacterOffsetBegin>716</CharacterOffsetBegin>
            <CharacterOffsetEnd>725</CharacterOffsetEnd>
            <POS>JJ</POS>
            <deprel>amod</deprel>
            <depreal_head_id>109</depreal_head_id>
            <depreal_head_text>location</depreal_head_text>
            <ner>O</ner>
          </token>
          <token id="109">
            <word>location</word>
            <lemma>location</lemma>
            <CharacterOffsetBegin>726</CharacterOffsetBegin>
            <CharacterOffsetEnd>734</CharacterOffsetEnd>
            <POS>NN</POS>
            <deprel>conj</deprel>
            <depreal_head_id>104</depreal_head_id>
            <depreal_head_text>trade</depreal_head_text>
            <ner>O</ner>
          </token>
          <token id="110">
            <word>for</word>
            <lemma>for</lemma>
            <CharacterOffsetBegin>735</CharacterOffsetBegin>
            <CharacterOffsetEnd>738</CharacterOffsetEnd>
            <POS>IN</POS>
            <deprel>case</deprel>
            <depreal_head_id>111</depreal_head_id>
            <depreal_head_text>K+N</depreal_head_text>
            <ner>O</ner>
          </token>
          <token id="111">
            <word>K+N</word>
            <lemma>K+N</lemma>
            <CharacterOffsetBegin>739</CharacterOffsetBegin>
            <CharacterOffsetEnd>742</CharacterOffsetEnd>
            <POS>NNP</POS>
            <deprel>nmod</deprel>
            <depreal_head_id>109</depreal_head_id>
            <depreal_head_text>location</depreal_head_text>
            <ner>S-ORG</ner>
          </token>
          <token id="112">
            <word>.</word>
            <lemma>.</lemma>
            <CharacterOffsetBegin>742</CharacterOffsetBegin>
            <CharacterOffsetEnd>743</CharacterOffsetEnd>
            <POS>.</POS>
            <deprel>punct</deprel>
            <depreal_head_id>101</depreal_head_id>
            <depreal_head_text>pivotal</depreal_head_text>
            <ner>O</ner>
          </token>
          <token id="113">
            <word>"</word>
            <lemma>&amp;quot;</lemma>
            <CharacterOffsetBegin>744</CharacterOffsetBegin>
            <CharacterOffsetEnd>745</CharacterOffsetEnd>
            <POS>``</POS>
            <deprel>punct</deprel>
            <depreal_head_id>118</depreal_head_id>
            <depreal_head_text>hub</depreal_head_text>
            <ner>O</ner>
          </token>
          <token id="114">
            <word>The</word>
            <lemma>the</lemma>
            <CharacterOffsetBegin>745</CharacterOffsetBegin>
            <CharacterOffsetEnd>748</CharacterOffsetEnd>
            <POS>DT</POS>
            <deprel>det</deprel>
            <depreal_head_id>118</depreal_head_id>
            <depreal_head_text>hub</depreal_head_text>
            <ner>O</ner>
          </token>
          <token id="115">
            <word>new</word>
            <lemma>new</lemma>
            <CharacterOffsetBegin>749</CharacterOffsetBegin>
            <CharacterOffsetEnd>752</CharacterOffsetEnd>
            <POS>JJ</POS>
            <deprel>amod</deprel>
            <depreal_head_id>118</depreal_head_id>
            <depreal_head_text>hub</depreal_head_text>
            <ner>O</ner>
          </token>
          <token id="116">
            <word>airfreight</word>
            <lemma>airfreight</lemma>
            <CharacterOffsetBegin>753</CharacterOffsetBegin>
            <CharacterOffsetEnd>763</CharacterOffsetEnd>
            <POS>NN</POS>
            <deprel>compound</deprel>
            <depreal_head_id>118</depreal_head_id>
            <depreal_head_text>hub</depreal_head_text>
            <ner>O</ner>
          </token>
          <token id="117">
            <word>logistics</word>
            <lemma>logistics</lemma>
            <CharacterOffsetBegin>764</CharacterOffsetBegin>
            <CharacterOffsetEnd>773</CharacterOffsetEnd>
            <POS>NN</POS>
            <deprel>nummod</deprel>
            <depreal_head_id>116</depreal_head_id>
            <depreal_head_text>airfreight</depreal_head_text>
            <ner>O</ner>
          </token>
          <token id="118">
            <word>hub</word>
            <lemma>hub</lemma>
            <CharacterOffsetBegin>774</CharacterOffsetBegin>
            <CharacterOffsetEnd>777</CharacterOffsetEnd>
            <POS>NN</POS>
            <deprel>nsubj</deprel>
            <depreal_head_id>124</depreal_head_id>
            <depreal_head_text>blueprint</depreal_head_text>
            <ner>O</ner>
          </token>
          <token id="119">
            <word>is</word>
            <lemma>be</lemma>
            <CharacterOffsetBegin>778</CharacterOffsetBegin>
            <CharacterOffsetEnd>780</CharacterOffsetEnd>
            <POS>VBZ</POS>
            <deprel>cop</deprel>
            <depreal_head_id>120</depreal_head_id>
            <depreal_head_text>part</depreal_head_text>
            <ner>O</ner>
          </token>
          <token id="120">
            <word>part</word>
            <lemma>part</lemma>
            <CharacterOffsetBegin>781</CharacterOffsetBegin>
            <CharacterOffsetEnd>785</CharacterOffsetEnd>
            <POS>NN</POS>
            <deprel>acl:relcl</deprel>
            <depreal_head_id>109</depreal_head_id>
            <depreal_head_text>location</depreal_head_text>
            <ner>O</ner>
          </token>
          <token id="121">
            <word>of</word>
            <lemma>of</lemma>
            <CharacterOffsetBegin>786</CharacterOffsetBegin>
            <CharacterOffsetEnd>788</CharacterOffsetEnd>
            <POS>IN</POS>
            <deprel>case</deprel>
            <depreal_head_id>124</depreal_head_id>
            <depreal_head_text>blueprint</depreal_head_text>
            <ner>O</ner>
          </token>
          <token id="122">
            <word>our</word>
            <lemma>we</lemma>
            <CharacterOffsetBegin>789</CharacterOffsetBegin>
            <CharacterOffsetEnd>792</CharacterOffsetEnd>
            <POS>PRP$</POS>
            <deprel>nmod:poss</deprel>
            <depreal_head_id>123</depreal_head_id>
            <depreal_head_text>development</depreal_head_text>
            <ner>O</ner>
          </token>
          <token id="123">
            <word>development</word>
            <lemma>development</lemma>
            <CharacterOffsetBegin>793</CharacterOffsetBegin>
            <CharacterOffsetEnd>804</CharacterOffsetEnd>
            <POS>NN</POS>
            <deprel>compound</deprel>
            <depreal_head_id>124</depreal_head_id>
            <depreal_head_text>blueprint</depreal_head_text>
            <ner>O</ner>
          </token>
          <token id="124">
            <word>blueprint</word>
            <lemma>blueprint</lemma>
            <CharacterOffsetBegin>805</CharacterOffsetBegin>
            <CharacterOffsetEnd>814</CharacterOffsetEnd>
            <POS>NN</POS>
            <deprel>nmod</deprel>
            <depreal_head_id>120</depreal_head_id>
            <depreal_head_text>part</depreal_head_text>
            <ner>O</ner>
          </token>
          <token id="125">
            <word>to</word>
            <lemma>to</lemma>
            <CharacterOffsetBegin>815</CharacterOffsetBegin>
            <CharacterOffsetEnd>817</CharacterOffsetEnd>
            <POS>TO</POS>
            <deprel>mark</deprel>
            <depreal_head_id>126</depreal_head_id>
            <depreal_head_text>deliver</depreal_head_text>
            <ner>O</ner>
          </token>
          <token id="126">
            <word>deliver</word>
            <lemma>deliver</lemma>
            <CharacterOffsetBegin>818</CharacterOffsetBegin>
            <CharacterOffsetEnd>825</CharacterOffsetEnd>
            <POS>VB</POS>
            <deprel>acl</deprel>
            <depreal_head_id>124</depreal_head_id>
            <depreal_head_text>blueprint</depreal_head_text>
            <ner>O</ner>
          </token>
          <token id="127">
            <word>logistics</word>
            <lemma>logistics</lemma>
            <CharacterOffsetBegin>826</CharacterOffsetBegin>
            <CharacterOffsetEnd>835</CharacterOffsetEnd>
            <POS>NNS</POS>
            <deprel>obj</deprel>
            <depreal_head_id>126</depreal_head_id>
            <depreal_head_text>deliver</depreal_head_text>
            <ner>O</ner>
          </token>
          <token id="128">
            <word>excellence</word>
            <lemma>excellence</lemma>
            <CharacterOffsetBegin>836</CharacterOffsetBegin>
            <CharacterOffsetEnd>846</CharacterOffsetEnd>
            <POS>NN</POS>
            <deprel>nmod</deprel>
            <depreal_head_id>127</depreal_head_id>
            <depreal_head_text>logistics</depreal_head_text>
            <ner>O</ner>
          </token>
          <token id="129">
            <word>with</word>
            <lemma>with</lemma>
            <CharacterOffsetBegin>847</CharacterOffsetBegin>
            <CharacterOffsetEnd>851</CharacterOffsetEnd>
            <POS>IN</POS>
            <deprel>case</deprel>
            <depreal_head_id>132</depreal_head_id>
            <depreal_head_text>solution</depreal_head_text>
            <ner>O</ner>
          </token>
          <token id="130">
            <word>an</word>
            <lemma>an</lemma>
            <CharacterOffsetBegin>852</CharacterOffsetBegin>
            <CharacterOffsetEnd>854</CharacterOffsetEnd>
            <POS>DT</POS>
            <deprel>det</deprel>
            <depreal_head_id>132</depreal_head_id>
            <depreal_head_text>solution</depreal_head_text>
            <ner>O</ner>
          </token>
          <token id="131">
            <word>end-to-end</word>
            <lemma>end-to-end</lemma>
            <CharacterOffsetBegin>855</CharacterOffsetBegin>
            <CharacterOffsetEnd>865</CharacterOffsetEnd>
            <POS>JJ</POS>
            <deprel>amod</deprel>
            <depreal_head_id>132</depreal_head_id>
            <depreal_head_text>solution</depreal_head_text>
            <ner>O</ner>
          </token>
          <token id="132">
            <word>solution</word>
            <lemma>solution</lemma>
            <CharacterOffsetBegin>866</CharacterOffsetBegin>
            <CharacterOffsetEnd>874</CharacterOffsetEnd>
            <POS>NN</POS>
            <deprel>nmod</deprel>
            <depreal_head_id>128</depreal_head_id>
            <depreal_head_text>excellence</depreal_head_text>
            <ner>O</ner>
          </token>
          <token id="133">
            <word>offering</word>
            <lemma>offer</lemma>
            <CharacterOffsetBegin>875</CharacterOffsetBegin>
            <CharacterOffsetEnd>883</CharacterOffsetEnd>
            <POS>VBG</POS>
            <deprel>acl</deprel>
            <depreal_head_id>132</depreal_head_id>
            <depreal_head_text>solution</depreal_head_text>
            <ner>O</ner>
          </token>
          <token id="134">
            <word>.</word>
            <lemma>.</lemma>
            <CharacterOffsetBegin>883</CharacterOffsetBegin>
            <CharacterOffsetEnd>884</CharacterOffsetEnd>
            <POS>.</POS>
            <deprel>punct</deprel>
            <depreal_head_id>126</depreal_head_id>
            <depreal_head_text>deliver</depreal_head_text>
            <ner>O</ner>
          </token>
          <token id="135">
            <word>"</word>
            <lemma>&amp;quot;</lemma>
            <CharacterOffsetBegin>885</CharacterOffsetBegin>
            <CharacterOffsetEnd>886</CharacterOffsetEnd>
            <POS>``</POS>
            <deprel>punct</deprel>
            <depreal_head_id>138</depreal_head_id>
            <depreal_head_text>complements</depreal_head_text>
            <ner>O</ner>
          </token>
          <token id="136">
            <word>This</word>
            <lemma>this</lemma>
            <CharacterOffsetBegin>886</CharacterOffsetBegin>
            <CharacterOffsetEnd>890</CharacterOffsetEnd>
            <POS>DT</POS>
            <deprel>det</deprel>
            <depreal_head_id>137</depreal_head_id>
            <depreal_head_text>investment</depreal_head_text>
            <ner>O</ner>
          </token>
          <token id="137">
            <word>investment</word>
            <lemma>investment</lemma>
            <CharacterOffsetBegin>891</CharacterOffsetBegin>
            <CharacterOffsetEnd>901</CharacterOffsetEnd>
            <POS>NN</POS>
            <deprel>nsubj</deprel>
            <depreal_head_id>138</depreal_head_id>
            <depreal_head_text>complements</depreal_head_text>
            <ner>O</ner>
          </token>
          <token id="138">
            <word>complements</word>
            <lemma>complement</lemma>
            <CharacterOffsetBegin>902</CharacterOffsetBegin>
            <CharacterOffsetEnd>913</CharacterOffsetEnd>
            <POS>VBZ</POS>
            <deprel>acl:relcl</deprel>
            <depreal_head_id>124</depreal_head_id>
            <depreal_head_text>blueprint</depreal_head_text>
            <ner>O</ner>
          </token>
          <token id="139">
            <word>other</word>
            <lemma>other</lemma>
            <CharacterOffsetBegin>914</CharacterOffsetBegin>
            <CharacterOffsetEnd>919</CharacterOffsetEnd>
            <POS>JJ</POS>
            <deprel>amod</deprel>
            <depreal_head_id>141</depreal_head_id>
            <depreal_head_text>infrastructure</depreal_head_text>
            <ner>O</ner>
          </token>
          <token id="140">
            <word>K+N</word>
            <lemma>k+n</lemma>
            <CharacterOffsetBegin>920</CharacterOffsetBegin>
            <CharacterOffsetEnd>923</CharacterOffsetEnd>
            <POS>JJ</POS>
            <deprel>amod</deprel>
            <depreal_head_id>141</depreal_head_id>
            <depreal_head_text>infrastructure</depreal_head_text>
            <ner>O</ner>
          </token>
          <token id="141">
            <word>infrastructure</word>
            <lemma>infrastructure</lemma>
            <CharacterOffsetBegin>924</CharacterOffsetBegin>
            <CharacterOffsetEnd>938</CharacterOffsetEnd>
            <POS>NN</POS>
            <deprel>obj</deprel>
            <depreal_head_id>138</depreal_head_id>
            <depreal_head_text>complements</depreal_head_text>
            <ner>O</ner>
          </token>
          <token id="142">
            <word>in</word>
            <lemma>in</lemma>
            <CharacterOffsetBegin>939</CharacterOffsetBegin>
            <CharacterOffsetEnd>941</CharacterOffsetEnd>
            <POS>IN</POS>
            <deprel>case</deprel>
            <depreal_head_id>143</depreal_head_id>
            <depreal_head_text>Singapore</depreal_head_text>
            <ner>O</ner>
          </token>
          <token id="143">
            <word>Singapore</word>
            <lemma>Singapore</lemma>
            <CharacterOffsetBegin>942</CharacterOffsetBegin>
            <CharacterOffsetEnd>951</CharacterOffsetEnd>
            <POS>NNP</POS>
            <deprel>nmod</deprel>
            <depreal_head_id>141</depreal_head_id>
            <depreal_head_text>infrastructure</depreal_head_text>
            <ner>S-GPE</ner>
          </token>
          <token id="144">
            <word>to</word>
            <lemma>to</lemma>
            <CharacterOffsetBegin>952</CharacterOffsetBegin>
            <CharacterOffsetEnd>954</CharacterOffsetEnd>
            <POS>TO</POS>
            <deprel>mark</deprel>
            <depreal_head_id>145</depreal_head_id>
            <depreal_head_text>create</depreal_head_text>
            <ner>O</ner>
          </token>
          <token id="145">
            <word>create</word>
            <lemma>create</lemma>
            <CharacterOffsetBegin>955</CharacterOffsetBegin>
            <CharacterOffsetEnd>961</CharacterOffsetEnd>
            <POS>VB</POS>
            <deprel>acl</deprel>
            <depreal_head_id>141</depreal_head_id>
            <depreal_head_text>infrastructure</depreal_head_text>
            <ner>O</ner>
          </token>
          <token id="146">
            <word>value</word>
            <lemma>value</lemma>
            <CharacterOffsetBegin>962</CharacterOffsetBegin>
            <CharacterOffsetEnd>967</CharacterOffsetEnd>
            <POS>NN</POS>
            <deprel>obj</deprel>
            <depreal_head_id>145</depreal_head_id>
            <depreal_head_text>create</depreal_head_text>
            <ner>O</ner>
          </token>
          <token id="147">
            <word>to</word>
            <lemma>to</lemma>
            <CharacterOffsetBegin>968</CharacterOffsetBegin>
            <CharacterOffsetEnd>970</CharacterOffsetEnd>
            <POS>TO</POS>
            <deprel>case</deprel>
            <depreal_head_id>149</depreal_head_id>
            <depreal_head_text>customers</depreal_head_text>
            <ner>O</ner>
          </token>
          <token id="148">
            <word>our</word>
            <lemma>we</lemma>
            <CharacterOffsetBegin>971</CharacterOffsetBegin>
            <CharacterOffsetEnd>974</CharacterOffsetEnd>
            <POS>PRP$</POS>
            <deprel>nmod:poss</deprel>
            <depreal_head_id>149</depreal_head_id>
            <depreal_head_text>customers</depreal_head_text>
            <ner>O</ner>
          </token>
          <token id="149">
            <word>customers</word>
            <lemma>customer</lemma>
            <CharacterOffsetBegin>975</CharacterOffsetBegin>
            <CharacterOffsetEnd>984</CharacterOffsetEnd>
            <POS>NNS</POS>
            <deprel>obl</deprel>
            <depreal_head_id>145</depreal_head_id>
            <depreal_head_text>create</depreal_head_text>
            <ner>O</ner>
          </token>
          <token id="150">
            <word>,</word>
            <lemma>,</lemma>
            <CharacterOffsetBegin>984</CharacterOffsetBegin>
            <CharacterOffsetEnd>985</CharacterOffsetEnd>
            <POS>,</POS>
            <deprel>punct</deprel>
            <depreal_head_id>151</depreal_head_id>
            <depreal_head_text>especially</depreal_head_text>
            <ner>O</ner>
          </token>
          <token id="151">
            <word>especially</word>
            <lemma>especially</lemma>
            <CharacterOffsetBegin>986</CharacterOffsetBegin>
            <CharacterOffsetEnd>996</CharacterOffsetEnd>
            <POS>RB</POS>
            <deprel>advmod</deprel>
            <depreal_head_id>145</depreal_head_id>
            <depreal_head_text>create</depreal_head_text>
            <ner>O</ner>
          </token>
          <token id="152">
            <word>in</word>
            <lemma>in</lemma>
            <CharacterOffsetBegin>997</CharacterOffsetBegin>
            <CharacterOffsetEnd>999</CharacterOffsetEnd>
            <POS>IN</POS>
            <deprel>case</deprel>
            <depreal_head_id>154</depreal_head_id>
            <depreal_head_text>aerospace</depreal_head_text>
            <ner>O</ner>
          </token>
          <token id="153">
            <word>the</word>
            <lemma>the</lemma>
            <CharacterOffsetBegin>1000</CharacterOffsetBegin>
            <CharacterOffsetEnd>1003</CharacterOffsetEnd>
            <POS>DT</POS>
            <deprel>det</deprel>
            <depreal_head_id>154</depreal_head_id>
            <depreal_head_text>aerospace</depreal_head_text>
            <ner>O</ner>
          </token>
          <token id="154">
            <word>aerospace</word>
            <lemma>aerospace</lemma>
            <CharacterOffsetBegin>1004</CharacterOffsetBegin>
            <CharacterOffsetEnd>1013</CharacterOffsetEnd>
            <POS>NN</POS>
            <deprel>obl</deprel>
            <depreal_head_id>145</depreal_head_id>
            <depreal_head_text>create</depreal_head_text>
            <ner>O</ner>
          </token>
          <token id="155">
            <word>,</word>
            <lemma>,</lemma>
            <CharacterOffsetBegin>1013</CharacterOffsetBegin>
            <CharacterOffsetEnd>1014</CharacterOffsetEnd>
            <POS>,</POS>
            <deprel>punct</deprel>
            <depreal_head_id>156</depreal_head_id>
            <depreal_head_text>technology</depreal_head_text>
            <ner>O</ner>
          </token>
          <token id="156">
            <word>technology</word>
            <lemma>technology</lemma>
            <CharacterOffsetBegin>1015</CharacterOffsetBegin>
            <CharacterOffsetEnd>1025</CharacterOffsetEnd>
            <POS>NN</POS>
            <deprel>conj</deprel>
            <depreal_head_id>154</depreal_head_id>
            <depreal_head_text>aerospace</depreal_head_text>
            <ner>O</ner>
          </token>
          <token id="157">
            <word>and</word>
            <lemma>and</lemma>
            <CharacterOffsetBegin>1026</CharacterOffsetBegin>
            <CharacterOffsetEnd>1029</CharacterOffsetEnd>
            <POS>CC</POS>
            <deprel>cc</deprel>
            <depreal_head_id>158</depreal_head_id>
            <depreal_head_text>pharma</depreal_head_text>
            <ner>O</ner>
          </token>
          <token id="158">
            <word>pharma</word>
            <lemma>pharma</lemma>
            <CharacterOffsetBegin>1030</CharacterOffsetBegin>
            <CharacterOffsetEnd>1036</CharacterOffsetEnd>
            <POS>NN</POS>
            <deprel>conj</deprel>
            <depreal_head_id>156</depreal_head_id>
            <depreal_head_text>technology</depreal_head_text>
            <ner>O</ner>
          </token>
          <token id="159">
            <word>&amp;</word>
            <lemma>&amp;</lemma>
            <CharacterOffsetBegin>1037</CharacterOffsetBegin>
            <CharacterOffsetEnd>1038</CharacterOffsetEnd>
            <POS>CC</POS>
            <deprel>punct</deprel>
            <depreal_head_id>161</depreal_head_id>
            <depreal_head_text>industries</depreal_head_text>
            <ner>O</ner>
          </token>
          <token id="160">
            <word>healthcare</word>
            <lemma>healthcare</lemma>
            <CharacterOffsetBegin>1039</CharacterOffsetBegin>
            <CharacterOffsetEnd>1049</CharacterOffsetEnd>
            <POS>NN</POS>
            <deprel>compound</deprel>
            <depreal_head_id>161</depreal_head_id>
            <depreal_head_text>industries</depreal_head_text>
            <ner>O</ner>
          </token>
          <token id="161">
            <word>industries</word>
            <lemma>industry</lemma>
            <CharacterOffsetBegin>1050</CharacterOffsetBegin>
            <CharacterOffsetEnd>1060</CharacterOffsetEnd>
            <POS>NNS</POS>
            <deprel>conj</deprel>
            <depreal_head_id>154</depreal_head_id>
            <depreal_head_text>aerospace</depreal_head_text>
            <ner>O</ner>
          </token>
          <token id="162">
            <word>.</word>
            <lemma>.</lemma>
            <CharacterOffsetBegin>1060</CharacterOffsetBegin>
            <CharacterOffsetEnd>1061</CharacterOffsetEnd>
            <POS>.</POS>
            <deprel>punct</deprel>
            <depreal_head_id>161</depreal_head_id>
            <depreal_head_text>industries</depreal_head_text>
            <ner>O</ner>
          </token>
          <token id="163">
            <word>"</word>
            <lemma>&amp;quot;</lemma>
            <CharacterOffsetBegin>1061</CharacterOffsetBegin>
            <CharacterOffsetEnd>1062</CharacterOffsetEnd>
            <POS>''</POS>
            <deprel>punct</deprel>
            <depreal_head_id>164</depreal_head_id>
            <depreal_head_text>Added</depreal_head_text>
            <ner>O</ner>
          </token>
          <token id="164">
            <word>Added</word>
            <lemma>add</lemma>
            <CharacterOffsetBegin>1063</CharacterOffsetBegin>
            <CharacterOffsetEnd>1068</CharacterOffsetEnd>
            <POS>VBD</POS>
            <deprel>conj</deprel>
            <depreal_head_id>145</depreal_head_id>
            <depreal_head_text>create</depreal_head_text>
            <ner>O</ner>
          </token>
          <token id="165">
            <word>Martin</word>
            <lemma>Martin</lemma>
            <CharacterOffsetBegin>1069</CharacterOffsetBegin>
            <CharacterOffsetEnd>1075</CharacterOffsetEnd>
            <POS>NNP</POS>
            <deprel>obj</deprel>
            <depreal_head_id>164</depreal_head_id>
            <depreal_head_text>Added</depreal_head_text>
            <ner>B-PERSON</ner>
          </token>
          <token id="166">
            <word>Habisreitinger</word>
            <lemma>Habisreitinger</lemma>
            <CharacterOffsetBegin>1076</CharacterOffsetBegin>
            <CharacterOffsetEnd>1090</CharacterOffsetEnd>
            <POS>NNP</POS>
            <deprel>flat</deprel>
            <depreal_head_id>165</depreal_head_id>
            <depreal_head_text>Martin</depreal_head_text>
            <ner>E-PERSON</ner>
          </token>
          <token id="167">
            <word>,</word>
            <lemma>,</lemma>
            <CharacterOffsetBegin>1090</CharacterOffsetBegin>
            <CharacterOffsetEnd>1091</CharacterOffsetEnd>
            <POS>,</POS>
            <deprel>punct</deprel>
            <depreal_head_id>168</depreal_head_id>
            <depreal_head_text>director</depreal_head_text>
            <ner>O</ner>
          </token>
          <token id="168">
            <word>director</word>
            <lemma>director</lemma>
            <CharacterOffsetBegin>1092</CharacterOffsetBegin>
            <CharacterOffsetEnd>1100</CharacterOffsetEnd>
            <POS>NN</POS>
            <deprel>nmod</deprel>
            <depreal_head_id>165</depreal_head_id>
            <depreal_head_text>Martin</depreal_head_text>
            <ner>O</ner>
          </token>
          <token id="169">
            <word>of</word>
            <lemma>of</lemma>
            <CharacterOffsetBegin>1101</CharacterOffsetBegin>
            <CharacterOffsetEnd>1103</CharacterOffsetEnd>
            <POS>IN</POS>
            <deprel>case</deprel>
            <depreal_head_id>170</depreal_head_id>
            <depreal_head_text>airfreight</depreal_head_text>
            <ner>O</ner>
          </token>
          <token id="170">
            <word>airfreight</word>
            <lemma>airfreight</lemma>
            <CharacterOffsetBegin>1104</CharacterOffsetBegin>
            <CharacterOffsetEnd>1114</CharacterOffsetEnd>
            <POS>NN</POS>
            <deprel>nmod</deprel>
            <depreal_head_id>168</depreal_head_id>
            <depreal_head_text>director</depreal_head_text>
            <ner>O</ner>
          </token>
          <token id="171">
            <word>:</word>
            <lemma>:</lemma>
            <CharacterOffsetBegin>1114</CharacterOffsetBegin>
            <CharacterOffsetEnd>1115</CharacterOffsetEnd>
            <POS>:</POS>
            <deprel>punct</deprel>
            <depreal_head_id>168</depreal_head_id>
            <depreal_head_text>director</depreal_head_text>
            <ner>O</ner>
          </token>
          <token id="172">
            <word>"</word>
            <lemma>&amp;quot;</lemma>
            <CharacterOffsetBegin>1116</CharacterOffsetBegin>
            <CharacterOffsetEnd>1117</CharacterOffsetEnd>
            <POS>``</POS>
            <deprel>punct</deprel>
            <depreal_head_id>174</depreal_head_id>
            <depreal_head_text>demand</depreal_head_text>
            <ner>O</ner>
          </token>
          <token id="173">
            <word>The</word>
            <lemma>the</lemma>
            <CharacterOffsetBegin>1117</CharacterOffsetBegin>
            <CharacterOffsetEnd>1120</CharacterOffsetEnd>
            <POS>DT</POS>
            <deprel>det</deprel>
            <depreal_head_id>174</depreal_head_id>
            <depreal_head_text>demand</depreal_head_text>
            <ner>O</ner>
          </token>
          <token id="174">
            <word>demand</word>
            <lemma>demand</lemma>
            <CharacterOffsetBegin>1121</CharacterOffsetBegin>
            <CharacterOffsetEnd>1127</CharacterOffsetEnd>
            <POS>NN</POS>
            <deprel>obj</deprel>
            <depreal_head_id>164</depreal_head_id>
            <depreal_head_text>Added</depreal_head_text>
            <ner>O</ner>
          </token>
          <token id="175">
            <word>of</word>
            <lemma>of</lemma>
            <CharacterOffsetBegin>1128</CharacterOffsetBegin>
            <CharacterOffsetEnd>1130</CharacterOffsetEnd>
            <POS>IN</POS>
            <deprel>case</deprel>
            <depreal_head_id>180</depreal_head_id>
            <depreal_head_text>industry</depreal_head_text>
            <ner>O</ner>
          </token>
          <token id="176">
            <word>the</word>
            <lemma>the</lemma>
            <CharacterOffsetBegin>1131</CharacterOffsetBegin>
            <CharacterOffsetEnd>1134</CharacterOffsetEnd>
            <POS>DT</POS>
            <deprel>det</deprel>
            <depreal_head_id>177</depreal_head_id>
            <depreal_head_text>aviation</depreal_head_text>
            <ner>O</ner>
          </token>
          <token id="177">
            <word>aviation</word>
            <lemma>aviation</lemma>
            <CharacterOffsetBegin>1135</CharacterOffsetBegin>
            <CharacterOffsetEnd>1143</CharacterOffsetEnd>
            <POS>NN</POS>
            <deprel>compound</deprel>
            <depreal_head_id>180</depreal_head_id>
            <depreal_head_text>industry</depreal_head_text>
            <ner>O</ner>
          </token>
          <token id="178">
            <word>&amp;</word>
            <lemma>&amp;</lemma>
            <CharacterOffsetBegin>1144</CharacterOffsetBegin>
            <CharacterOffsetEnd>1145</CharacterOffsetEnd>
            <POS>CC</POS>
            <deprel>punct</deprel>
            <depreal_head_id>177</depreal_head_id>
            <depreal_head_text>aviation</depreal_head_text>
            <ner>O</ner>
          </token>
          <token id="179">
            <word>aerospace</word>
            <lemma>aerospace</lemma>
            <CharacterOffsetBegin>1146</CharacterOffsetBegin>
            <CharacterOffsetEnd>1155</CharacterOffsetEnd>
            <POS>NN</POS>
            <deprel>compound</deprel>
            <depreal_head_id>180</depreal_head_id>
            <depreal_head_text>industry</depreal_head_text>
            <ner>O</ner>
          </token>
          <token id="180">
            <word>industry</word>
            <lemma>industry</lemma>
            <CharacterOffsetBegin>1156</CharacterOffsetBegin>
            <CharacterOffsetEnd>1164</CharacterOffsetEnd>
            <POS>NN</POS>
            <deprel>nsubj</deprel>
            <depreal_head_id>183</depreal_head_id>
            <depreal_head_text>changing</depreal_head_text>
            <ner>O</ner>
          </token>
          <token id="181">
            <word>is</word>
            <lemma>be</lemma>
            <CharacterOffsetBegin>1165</CharacterOffsetBegin>
            <CharacterOffsetEnd>1167</CharacterOffsetEnd>
            <POS>VBZ</POS>
            <deprel>aux</deprel>
            <depreal_head_id>183</depreal_head_id>
            <depreal_head_text>changing</depreal_head_text>
            <ner>O</ner>
          </token>
          <token id="182">
            <word>rapidly</word>
            <lemma>rapid</lemma>
            <CharacterOffsetBegin>1168</CharacterOffsetBegin>
            <CharacterOffsetEnd>1175</CharacterOffsetEnd>
            <POS>RB</POS>
            <deprel>advmod</deprel>
            <depreal_head_id>183</depreal_head_id>
            <depreal_head_text>changing</depreal_head_text>
            <ner>O</ner>
          </token>
          <token id="183">
            <word>changing</word>
            <lemma>change</lemma>
            <CharacterOffsetBegin>1176</CharacterOffsetBegin>
            <CharacterOffsetEnd>1184</CharacterOffsetEnd>
            <POS>VBG</POS>
            <deprel>acl</deprel>
            <depreal_head_id>174</depreal_head_id>
            <depreal_head_text>demand</depreal_head_text>
            <ner>O</ner>
          </token>
          <token id="184">
            <word>with</word>
            <lemma>with</lemma>
            <CharacterOffsetBegin>1185</CharacterOffsetBegin>
            <CharacterOffsetEnd>1189</CharacterOffsetEnd>
            <POS>IN</POS>
            <deprel>mark</deprel>
            <depreal_head_id>185</depreal_head_id>
            <depreal_head_text>rising</depreal_head_text>
            <ner>O</ner>
          </token>
          <token id="185">
            <word>rising</word>
            <lemma>rise</lemma>
            <CharacterOffsetBegin>1190</CharacterOffsetBegin>
            <CharacterOffsetEnd>1196</CharacterOffsetEnd>
            <POS>VBG</POS>
            <deprel>advcl</deprel>
            <depreal_head_id>183</depreal_head_id>
            <depreal_head_text>changing</depreal_head_text>
            <ner>O</ner>
          </token>
          <token id="186">
            <word>service</word>
            <lemma>service</lemma>
            <CharacterOffsetBegin>1197</CharacterOffsetBegin>
            <CharacterOffsetEnd>1204</CharacterOffsetEnd>
            <POS>NN</POS>
            <deprel>compound</deprel>
            <depreal_head_id>187</depreal_head_id>
            <depreal_head_text>levels</depreal_head_text>
            <ner>O</ner>
          </token>
          <token id="187">
            <word>levels</word>
            <lemma>level</lemma>
            <CharacterOffsetBegin>1205</CharacterOffsetBegin>
            <CharacterOffsetEnd>1211</CharacterOffsetEnd>
            <POS>NNS</POS>
            <deprel>compound</deprel>
            <depreal_head_id>188</depreal_head_id>
            <depreal_head_text>expectations</depreal_head_text>
            <ner>O</ner>
          </token>
          <token id="188">
            <word>expectations</word>
            <lemma>expectation</lemma>
            <CharacterOffsetBegin>1212</CharacterOffsetBegin>
            <CharacterOffsetEnd>1224</CharacterOffsetEnd>
            <POS>NNS</POS>
            <deprel>xcomp</deprel>
            <depreal_head_id>183</depreal_head_id>
            <depreal_head_text>changing</depreal_head_text>
            <ner>O</ner>
          </token>
          <token id="189">
            <word>,</word>
            <lemma>,</lemma>
            <CharacterOffsetBegin>1224</CharacterOffsetBegin>
            <CharacterOffsetEnd>1225</CharacterOffsetEnd>
            <POS>,</POS>
            <deprel>punct</deprel>
            <depreal_head_id>191</depreal_head_id>
            <depreal_head_text>sophisticated</depreal_head_text>
            <ner>O</ner>
          </token>
          <token id="190">
            <word>more</word>
            <lemma>very</lemma>
            <CharacterOffsetBegin>1226</CharacterOffsetBegin>
            <CharacterOffsetEnd>1230</CharacterOffsetEnd>
            <POS>RBR</POS>
            <deprel>advmod</deprel>
            <depreal_head_id>191</depreal_head_id>
            <depreal_head_text>sophisticated</depreal_head_text>
            <ner>O</ner>
          </token>
          <token id="191">
            <word>sophisticated</word>
            <lemma>sophisticated</lemma>
            <CharacterOffsetBegin>1231</CharacterOffsetBegin>
            <CharacterOffsetEnd>1244</CharacterOffsetEnd>
            <POS>JJ</POS>
            <deprel>amod</deprel>
            <depreal_head_id>194</depreal_head_id>
            <depreal_head_text>solutions</depreal_head_text>
            <ner>O</ner>
          </token>
          <token id="192">
            <word>and</word>
            <lemma>and</lemma>
            <CharacterOffsetBegin>1245</CharacterOffsetBegin>
            <CharacterOffsetEnd>1248</CharacterOffsetEnd>
            <POS>CC</POS>
            <deprel>cc</deprel>
            <depreal_head_id>193</depreal_head_id>
            <depreal_head_text>innovative</depreal_head_text>
            <ner>O</ner>
          </token>
          <token id="193">
            <word>innovative</word>
            <lemma>innovative</lemma>
            <CharacterOffsetBegin>1249</CharacterOffsetBegin>
            <CharacterOffsetEnd>1259</CharacterOffsetEnd>
            <POS>JJ</POS>
            <deprel>conj</deprel>
            <depreal_head_id>191</depreal_head_id>
            <depreal_head_text>sophisticated</depreal_head_text>
            <ner>O</ner>
          </token>
          <token id="194">
            <word>solutions</word>
            <lemma>solution</lemma>
            <CharacterOffsetBegin>1260</CharacterOffsetBegin>
            <CharacterOffsetEnd>1269</CharacterOffsetEnd>
            <POS>NNS</POS>
            <deprel>conj</deprel>
            <depreal_head_id>188</depreal_head_id>
            <depreal_head_text>expectations</depreal_head_text>
            <ner>O</ner>
          </token>
          <token id="195">
            <word>,</word>
            <lemma>,</lemma>
            <CharacterOffsetBegin>1269</CharacterOffsetBegin>
            <CharacterOffsetEnd>1270</CharacterOffsetEnd>
            <POS>,</POS>
            <deprel>punct</deprel>
            <depreal_head_id>199</depreal_head_id>
            <depreal_head_text>growing</depreal_head_text>
            <ner>O</ner>
          </token>
          <token id="196">
            <word>as</word>
            <lemma>as</lemma>
            <CharacterOffsetBegin>1271</CharacterOffsetBegin>
            <CharacterOffsetEnd>1273</CharacterOffsetEnd>
            <POS>RB</POS>
            <deprel>advmod</deprel>
            <depreal_head_id>197</depreal_head_id>
            <depreal_head_text>well</depreal_head_text>
            <ner>O</ner>
          </token>
          <token id="197">
            <word>well</word>
            <lemma>well</lemma>
            <CharacterOffsetBegin>1274</CharacterOffsetBegin>
            <CharacterOffsetEnd>1278</CharacterOffsetEnd>
            <POS>RB</POS>
            <deprel>advmod</deprel>
            <depreal_head_id>199</depreal_head_id>
            <depreal_head_text>growing</depreal_head_text>
            <ner>O</ner>
          </token>
          <token id="198">
            <word>as</word>
            <lemma>as</lemma>
            <CharacterOffsetBegin>1279</CharacterOffsetBegin>
            <CharacterOffsetEnd>1281</CharacterOffsetEnd>
            <POS>IN</POS>
            <deprel>mark</deprel>
            <depreal_head_id>199</depreal_head_id>
            <depreal_head_text>growing</depreal_head_text>
            <ner>O</ner>
          </token>
          <token id="199">
            <word>growing</word>
            <lemma>grow</lemma>
            <CharacterOffsetBegin>1282</CharacterOffsetBegin>
            <CharacterOffsetEnd>1289</CharacterOffsetEnd>
            <POS>VBG</POS>
            <deprel>acl</deprel>
            <depreal_head_id>194</depreal_head_id>
            <depreal_head_text>solutions</depreal_head_text>
            <ner>O</ner>
          </token>
          <token id="200">
            <word>environmental</word>
            <lemma>environmental</lemma>
            <CharacterOffsetBegin>1290</CharacterOffsetBegin>
            <CharacterOffsetEnd>1303</CharacterOffsetEnd>
            <POS>JJ</POS>
            <deprel>amod</deprel>
            <depreal_head_id>201</depreal_head_id>
            <depreal_head_text>issues</depreal_head_text>
            <ner>O</ner>
          </token>
          <token id="201">
            <word>issues</word>
            <lemma>issue</lemma>
            <CharacterOffsetBegin>1304</CharacterOffsetBegin>
            <CharacterOffsetEnd>1310</CharacterOffsetEnd>
            <POS>NNS</POS>
            <deprel>obj</deprel>
            <depreal_head_id>199</depreal_head_id>
            <depreal_head_text>growing</depreal_head_text>
            <ner>O</ner>
          </token>
          <token id="202">
            <word>.</word>
            <lemma>.</lemma>
            <CharacterOffsetBegin>1310</CharacterOffsetBegin>
            <CharacterOffsetEnd>1311</CharacterOffsetEnd>
            <POS>.</POS>
            <deprel>punct</deprel>
            <depreal_head_id>194</depreal_head_id>
            <depreal_head_text>solutions</depreal_head_text>
            <ner>O</ner>
          </token>
          <token id="203">
            <word>"</word>
            <lemma>&amp;quot;</lemma>
            <CharacterOffsetBegin>1312</CharacterOffsetBegin>
            <CharacterOffsetEnd>1313</CharacterOffsetEnd>
            <POS>''</POS>
            <deprel>punct</deprel>
            <depreal_head_id>209</depreal_head_id>
            <depreal_head_text>aims</depreal_head_text>
            <ner>O</ner>
          </token>
          <token id="204">
            <word>With</word>
            <lemma>with</lemma>
            <CharacterOffsetBegin>1313</CharacterOffsetBegin>
            <CharacterOffsetEnd>1317</CharacterOffsetEnd>
            <POS>IN</POS>
            <deprel>case</deprel>
            <depreal_head_id>206</depreal_head_id>
            <depreal_head_text>investment</depreal_head_text>
            <ner>O</ner>
          </token>
          <token id="205">
            <word>this</word>
            <lemma>this</lemma>
            <CharacterOffsetBegin>1318</CharacterOffsetBegin>
            <CharacterOffsetEnd>1322</CharacterOffsetEnd>
            <POS>DT</POS>
            <deprel>det</deprel>
            <depreal_head_id>206</depreal_head_id>
            <depreal_head_text>investment</depreal_head_text>
            <ner>O</ner>
          </token>
          <token id="206">
            <word>investment</word>
            <lemma>investment</lemma>
            <CharacterOffsetBegin>1323</CharacterOffsetBegin>
            <CharacterOffsetEnd>1333</CharacterOffsetEnd>
            <POS>NN</POS>
            <deprel>obl</deprel>
            <depreal_head_id>209</depreal_head_id>
            <depreal_head_text>aims</depreal_head_text>
            <ner>O</ner>
          </token>
          <token id="207">
            <word>,</word>
            <lemma>,</lemma>
            <CharacterOffsetBegin>1333</CharacterOffsetBegin>
            <CharacterOffsetEnd>1334</CharacterOffsetEnd>
            <POS>,</POS>
            <deprel>punct</deprel>
            <depreal_head_id>206</depreal_head_id>
            <depreal_head_text>investment</depreal_head_text>
            <ner>O</ner>
          </token>
          <token id="208">
            <word>K+N</word>
            <lemma>K+N</lemma>
            <CharacterOffsetBegin>1335</CharacterOffsetBegin>
            <CharacterOffsetEnd>1338</CharacterOffsetEnd>
            <POS>NNP</POS>
            <deprel>nsubj</deprel>
            <depreal_head_id>209</depreal_head_id>
            <depreal_head_text>aims</depreal_head_text>
            <ner>S-ORG</ner>
          </token>
          <token id="209">
            <word>aims</word>
            <lemma>aim</lemma>
            <CharacterOffsetBegin>1339</CharacterOffsetBegin>
            <CharacterOffsetEnd>1343</CharacterOffsetEnd>
            <POS>VBZ</POS>
            <deprel>acl:relcl</deprel>
            <depreal_head_id>194</depreal_head_id>
            <depreal_head_text>solutions</depreal_head_text>
            <ner>O</ner>
          </token>
          <token id="210">
            <word>to</word>
            <lemma>to</lemma>
            <CharacterOffsetBegin>1344</CharacterOffsetBegin>
            <CharacterOffsetEnd>1346</CharacterOffsetEnd>
            <POS>TO</POS>
            <deprel>mark</deprel>
            <depreal_head_id>211</depreal_head_id>
            <depreal_head_text>play</depreal_head_text>
            <ner>O</ner>
          </token>
          <token id="211">
            <word>play</word>
            <lemma>play</lemma>
            <CharacterOffsetBegin>1347</CharacterOffsetBegin>
            <CharacterOffsetEnd>1351</CharacterOffsetEnd>
            <POS>VB</POS>
            <deprel>xcomp</deprel>
            <depreal_head_id>209</depreal_head_id>
            <depreal_head_text>aims</depreal_head_text>
            <ner>O</ner>
          </token>
          <token id="212">
            <word>a</word>
            <lemma>a</lemma>
            <CharacterOffsetBegin>1352</CharacterOffsetBegin>
            <CharacterOffsetEnd>1353</CharacterOffsetEnd>
            <POS>DT</POS>
            <deprel>det</deprel>
            <depreal_head_id>214</depreal_head_id>
            <depreal_head_text>role</depreal_head_text>
            <ner>O</ner>
          </token>
          <token id="213">
            <word>key</word>
            <lemma>key</lemma>
            <CharacterOffsetBegin>1354</CharacterOffsetBegin>
            <CharacterOffsetEnd>1357</CharacterOffsetEnd>
            <POS>JJ</POS>
            <deprel>amod</deprel>
            <depreal_head_id>214</depreal_head_id>
            <depreal_head_text>role</depreal_head_text>
            <ner>O</ner>
          </token>
          <token id="214">
            <word>role</word>
            <lemma>role</lemma>
            <CharacterOffsetBegin>1358</CharacterOffsetBegin>
            <CharacterOffsetEnd>1362</CharacterOffsetEnd>
            <POS>NN</POS>
            <deprel>obj</deprel>
            <depreal_head_id>211</depreal_head_id>
            <depreal_head_text>play</depreal_head_text>
            <ner>O</ner>
          </token>
          <token id="215">
            <word>in</word>
            <lemma>in</lemma>
            <CharacterOffsetBegin>1363</CharacterOffsetBegin>
            <CharacterOffsetEnd>1365</CharacterOffsetEnd>
            <POS>IN</POS>
            <deprel>mark</deprel>
            <depreal_head_id>216</depreal_head_id>
            <depreal_head_text>supporting</depreal_head_text>
            <ner>O</ner>
          </token>
          <token id="216">
            <word>supporting</word>
            <lemma>support</lemma>
            <CharacterOffsetBegin>1366</CharacterOffsetBegin>
            <CharacterOffsetEnd>1376</CharacterOffsetEnd>
            <POS>VBG</POS>
            <deprel>advcl</deprel>
            <depreal_head_id>211</depreal_head_id>
            <depreal_head_text>play</depreal_head_text>
            <ner>O</ner>
          </token>
          <token id="217">
            <word>the</word>
            <lemma>the</lemma>
            <CharacterOffsetBegin>1377</CharacterOffsetBegin>
            <CharacterOffsetEnd>1380</CharacterOffsetEnd>
            <POS>DT</POS>
            <deprel>det</deprel>
            <depreal_head_id>220</depreal_head_id>
            <depreal_head_text>transformation</depreal_head_text>
            <ner>O</ner>
          </token>
          <token id="218">
            <word>supply</word>
            <lemma>supply</lemma>
            <CharacterOffsetBegin>1381</CharacterOffsetBegin>
            <CharacterOffsetEnd>1387</CharacterOffsetEnd>
            <POS>NN</POS>
            <deprel>compound</deprel>
            <depreal_head_id>220</depreal_head_id>
            <depreal_head_text>transformation</depreal_head_text>
            <ner>O</ner>
          </token>
          <token id="219">
            <word>chain</word>
            <lemma>chain</lemma>
            <CharacterOffsetBegin>1388</CharacterOffsetBegin>
            <CharacterOffsetEnd>1393</CharacterOffsetEnd>
            <POS>NN</POS>
            <deprel>compound</deprel>
            <depreal_head_id>220</depreal_head_id>
            <depreal_head_text>transformation</depreal_head_text>
            <ner>O</ner>
          </token>
          <token id="220">
            <word>transformation</word>
            <lemma>transformation</lemma>
            <CharacterOffsetBegin>1394</CharacterOffsetBegin>
            <CharacterOffsetEnd>1408</CharacterOffsetEnd>
            <POS>NN</POS>
            <deprel>obj</deprel>
            <depreal_head_id>216</depreal_head_id>
            <depreal_head_text>supporting</depreal_head_text>
            <ner>O</ner>
          </token>
          <token id="221">
            <word>of</word>
            <lemma>of</lemma>
            <CharacterOffsetBegin>1409</CharacterOffsetBegin>
            <CharacterOffsetEnd>1411</CharacterOffsetEnd>
            <POS>IN</POS>
            <deprel>case</deprel>
            <depreal_head_id>223</depreal_head_id>
            <depreal_head_text>industry</depreal_head_text>
            <ner>O</ner>
          </token>
          <token id="222">
            <word>this</word>
            <lemma>this</lemma>
            <CharacterOffsetBegin>1412</CharacterOffsetBegin>
            <CharacterOffsetEnd>1416</CharacterOffsetEnd>
            <POS>DT</POS>
            <deprel>det</deprel>
            <depreal_head_id>223</depreal_head_id>
            <depreal_head_text>industry</depreal_head_text>
            <ner>O</ner>
          </token>
          <token id="223">
            <word>industry</word>
            <lemma>industry</lemma>
            <CharacterOffsetBegin>1417</CharacterOffsetBegin>
            <CharacterOffsetEnd>1425</CharacterOffsetEnd>
            <POS>NN</POS>
            <deprel>nmod</deprel>
            <depreal_head_id>220</depreal_head_id>
            <depreal_head_text>transformation</depreal_head_text>
            <ner>O</ner>
          </token>
          <token id="224">
            <word>.</word>
            <lemma>.</lemma>
            <CharacterOffsetBegin>1425</CharacterOffsetBegin>
            <CharacterOffsetEnd>1426</CharacterOffsetEnd>
            <POS>.</POS>
            <deprel>punct</deprel>
            <depreal_head_id>209</depreal_head_id>
            <depreal_head_text>aims</depreal_head_text>
            <ner>O</ner>
          </token>
          <token id="225">
            <word>"</word>
            <lemma>&amp;quot;</lemma>
            <CharacterOffsetBegin>1426</CharacterOffsetBegin>
            <CharacterOffsetEnd>1427</CharacterOffsetEnd>
            <POS>''</POS>
            <deprel>punct</deprel>
            <depreal_head_id>209</depreal_head_id>
            <depreal_head_text>aims</depreal_head_text>
            <ner>O</ner>
          </token>
        </tokens>
      </sentence>
    </sentences>
  </document>
</root>
