<root>
  <document>
    <sentences>
      <sentence section="title" type="title" id="1">
        <tokens>
          <token id="1">
            <word>United</word>
            <lemma>United</lemma>
            <CharacterOffsetBegin>0</CharacterOffsetBegin>
            <CharacterOffsetEnd>6</CharacterOffsetEnd>
            <POS>NNP</POS>
            <deprel>nsubj</deprel>
            <depreal_head_id>7</depreal_head_id>
            <depreal_head_text>gets</depreal_head_text>
            <ner>B-ORG</ner>
          </token>
          <token id="2">
            <word>–</word>
            <lemma>–</lemma>
            <CharacterOffsetBegin>7</CharacterOffsetBegin>
            <CharacterOffsetEnd>8</CharacterOffsetEnd>
            <POS>:</POS>
            <deprel>punct</deprel>
            <depreal_head_id>1</depreal_head_id>
            <depreal_head_text>United</depreal_head_text>
            <ner>I-ORG</ner>
          </token>
          <token id="3">
            <word>Lufthansa</word>
            <lemma>Lufthansa</lemma>
            <CharacterOffsetBegin>9</CharacterOffsetBegin>
            <CharacterOffsetEnd>18</CharacterOffsetEnd>
            <POS>NNP</POS>
            <deprel>nmod:poss</deprel>
            <depreal_head_id>6</depreal_head_id>
            <depreal_head_text>venture</depreal_head_text>
            <ner>E-ORG</ner>
          </token>
          <token id="4">
            <word>cargo</word>
            <lemma>cargo</lemma>
            <CharacterOffsetBegin>19</CharacterOffsetBegin>
            <CharacterOffsetEnd>24</CharacterOffsetEnd>
            <POS>NN</POS>
            <deprel>flat</deprel>
            <depreal_head_id>3</depreal_head_id>
            <depreal_head_text>Lufthansa</depreal_head_text>
            <ner>O</ner>
          </token>
          <token id="5">
            <word>joint</word>
            <lemma>joint</lemma>
            <CharacterOffsetBegin>25</CharacterOffsetBegin>
            <CharacterOffsetEnd>30</CharacterOffsetEnd>
            <POS>JJ</POS>
            <deprel>amod</deprel>
            <depreal_head_id>6</depreal_head_id>
            <depreal_head_text>venture</depreal_head_text>
            <ner>O</ner>
          </token>
          <token id="6">
            <word>venture</word>
            <lemma>venture</lemma>
            <CharacterOffsetBegin>31</CharacterOffsetBegin>
            <CharacterOffsetEnd>38</CharacterOffsetEnd>
            <POS>NN</POS>
            <deprel>nsubj</deprel>
            <depreal_head_id>7</depreal_head_id>
            <depreal_head_text>gets</depreal_head_text>
            <ner>O</ner>
          </token>
          <token id="7">
            <word>gets</word>
            <lemma>get</lemma>
            <CharacterOffsetBegin>39</CharacterOffsetBegin>
            <CharacterOffsetEnd>43</CharacterOffsetEnd>
            <POS>VBZ</POS>
            <deprel>root</deprel>
            <depreal_head_id>0</depreal_head_id>
            <depreal_head_text>root</depreal_head_text>
            <ner>O</ner>
          </token>
          <token id="8">
            <word>off</word>
            <lemma>off</lemma>
            <CharacterOffsetBegin>44</CharacterOffsetBegin>
            <CharacterOffsetEnd>47</CharacterOffsetEnd>
            <POS>IN</POS>
            <deprel>case</deprel>
            <depreal_head_id>10</depreal_head_id>
            <depreal_head_text>ground</depreal_head_text>
            <ner>O</ner>
          </token>
          <token id="9">
            <word>the</word>
            <lemma>the</lemma>
            <CharacterOffsetBegin>48</CharacterOffsetBegin>
            <CharacterOffsetEnd>51</CharacterOffsetEnd>
            <POS>DT</POS>
            <deprel>det</deprel>
            <depreal_head_id>10</depreal_head_id>
            <depreal_head_text>ground</depreal_head_text>
            <ner>O</ner>
          </token>
          <token id="10">
            <word>ground</word>
            <lemma>ground</lemma>
            <CharacterOffsetBegin>52</CharacterOffsetBegin>
            <CharacterOffsetEnd>58</CharacterOffsetEnd>
            <POS>NN</POS>
            <deprel>obl</deprel>
            <depreal_head_id>7</depreal_head_id>
            <depreal_head_text>gets</depreal_head_text>
            <ner>O</ner>
          </token>
        </tokens>
      </sentence>
      <sentence section="content" type="bodyText" id="2">
        <tokens>
          <token id="1">
            <word>United</word>
            <lemma>United</lemma>
            <CharacterOffsetBegin>59</CharacterOffsetBegin>
            <CharacterOffsetEnd>65</CharacterOffsetEnd>
            <POS>NNP</POS>
            <deprel>nsubj</deprel>
            <depreal_head_id>7</depreal_head_id>
            <depreal_head_text>launched</depreal_head_text>
            <ner>B-ORG</ner>
          </token>
          <token id="2">
            <word>Airlines</word>
            <lemma>Airlines</lemma>
            <CharacterOffsetBegin>66</CharacterOffsetBegin>
            <CharacterOffsetEnd>74</CharacterOffsetEnd>
            <POS>NNPS</POS>
            <deprel>flat</deprel>
            <depreal_head_id>1</depreal_head_id>
            <depreal_head_text>United</depreal_head_text>
            <ner>E-ORG</ner>
          </token>
          <token id="3">
            <word>and</word>
            <lemma>and</lemma>
            <CharacterOffsetBegin>75</CharacterOffsetBegin>
            <CharacterOffsetEnd>78</CharacterOffsetEnd>
            <POS>CC</POS>
            <deprel>cc</deprel>
            <depreal_head_id>5</depreal_head_id>
            <depreal_head_text>Cargo</depreal_head_text>
            <ner>O</ner>
          </token>
          <token id="4">
            <word>Lufthansa</word>
            <lemma>Lufthansa</lemma>
            <CharacterOffsetBegin>79</CharacterOffsetBegin>
            <CharacterOffsetEnd>88</CharacterOffsetEnd>
            <POS>NNP</POS>
            <deprel>nmod:poss</deprel>
            <depreal_head_id>5</depreal_head_id>
            <depreal_head_text>Cargo</depreal_head_text>
            <ner>B-ORG</ner>
          </token>
          <token id="5">
            <word>Cargo</word>
            <lemma>cargo</lemma>
            <CharacterOffsetBegin>89</CharacterOffsetBegin>
            <CharacterOffsetEnd>94</CharacterOffsetEnd>
            <POS>NNP</POS>
            <deprel>nmod</deprel>
            <depreal_head_id>1</depreal_head_id>
            <depreal_head_text>United</depreal_head_text>
            <ner>E-ORG</ner>
          </token>
          <token id="6">
            <word>have</word>
            <lemma>have</lemma>
            <CharacterOffsetBegin>95</CharacterOffsetBegin>
            <CharacterOffsetEnd>99</CharacterOffsetEnd>
            <POS>VBP</POS>
            <deprel>aux</deprel>
            <depreal_head_id>7</depreal_head_id>
            <depreal_head_text>launched</depreal_head_text>
            <ner>O</ner>
          </token>
          <token id="7">
            <word>launched</word>
            <lemma>launch</lemma>
            <CharacterOffsetBegin>100</CharacterOffsetBegin>
            <CharacterOffsetEnd>108</CharacterOffsetEnd>
            <POS>VBN</POS>
            <deprel>root</deprel>
            <depreal_head_id>0</depreal_head_id>
            <depreal_head_text>root</depreal_head_text>
            <ner>O</ner>
          </token>
          <token id="8">
            <word>their</word>
            <lemma>they</lemma>
            <CharacterOffsetBegin>109</CharacterOffsetBegin>
            <CharacterOffsetEnd>114</CharacterOffsetEnd>
            <POS>PRP$</POS>
            <deprel>nmod:poss</deprel>
            <depreal_head_id>12</depreal_head_id>
            <depreal_head_text>venture</depreal_head_text>
            <ner>O</ner>
          </token>
          <token id="9">
            <word>air</word>
            <lemma>air</lemma>
            <CharacterOffsetBegin>115</CharacterOffsetBegin>
            <CharacterOffsetEnd>118</CharacterOffsetEnd>
            <POS>NN</POS>
            <deprel>compound</deprel>
            <depreal_head_id>12</depreal_head_id>
            <depreal_head_text>venture</depreal_head_text>
            <ner>O</ner>
          </token>
          <token id="10">
            <word>cargo</word>
            <lemma>cargo</lemma>
            <CharacterOffsetBegin>119</CharacterOffsetBegin>
            <CharacterOffsetEnd>124</CharacterOffsetEnd>
            <POS>NN</POS>
            <deprel>compound</deprel>
            <depreal_head_id>12</depreal_head_id>
            <depreal_head_text>venture</depreal_head_text>
            <ner>O</ner>
          </token>
          <token id="11">
            <word>joint</word>
            <lemma>joint</lemma>
            <CharacterOffsetBegin>125</CharacterOffsetBegin>
            <CharacterOffsetEnd>130</CharacterOffsetEnd>
            <POS>JJ</POS>
            <deprel>amod</deprel>
            <depreal_head_id>12</depreal_head_id>
            <depreal_head_text>venture</depreal_head_text>
            <ner>O</ner>
          </token>
          <token id="12">
            <word>venture</word>
            <lemma>venture</lemma>
            <CharacterOffsetBegin>131</CharacterOffsetBegin>
            <CharacterOffsetEnd>138</CharacterOffsetEnd>
            <POS>NN</POS>
            <deprel>obj</deprel>
            <depreal_head_id>7</depreal_head_id>
            <depreal_head_text>launched</depreal_head_text>
            <ner>O</ner>
          </token>
          <token id="13">
            <word>with</word>
            <lemma>with</lemma>
            <CharacterOffsetBegin>139</CharacterOffsetBegin>
            <CharacterOffsetEnd>143</CharacterOffsetEnd>
            <POS>IN</POS>
            <deprel>case</deprel>
            <depreal_head_id>16</depreal_head_id>
            <depreal_head_text>airlines</depreal_head_text>
            <ner>O</ner>
          </token>
          <token id="14">
            <word>the</word>
            <lemma>the</lemma>
            <CharacterOffsetBegin>144</CharacterOffsetBegin>
            <CharacterOffsetEnd>147</CharacterOffsetEnd>
            <POS>DT</POS>
            <deprel>det</deprel>
            <depreal_head_id>16</depreal_head_id>
            <depreal_head_text>airlines</depreal_head_text>
            <ner>O</ner>
          </token>
          <token id="15">
            <word>two</word>
            <lemma>two</lemma>
            <CharacterOffsetBegin>148</CharacterOffsetBegin>
            <CharacterOffsetEnd>151</CharacterOffsetEnd>
            <POS>CD</POS>
            <deprel>nummod</deprel>
            <depreal_head_id>16</depreal_head_id>
            <depreal_head_text>airlines</depreal_head_text>
            <ner>S-CARDINAL</ner>
          </token>
          <token id="16">
            <word>airlines</word>
            <lemma>airline</lemma>
            <CharacterOffsetBegin>152</CharacterOffsetBegin>
            <CharacterOffsetEnd>160</CharacterOffsetEnd>
            <POS>NNS</POS>
            <deprel>nsubj</deprel>
            <depreal_head_id>18</depreal_head_id>
            <depreal_head_text>managing</depreal_head_text>
            <ner>O</ner>
          </token>
          <token id="17">
            <word>jointly</word>
            <lemma>jointly</lemma>
            <CharacterOffsetBegin>161</CharacterOffsetBegin>
            <CharacterOffsetEnd>168</CharacterOffsetEnd>
            <POS>RB</POS>
            <deprel>advmod</deprel>
            <depreal_head_id>18</depreal_head_id>
            <depreal_head_text>managing</depreal_head_text>
            <ner>O</ner>
          </token>
          <token id="18">
            <word>managing</word>
            <lemma>manage</lemma>
            <CharacterOffsetBegin>169</CharacterOffsetBegin>
            <CharacterOffsetEnd>177</CharacterOffsetEnd>
            <POS>VBG</POS>
            <deprel>parataxis</deprel>
            <depreal_head_id>7</depreal_head_id>
            <depreal_head_text>launched</depreal_head_text>
            <ner>O</ner>
          </token>
          <token id="19">
            <word>sales</word>
            <lemma>sale</lemma>
            <CharacterOffsetBegin>178</CharacterOffsetBegin>
            <CharacterOffsetEnd>183</CharacterOffsetEnd>
            <POS>NNS</POS>
            <deprel>obj</deprel>
            <depreal_head_id>18</depreal_head_id>
            <depreal_head_text>managing</depreal_head_text>
            <ner>O</ner>
          </token>
          <token id="20">
            <word>and</word>
            <lemma>and</lemma>
            <CharacterOffsetBegin>184</CharacterOffsetBegin>
            <CharacterOffsetEnd>187</CharacterOffsetEnd>
            <POS>CC</POS>
            <deprel>cc</deprel>
            <depreal_head_id>21</depreal_head_id>
            <depreal_head_text>bookings</depreal_head_text>
            <ner>O</ner>
          </token>
          <token id="21">
            <word>bookings</word>
            <lemma>booking</lemma>
            <CharacterOffsetBegin>188</CharacterOffsetBegin>
            <CharacterOffsetEnd>196</CharacterOffsetEnd>
            <POS>NNS</POS>
            <deprel>conj</deprel>
            <depreal_head_id>19</depreal_head_id>
            <depreal_head_text>sales</depreal_head_text>
            <ner>O</ner>
          </token>
          <token id="22">
            <word>from</word>
            <lemma>from</lemma>
            <CharacterOffsetBegin>197</CharacterOffsetBegin>
            <CharacterOffsetEnd>201</CharacterOffsetEnd>
            <POS>IN</POS>
            <deprel>case</deprel>
            <depreal_head_id>23</depreal_head_id>
            <depreal_head_text>3</depreal_head_text>
            <ner>O</ner>
          </token>
          <token id="23">
            <word>3</word>
            <lemma>3</lemma>
            <CharacterOffsetBegin>202</CharacterOffsetBegin>
            <CharacterOffsetEnd>203</CharacterOffsetEnd>
            <POS>CD</POS>
            <deprel>nmod</deprel>
            <depreal_head_id>21</depreal_head_id>
            <depreal_head_text>bookings</depreal_head_text>
            <ner>B-DATE</ner>
          </token>
          <token id="24">
            <word>May</word>
            <lemma>May</lemma>
            <CharacterOffsetBegin>204</CharacterOffsetBegin>
            <CharacterOffsetEnd>207</CharacterOffsetEnd>
            <POS>NNP</POS>
            <deprel>nmod</deprel>
            <depreal_head_id>23</depreal_head_id>
            <depreal_head_text>3</depreal_head_text>
            <ner>E-DATE</ner>
          </token>
          <token id="25">
            <word>.</word>
            <lemma>.</lemma>
            <CharacterOffsetBegin>207</CharacterOffsetBegin>
            <CharacterOffsetEnd>208</CharacterOffsetEnd>
            <POS>.</POS>
            <deprel>punct</deprel>
            <depreal_head_id>18</depreal_head_id>
            <depreal_head_text>managing</depreal_head_text>
            <ner>O</ner>
          </token>
        </tokens>
      </sentence>
      <sentence section="content" type="bodyText" id="3">
        <tokens>
          <token id="1">
            <word>Starting</word>
            <lemma>start</lemma>
            <CharacterOffsetBegin>209</CharacterOffsetBegin>
            <CharacterOffsetEnd>217</CharacterOffsetEnd>
            <POS>VBG</POS>
            <deprel>advcl</deprel>
            <depreal_head_id>23</depreal_head_id>
            <depreal_head_text>managing</depreal_head_text>
            <ner>O</ner>
          </token>
          <token id="2">
            <word>on</word>
            <lemma>on</lemma>
            <CharacterOffsetBegin>218</CharacterOffsetBegin>
            <CharacterOffsetEnd>220</CharacterOffsetEnd>
            <POS>IN</POS>
            <deprel>mark</deprel>
            <depreal_head_id>3</depreal_head_id>
            <depreal_head_text>selected</depreal_head_text>
            <ner>O</ner>
          </token>
          <token id="3">
            <word>selected</word>
            <lemma>select</lemma>
            <CharacterOffsetBegin>221</CharacterOffsetBegin>
            <CharacterOffsetEnd>229</CharacterOffsetEnd>
            <POS>VBN</POS>
            <deprel>ccomp</deprel>
            <depreal_head_id>1</depreal_head_id>
            <depreal_head_text>Starting</depreal_head_text>
            <ner>O</ner>
          </token>
          <token id="4">
            <word>routed</word>
            <lemma>rout</lemma>
            <CharacterOffsetBegin>230</CharacterOffsetBegin>
            <CharacterOffsetEnd>236</CharacterOffsetEnd>
            <POS>VBN</POS>
            <deprel>xcomp</deprel>
            <depreal_head_id>3</depreal_head_id>
            <depreal_head_text>selected</depreal_head_text>
            <ner>O</ner>
          </token>
          <token id="5">
            <word>from</word>
            <lemma>from</lemma>
            <CharacterOffsetBegin>237</CharacterOffsetBegin>
            <CharacterOffsetEnd>241</CharacterOffsetEnd>
            <POS>IN</POS>
            <deprel>case</deprel>
            <depreal_head_id>7</depreal_head_id>
            <depreal_head_text>USA</depreal_head_text>
            <ner>O</ner>
          </token>
          <token id="6">
            <word>the</word>
            <lemma>the</lemma>
            <CharacterOffsetBegin>242</CharacterOffsetBegin>
            <CharacterOffsetEnd>245</CharacterOffsetEnd>
            <POS>DT</POS>
            <deprel>det</deprel>
            <depreal_head_id>7</depreal_head_id>
            <depreal_head_text>USA</depreal_head_text>
            <ner>O</ner>
          </token>
          <token id="7">
            <word>USA</word>
            <lemma>USA</lemma>
            <CharacterOffsetBegin>246</CharacterOffsetBegin>
            <CharacterOffsetEnd>249</CharacterOffsetEnd>
            <POS>NNP</POS>
            <deprel>obl</deprel>
            <depreal_head_id>4</depreal_head_id>
            <depreal_head_text>routed</depreal_head_text>
            <ner>S-GPE</ner>
          </token>
          <token id="8">
            <word>,</word>
            <lemma>,</lemma>
            <CharacterOffsetBegin>249</CharacterOffsetBegin>
            <CharacterOffsetEnd>250</CharacterOffsetEnd>
            <POS>,</POS>
            <deprel>punct</deprel>
            <depreal_head_id>9</depreal_head_id>
            <depreal_head_text>Italy</depreal_head_text>
            <ner>O</ner>
          </token>
          <token id="9">
            <word>Italy</word>
            <lemma>Italy</lemma>
            <CharacterOffsetBegin>251</CharacterOffsetBegin>
            <CharacterOffsetEnd>256</CharacterOffsetEnd>
            <POS>NNP</POS>
            <deprel>conj</deprel>
            <depreal_head_id>7</depreal_head_id>
            <depreal_head_text>USA</depreal_head_text>
            <ner>S-GPE</ner>
          </token>
          <token id="10">
            <word>,</word>
            <lemma>,</lemma>
            <CharacterOffsetBegin>256</CharacterOffsetBegin>
            <CharacterOffsetEnd>257</CharacterOffsetEnd>
            <POS>,</POS>
            <deprel>punct</deprel>
            <depreal_head_id>9</depreal_head_id>
            <depreal_head_text>Italy</depreal_head_text>
            <ner>O</ner>
          </token>
          <token id="11">
            <word>United</word>
            <lemma>United</lemma>
            <CharacterOffsetBegin>258</CharacterOffsetBegin>
            <CharacterOffsetEnd>264</CharacterOffsetEnd>
            <POS>NNP</POS>
            <deprel>conj</deprel>
            <depreal_head_id>7</depreal_head_id>
            <depreal_head_text>USA</depreal_head_text>
            <ner>B-GPE</ner>
          </token>
          <token id="12">
            <word>Kingdom</word>
            <lemma>Kingdom</lemma>
            <CharacterOffsetBegin>265</CharacterOffsetBegin>
            <CharacterOffsetEnd>272</CharacterOffsetEnd>
            <POS>NNP</POS>
            <deprel>flat</deprel>
            <depreal_head_id>11</depreal_head_id>
            <depreal_head_text>United</depreal_head_text>
            <ner>E-GPE</ner>
          </token>
          <token id="13">
            <word>,</word>
            <lemma>,</lemma>
            <CharacterOffsetBegin>272</CharacterOffsetBegin>
            <CharacterOffsetEnd>273</CharacterOffsetEnd>
            <POS>,</POS>
            <deprel>punct</deprel>
            <depreal_head_id>14</depreal_head_id>
            <depreal_head_text>Ireland</depreal_head_text>
            <ner>O</ner>
          </token>
          <token id="14">
            <word>Ireland</word>
            <lemma>Ireland</lemma>
            <CharacterOffsetBegin>274</CharacterOffsetBegin>
            <CharacterOffsetEnd>281</CharacterOffsetEnd>
            <POS>NNP</POS>
            <deprel>conj</deprel>
            <depreal_head_id>7</depreal_head_id>
            <depreal_head_text>USA</depreal_head_text>
            <ner>S-GPE</ner>
          </token>
          <token id="15">
            <word>and</word>
            <lemma>and</lemma>
            <CharacterOffsetBegin>282</CharacterOffsetBegin>
            <CharacterOffsetEnd>285</CharacterOffsetEnd>
            <POS>CC</POS>
            <deprel>cc</deprel>
            <depreal_head_id>16</depreal_head_id>
            <depreal_head_text>Germany</depreal_head_text>
            <ner>O</ner>
          </token>
          <token id="16">
            <word>Germany</word>
            <lemma>Germany</lemma>
            <CharacterOffsetBegin>286</CharacterOffsetBegin>
            <CharacterOffsetEnd>293</CharacterOffsetEnd>
            <POS>NNP</POS>
            <deprel>conj</deprel>
            <depreal_head_id>14</depreal_head_id>
            <depreal_head_text>Ireland</depreal_head_text>
            <ner>S-GPE</ner>
          </token>
          <token id="17">
            <word>,</word>
            <lemma>,</lemma>
            <CharacterOffsetBegin>293</CharacterOffsetBegin>
            <CharacterOffsetEnd>294</CharacterOffsetEnd>
            <POS>,</POS>
            <deprel>punct</deprel>
            <depreal_head_id>1</depreal_head_id>
            <depreal_head_text>Starting</depreal_head_text>
            <ner>O</ner>
          </token>
          <token id="18">
            <word>the</word>
            <lemma>the</lemma>
            <CharacterOffsetBegin>295</CharacterOffsetBegin>
            <CharacterOffsetEnd>298</CharacterOffsetEnd>
            <POS>DT</POS>
            <deprel>det</deprel>
            <depreal_head_id>19</depreal_head_id>
            <depreal_head_text>carriers</depreal_head_text>
            <ner>O</ner>
          </token>
          <token id="19">
            <word>carriers</word>
            <lemma>carrier</lemma>
            <CharacterOffsetBegin>299</CharacterOffsetBegin>
            <CharacterOffsetEnd>307</CharacterOffsetEnd>
            <POS>NNS</POS>
            <deprel>nsubj</deprel>
            <depreal_head_id>23</depreal_head_id>
            <depreal_head_text>managing</depreal_head_text>
            <ner>O</ner>
          </token>
          <token id="20">
            <word>are</word>
            <lemma>be</lemma>
            <CharacterOffsetBegin>308</CharacterOffsetBegin>
            <CharacterOffsetEnd>311</CharacterOffsetEnd>
            <POS>VBP</POS>
            <deprel>aux</deprel>
            <depreal_head_id>23</depreal_head_id>
            <depreal_head_text>managing</depreal_head_text>
            <ner>O</ner>
          </token>
          <token id="21">
            <word>now</word>
            <lemma>now</lemma>
            <CharacterOffsetBegin>312</CharacterOffsetBegin>
            <CharacterOffsetEnd>315</CharacterOffsetEnd>
            <POS>RB</POS>
            <deprel>advmod</deprel>
            <depreal_head_id>23</depreal_head_id>
            <depreal_head_text>managing</depreal_head_text>
            <ner>O</ner>
          </token>
          <token id="22">
            <word>jointly</word>
            <lemma>jointly</lemma>
            <CharacterOffsetBegin>316</CharacterOffsetBegin>
            <CharacterOffsetEnd>323</CharacterOffsetEnd>
            <POS>RB</POS>
            <deprel>advmod</deprel>
            <depreal_head_id>23</depreal_head_id>
            <depreal_head_text>managing</depreal_head_text>
            <ner>O</ner>
          </token>
          <token id="23">
            <word>managing</word>
            <lemma>manage</lemma>
            <CharacterOffsetBegin>324</CharacterOffsetBegin>
            <CharacterOffsetEnd>332</CharacterOffsetEnd>
            <POS>VBG</POS>
            <deprel>root</deprel>
            <depreal_head_id>0</depreal_head_id>
            <depreal_head_text>root</depreal_head_text>
            <ner>O</ner>
          </token>
          <token id="24">
            <word>sales</word>
            <lemma>sale</lemma>
            <CharacterOffsetBegin>333</CharacterOffsetBegin>
            <CharacterOffsetEnd>338</CharacterOffsetEnd>
            <POS>NNS</POS>
            <deprel>obj</deprel>
            <depreal_head_id>23</depreal_head_id>
            <depreal_head_text>managing</depreal_head_text>
            <ner>O</ner>
          </token>
          <token id="25">
            <word>and</word>
            <lemma>and</lemma>
            <CharacterOffsetBegin>339</CharacterOffsetBegin>
            <CharacterOffsetEnd>342</CharacterOffsetEnd>
            <POS>CC</POS>
            <deprel>cc</deprel>
            <depreal_head_id>26</depreal_head_id>
            <depreal_head_text>bookings</depreal_head_text>
            <ner>O</ner>
          </token>
          <token id="26">
            <word>bookings</word>
            <lemma>booking</lemma>
            <CharacterOffsetBegin>343</CharacterOffsetBegin>
            <CharacterOffsetEnd>351</CharacterOffsetEnd>
            <POS>NNS</POS>
            <deprel>conj</deprel>
            <depreal_head_id>24</depreal_head_id>
            <depreal_head_text>sales</depreal_head_text>
            <ner>O</ner>
          </token>
          <token id="27">
            <word>of</word>
            <lemma>of</lemma>
            <CharacterOffsetBegin>352</CharacterOffsetBegin>
            <CharacterOffsetEnd>354</CharacterOffsetEnd>
            <POS>IN</POS>
            <deprel>case</deprel>
            <depreal_head_id>31</depreal_head_id>
            <depreal_head_text>shipments</depreal_head_text>
            <ner>O</ner>
          </token>
          <token id="28">
            <word>standard</word>
            <lemma>standard</lemma>
            <CharacterOffsetBegin>355</CharacterOffsetBegin>
            <CharacterOffsetEnd>363</CharacterOffsetEnd>
            <POS>NN</POS>
            <deprel>compound</deprel>
            <depreal_head_id>31</depreal_head_id>
            <depreal_head_text>shipments</depreal_head_text>
            <ner>O</ner>
          </token>
          <token id="29">
            <word>and</word>
            <lemma>and</lemma>
            <CharacterOffsetBegin>364</CharacterOffsetBegin>
            <CharacterOffsetEnd>367</CharacterOffsetEnd>
            <POS>CC</POS>
            <deprel>cc</deprel>
            <depreal_head_id>30</depreal_head_id>
            <depreal_head_text>express</depreal_head_text>
            <ner>O</ner>
          </token>
          <token id="30">
            <word>express</word>
            <lemma>express</lemma>
            <CharacterOffsetBegin>368</CharacterOffsetBegin>
            <CharacterOffsetEnd>375</CharacterOffsetEnd>
            <POS>NN</POS>
            <deprel>conj</deprel>
            <depreal_head_id>28</depreal_head_id>
            <depreal_head_text>standard</depreal_head_text>
            <ner>O</ner>
          </token>
          <token id="31">
            <word>shipments</word>
            <lemma>shipment</lemma>
            <CharacterOffsetBegin>376</CharacterOffsetBegin>
            <CharacterOffsetEnd>385</CharacterOffsetEnd>
            <POS>NNS</POS>
            <deprel>nmod</deprel>
            <depreal_head_id>26</depreal_head_id>
            <depreal_head_text>bookings</depreal_head_text>
            <ner>O</ner>
          </token>
          <token id="32">
            <word>.</word>
            <lemma>.</lemma>
            <CharacterOffsetBegin>385</CharacterOffsetBegin>
            <CharacterOffsetEnd>386</CharacterOffsetEnd>
            <POS>.</POS>
            <deprel>punct</deprel>
            <depreal_head_id>23</depreal_head_id>
            <depreal_head_text>managing</depreal_head_text>
            <ner>O</ner>
          </token>
        </tokens>
      </sentence>
      <sentence section="content" type="bodyText" id="4">
        <tokens>
          <token id="1">
            <word>They</word>
            <lemma>they</lemma>
            <CharacterOffsetBegin>387</CharacterOffsetBegin>
            <CharacterOffsetEnd>391</CharacterOffsetEnd>
            <POS>PRP</POS>
            <deprel>nsubj</deprel>
            <depreal_head_id>3</depreal_head_id>
            <depreal_head_text>expand</depreal_head_text>
            <ner>O</ner>
          </token>
          <token id="2">
            <word>will</word>
            <lemma>will</lemma>
            <CharacterOffsetBegin>392</CharacterOffsetBegin>
            <CharacterOffsetEnd>396</CharacterOffsetEnd>
            <POS>MD</POS>
            <deprel>aux</deprel>
            <depreal_head_id>3</depreal_head_id>
            <depreal_head_text>expand</depreal_head_text>
            <ner>O</ner>
          </token>
          <token id="3">
            <word>expand</word>
            <lemma>expand</lemma>
            <CharacterOffsetBegin>397</CharacterOffsetBegin>
            <CharacterOffsetEnd>403</CharacterOffsetEnd>
            <POS>VB</POS>
            <deprel>root</deprel>
            <depreal_head_id>0</depreal_head_id>
            <depreal_head_text>root</depreal_head_text>
            <ner>O</ner>
          </token>
          <token id="4">
            <word>the</word>
            <lemma>the</lemma>
            <CharacterOffsetBegin>404</CharacterOffsetBegin>
            <CharacterOffsetEnd>407</CharacterOffsetEnd>
            <POS>DT</POS>
            <deprel>det</deprel>
            <depreal_head_id>6</depreal_head_id>
            <depreal_head_text>scope</depreal_head_text>
            <ner>O</ner>
          </token>
          <token id="5">
            <word>geographical</word>
            <lemma>geographical</lemma>
            <CharacterOffsetBegin>408</CharacterOffsetBegin>
            <CharacterOffsetEnd>420</CharacterOffsetEnd>
            <POS>JJ</POS>
            <deprel>amod</deprel>
            <depreal_head_id>6</depreal_head_id>
            <depreal_head_text>scope</depreal_head_text>
            <ner>O</ner>
          </token>
          <token id="6">
            <word>scope</word>
            <lemma>scope</lemma>
            <CharacterOffsetBegin>421</CharacterOffsetBegin>
            <CharacterOffsetEnd>426</CharacterOffsetEnd>
            <POS>NN</POS>
            <deprel>obj</deprel>
            <depreal_head_id>3</depreal_head_id>
            <depreal_head_text>expand</depreal_head_text>
            <ner>O</ner>
          </token>
          <token id="7">
            <word>in</word>
            <lemma>in</lemma>
            <CharacterOffsetBegin>427</CharacterOffsetBegin>
            <CharacterOffsetEnd>429</CharacterOffsetEnd>
            <POS>IN</POS>
            <deprel>case</deprel>
            <depreal_head_id>10</depreal_head_id>
            <depreal_head_text>months</depreal_head_text>
            <ner>O</ner>
          </token>
          <token id="8">
            <word>the</word>
            <lemma>the</lemma>
            <CharacterOffsetBegin>430</CharacterOffsetBegin>
            <CharacterOffsetEnd>433</CharacterOffsetEnd>
            <POS>DT</POS>
            <deprel>det</deprel>
            <depreal_head_id>10</depreal_head_id>
            <depreal_head_text>months</depreal_head_text>
            <ner>B-DATE</ner>
          </token>
          <token id="9">
            <word>coming</word>
            <lemma>come</lemma>
            <CharacterOffsetBegin>434</CharacterOffsetBegin>
            <CharacterOffsetEnd>440</CharacterOffsetEnd>
            <POS>VBG</POS>
            <deprel>compound</deprel>
            <depreal_head_id>10</depreal_head_id>
            <depreal_head_text>months</depreal_head_text>
            <ner>I-DATE</ner>
          </token>
          <token id="10">
            <word>months</word>
            <lemma>month</lemma>
            <CharacterOffsetBegin>441</CharacterOffsetBegin>
            <CharacterOffsetEnd>447</CharacterOffsetEnd>
            <POS>NNS</POS>
            <deprel>obl</deprel>
            <depreal_head_id>3</depreal_head_id>
            <depreal_head_text>expand</depreal_head_text>
            <ner>E-DATE</ner>
          </token>
          <token id="11">
            <word>and</word>
            <lemma>and</lemma>
            <CharacterOffsetBegin>448</CharacterOffsetBegin>
            <CharacterOffsetEnd>451</CharacterOffsetEnd>
            <POS>CC</POS>
            <deprel>cc</deprel>
            <depreal_head_id>12</depreal_head_id>
            <depreal_head_text>plan</depreal_head_text>
            <ner>O</ner>
          </token>
          <token id="12">
            <word>plan</word>
            <lemma>plan</lemma>
            <CharacterOffsetBegin>452</CharacterOffsetBegin>
            <CharacterOffsetEnd>456</CharacterOffsetEnd>
            <POS>VB</POS>
            <deprel>conj</deprel>
            <depreal_head_id>3</depreal_head_id>
            <depreal_head_text>expand</depreal_head_text>
            <ner>O</ner>
          </token>
          <token id="13">
            <word>to</word>
            <lemma>to</lemma>
            <CharacterOffsetBegin>457</CharacterOffsetBegin>
            <CharacterOffsetEnd>459</CharacterOffsetEnd>
            <POS>TO</POS>
            <deprel>mark</deprel>
            <depreal_head_id>14</depreal_head_id>
            <depreal_head_text>include</depreal_head_text>
            <ner>O</ner>
          </token>
          <token id="14">
            <word>include</word>
            <lemma>include</lemma>
            <CharacterOffsetBegin>460</CharacterOffsetBegin>
            <CharacterOffsetEnd>467</CharacterOffsetEnd>
            <POS>VB</POS>
            <deprel>xcomp</deprel>
            <depreal_head_id>12</depreal_head_id>
            <depreal_head_text>plan</depreal_head_text>
            <ner>O</ner>
          </token>
          <token id="15">
            <word>additional</word>
            <lemma>additional</lemma>
            <CharacterOffsetBegin>468</CharacterOffsetBegin>
            <CharacterOffsetEnd>478</CharacterOffsetEnd>
            <POS>JJ</POS>
            <deprel>amod</deprel>
            <depreal_head_id>16</depreal_head_id>
            <depreal_head_text>products</depreal_head_text>
            <ner>O</ner>
          </token>
          <token id="16">
            <word>products</word>
            <lemma>product</lemma>
            <CharacterOffsetBegin>479</CharacterOffsetBegin>
            <CharacterOffsetEnd>487</CharacterOffsetEnd>
            <POS>NNS</POS>
            <deprel>obj</deprel>
            <depreal_head_id>14</depreal_head_id>
            <depreal_head_text>include</depreal_head_text>
            <ner>O</ner>
          </token>
          <token id="17">
            <word>and</word>
            <lemma>and</lemma>
            <CharacterOffsetBegin>488</CharacterOffsetBegin>
            <CharacterOffsetEnd>491</CharacterOffsetEnd>
            <POS>CC</POS>
            <deprel>cc</deprel>
            <depreal_head_id>18</depreal_head_id>
            <depreal_head_text>features</depreal_head_text>
            <ner>O</ner>
          </token>
          <token id="18">
            <word>features</word>
            <lemma>feature</lemma>
            <CharacterOffsetBegin>492</CharacterOffsetBegin>
            <CharacterOffsetEnd>500</CharacterOffsetEnd>
            <POS>NNS</POS>
            <deprel>conj</deprel>
            <depreal_head_id>16</depreal_head_id>
            <depreal_head_text>products</depreal_head_text>
            <ner>O</ner>
          </token>
          <token id="19">
            <word>in</word>
            <lemma>in</lemma>
            <CharacterOffsetBegin>501</CharacterOffsetBegin>
            <CharacterOffsetEnd>503</CharacterOffsetEnd>
            <POS>IN</POS>
            <deprel>case</deprel>
            <depreal_head_id>21</depreal_head_id>
            <depreal_head_text>future</depreal_head_text>
            <ner>O</ner>
          </token>
          <token id="20">
            <word>the</word>
            <lemma>the</lemma>
            <CharacterOffsetBegin>504</CharacterOffsetBegin>
            <CharacterOffsetEnd>507</CharacterOffsetEnd>
            <POS>DT</POS>
            <deprel>det</deprel>
            <depreal_head_id>21</depreal_head_id>
            <depreal_head_text>future</depreal_head_text>
            <ner>O</ner>
          </token>
          <token id="21">
            <word>future</word>
            <lemma>future</lemma>
            <CharacterOffsetBegin>508</CharacterOffsetBegin>
            <CharacterOffsetEnd>514</CharacterOffsetEnd>
            <POS>NN</POS>
            <deprel>nmod</deprel>
            <depreal_head_id>18</depreal_head_id>
            <depreal_head_text>features</depreal_head_text>
            <ner>O</ner>
          </token>
          <token id="22">
            <word>.</word>
            <lemma>.</lemma>
            <CharacterOffsetBegin>514</CharacterOffsetBegin>
            <CharacterOffsetEnd>515</CharacterOffsetEnd>
            <POS>.</POS>
            <deprel>punct</deprel>
            <depreal_head_id>3</depreal_head_id>
            <depreal_head_text>expand</depreal_head_text>
            <ner>O</ner>
          </token>
        </tokens>
      </sentence>
      <sentence section="content" type="bodyText" id="5">
        <tokens>
          <token id="1">
            <word>Lufthansa</word>
            <lemma>Lufthansa</lemma>
            <CharacterOffsetBegin>516</CharacterOffsetBegin>
            <CharacterOffsetEnd>525</CharacterOffsetEnd>
            <POS>NNP</POS>
            <deprel>nsubj</deprel>
            <depreal_head_id>3</depreal_head_id>
            <depreal_head_text>chairman</depreal_head_text>
            <ner>B-ORG</ner>
          </token>
          <token id="2">
            <word>Cargo</word>
            <lemma>cargo</lemma>
            <CharacterOffsetBegin>526</CharacterOffsetBegin>
            <CharacterOffsetEnd>531</CharacterOffsetEnd>
            <POS>NNP</POS>
            <deprel>compound</deprel>
            <depreal_head_id>3</depreal_head_id>
            <depreal_head_text>chairman</depreal_head_text>
            <ner>E-ORG</ner>
          </token>
          <token id="3">
            <word>chairman</word>
            <lemma>chairman</lemma>
            <CharacterOffsetBegin>532</CharacterOffsetBegin>
            <CharacterOffsetEnd>540</CharacterOffsetEnd>
            <POS>NN</POS>
            <deprel>flat</deprel>
            <depreal_head_id>9</depreal_head_id>
            <depreal_head_text>Peter</depreal_head_text>
            <ner>O</ner>
          </token>
          <token id="4">
            <word>and</word>
            <lemma>and</lemma>
            <CharacterOffsetBegin>541</CharacterOffsetBegin>
            <CharacterOffsetEnd>544</CharacterOffsetEnd>
            <POS>CC</POS>
            <deprel>cc</deprel>
            <depreal_head_id>7</depreal_head_id>
            <depreal_head_text>officer</depreal_head_text>
            <ner>O</ner>
          </token>
          <token id="5">
            <word>chief</word>
            <lemma>chief</lemma>
            <CharacterOffsetBegin>545</CharacterOffsetBegin>
            <CharacterOffsetEnd>550</CharacterOffsetEnd>
            <POS>JJ</POS>
            <deprel>amod</deprel>
            <depreal_head_id>7</depreal_head_id>
            <depreal_head_text>officer</depreal_head_text>
            <ner>O</ner>
          </token>
          <token id="6">
            <word>executive</word>
            <lemma>executive</lemma>
            <CharacterOffsetBegin>551</CharacterOffsetBegin>
            <CharacterOffsetEnd>560</CharacterOffsetEnd>
            <POS>JJ</POS>
            <deprel>amod</deprel>
            <depreal_head_id>7</depreal_head_id>
            <depreal_head_text>officer</depreal_head_text>
            <ner>O</ner>
          </token>
          <token id="7">
            <word>officer</word>
            <lemma>officer</lemma>
            <CharacterOffsetBegin>561</CharacterOffsetBegin>
            <CharacterOffsetEnd>568</CharacterOffsetEnd>
            <POS>NN</POS>
            <deprel>conj</deprel>
            <depreal_head_id>3</depreal_head_id>
            <depreal_head_text>chairman</depreal_head_text>
            <ner>O</ner>
          </token>
          <token id="8">
            <word>,</word>
            <lemma>,</lemma>
            <CharacterOffsetBegin>568</CharacterOffsetBegin>
            <CharacterOffsetEnd>569</CharacterOffsetEnd>
            <POS>,</POS>
            <deprel>punct</deprel>
            <depreal_head_id>3</depreal_head_id>
            <depreal_head_text>chairman</depreal_head_text>
            <ner>O</ner>
          </token>
          <token id="9">
            <word>Peter</word>
            <lemma>Peter</lemma>
            <CharacterOffsetBegin>570</CharacterOffsetBegin>
            <CharacterOffsetEnd>575</CharacterOffsetEnd>
            <POS>NNP</POS>
            <deprel>nsubj</deprel>
            <depreal_head_id>11</depreal_head_id>
            <depreal_head_text>says</depreal_head_text>
            <ner>B-PERSON</ner>
          </token>
          <token id="10">
            <word>Gerber</word>
            <lemma>Gerber</lemma>
            <CharacterOffsetBegin>576</CharacterOffsetBegin>
            <CharacterOffsetEnd>582</CharacterOffsetEnd>
            <POS>NNP</POS>
            <deprel>flat</deprel>
            <depreal_head_id>9</depreal_head_id>
            <depreal_head_text>Peter</depreal_head_text>
            <ner>E-PERSON</ner>
          </token>
          <token id="11">
            <word>says</word>
            <lemma>say</lemma>
            <CharacterOffsetBegin>583</CharacterOffsetBegin>
            <CharacterOffsetEnd>587</CharacterOffsetEnd>
            <POS>VBZ</POS>
            <deprel>root</deprel>
            <depreal_head_id>0</depreal_head_id>
            <depreal_head_text>root</depreal_head_text>
            <ner>O</ner>
          </token>
          <token id="12">
            <word>the</word>
            <lemma>the</lemma>
            <CharacterOffsetBegin>588</CharacterOffsetBegin>
            <CharacterOffsetEnd>591</CharacterOffsetEnd>
            <POS>DT</POS>
            <deprel>det</deprel>
            <depreal_head_id>14</depreal_head_id>
            <depreal_head_text>venture</depreal_head_text>
            <ner>O</ner>
          </token>
          <token id="13">
            <word>joint</word>
            <lemma>joint</lemma>
            <CharacterOffsetBegin>592</CharacterOffsetBegin>
            <CharacterOffsetEnd>597</CharacterOffsetEnd>
            <POS>JJ</POS>
            <deprel>amod</deprel>
            <depreal_head_id>14</depreal_head_id>
            <depreal_head_text>venture</depreal_head_text>
            <ner>O</ner>
          </token>
          <token id="14">
            <word>venture</word>
            <lemma>venture</lemma>
            <CharacterOffsetBegin>598</CharacterOffsetBegin>
            <CharacterOffsetEnd>605</CharacterOffsetEnd>
            <POS>NN</POS>
            <deprel>nsubj</deprel>
            <depreal_head_id>16</depreal_head_id>
            <depreal_head_text>provide</depreal_head_text>
            <ner>O</ner>
          </token>
          <token id="15">
            <word>will</word>
            <lemma>will</lemma>
            <CharacterOffsetBegin>606</CharacterOffsetBegin>
            <CharacterOffsetEnd>610</CharacterOffsetEnd>
            <POS>MD</POS>
            <deprel>aux</deprel>
            <depreal_head_id>16</depreal_head_id>
            <depreal_head_text>provide</depreal_head_text>
            <ner>O</ner>
          </token>
          <token id="16">
            <word>provide</word>
            <lemma>provide</lemma>
            <CharacterOffsetBegin>611</CharacterOffsetBegin>
            <CharacterOffsetEnd>618</CharacterOffsetEnd>
            <POS>VB</POS>
            <deprel>xcomp</deprel>
            <depreal_head_id>11</depreal_head_id>
            <depreal_head_text>says</depreal_head_text>
            <ner>O</ner>
          </token>
          <token id="17">
            <word>enhanced</word>
            <lemma>enhanced</lemma>
            <CharacterOffsetBegin>619</CharacterOffsetBegin>
            <CharacterOffsetEnd>627</CharacterOffsetEnd>
            <POS>JJ</POS>
            <deprel>amod</deprel>
            <depreal_head_id>18</depreal_head_id>
            <depreal_head_text>value</depreal_head_text>
            <ner>O</ner>
          </token>
          <token id="18">
            <word>value</word>
            <lemma>value</lemma>
            <CharacterOffsetBegin>628</CharacterOffsetBegin>
            <CharacterOffsetEnd>633</CharacterOffsetEnd>
            <POS>NN</POS>
            <deprel>obj</deprel>
            <depreal_head_id>16</depreal_head_id>
            <depreal_head_text>provide</depreal_head_text>
            <ner>O</ner>
          </token>
          <token id="19">
            <word>to</word>
            <lemma>to</lemma>
            <CharacterOffsetBegin>634</CharacterOffsetBegin>
            <CharacterOffsetEnd>636</CharacterOffsetEnd>
            <POS>TO</POS>
            <deprel>case</deprel>
            <depreal_head_id>20</depreal_head_id>
            <depreal_head_text>customers</depreal_head_text>
            <ner>O</ner>
          </token>
          <token id="20">
            <word>customers</word>
            <lemma>customer</lemma>
            <CharacterOffsetBegin>637</CharacterOffsetBegin>
            <CharacterOffsetEnd>646</CharacterOffsetEnd>
            <POS>NNS</POS>
            <deprel>obl</deprel>
            <depreal_head_id>16</depreal_head_id>
            <depreal_head_text>provide</depreal_head_text>
            <ner>O</ner>
          </token>
          <token id="21">
            <word>,</word>
            <lemma>,</lemma>
            <CharacterOffsetBegin>646</CharacterOffsetBegin>
            <CharacterOffsetEnd>647</CharacterOffsetEnd>
            <POS>,</POS>
            <deprel>punct</deprel>
            <depreal_head_id>22</depreal_head_id>
            <depreal_head_text>saying</depreal_head_text>
            <ner>O</ner>
          </token>
          <token id="22">
            <word>saying</word>
            <lemma>say</lemma>
            <CharacterOffsetBegin>648</CharacterOffsetBegin>
            <CharacterOffsetEnd>654</CharacterOffsetEnd>
            <POS>VBG</POS>
            <deprel>conj</deprel>
            <depreal_head_id>16</depreal_head_id>
            <depreal_head_text>provide</depreal_head_text>
            <ner>O</ner>
          </token>
          <token id="23">
            <word>:</word>
            <lemma>:</lemma>
            <CharacterOffsetBegin>654</CharacterOffsetBegin>
            <CharacterOffsetEnd>655</CharacterOffsetEnd>
            <POS>:</POS>
            <deprel>punct</deprel>
            <depreal_head_id>22</depreal_head_id>
            <depreal_head_text>saying</depreal_head_text>
            <ner>O</ner>
          </token>
          <token id="24">
            <word>"</word>
            <lemma>&amp;quot;</lemma>
            <CharacterOffsetBegin>656</CharacterOffsetBegin>
            <CharacterOffsetEnd>657</CharacterOffsetEnd>
            <POS>``</POS>
            <deprel>punct</deprel>
            <depreal_head_id>26</depreal_head_id>
            <depreal_head_text>combination</depreal_head_text>
            <ner>O</ner>
          </token>
          <token id="25">
            <word>The</word>
            <lemma>the</lemma>
            <CharacterOffsetBegin>657</CharacterOffsetBegin>
            <CharacterOffsetEnd>660</CharacterOffsetEnd>
            <POS>DT</POS>
            <deprel>det</deprel>
            <depreal_head_id>26</depreal_head_id>
            <depreal_head_text>combination</depreal_head_text>
            <ner>O</ner>
          </token>
          <token id="26">
            <word>combination</word>
            <lemma>combination</lemma>
            <CharacterOffsetBegin>661</CharacterOffsetBegin>
            <CharacterOffsetEnd>672</CharacterOffsetEnd>
            <POS>NN</POS>
            <deprel>nsubj</deprel>
            <depreal_head_id>32</depreal_head_id>
            <depreal_head_text>offers</depreal_head_text>
            <ner>O</ner>
          </token>
          <token id="27">
            <word>of</word>
            <lemma>of</lemma>
            <CharacterOffsetBegin>673</CharacterOffsetBegin>
            <CharacterOffsetEnd>675</CharacterOffsetEnd>
            <POS>IN</POS>
            <deprel>case</deprel>
            <depreal_head_id>31</depreal_head_id>
            <depreal_head_text>networks</depreal_head_text>
            <ner>O</ner>
          </token>
          <token id="28">
            <word>the</word>
            <lemma>the</lemma>
            <CharacterOffsetBegin>676</CharacterOffsetBegin>
            <CharacterOffsetEnd>679</CharacterOffsetEnd>
            <POS>DT</POS>
            <deprel>det</deprel>
            <depreal_head_id>31</depreal_head_id>
            <depreal_head_text>networks</depreal_head_text>
            <ner>O</ner>
          </token>
          <token id="29">
            <word>two</word>
            <lemma>two</lemma>
            <CharacterOffsetBegin>680</CharacterOffsetBegin>
            <CharacterOffsetEnd>683</CharacterOffsetEnd>
            <POS>CD</POS>
            <deprel>nummod</deprel>
            <depreal_head_id>31</depreal_head_id>
            <depreal_head_text>networks</depreal_head_text>
            <ner>S-CARDINAL</ner>
          </token>
          <token id="30">
            <word>strong</word>
            <lemma>strong</lemma>
            <CharacterOffsetBegin>684</CharacterOffsetBegin>
            <CharacterOffsetEnd>690</CharacterOffsetEnd>
            <POS>JJ</POS>
            <deprel>amod</deprel>
            <depreal_head_id>31</depreal_head_id>
            <depreal_head_text>networks</depreal_head_text>
            <ner>O</ner>
          </token>
          <token id="31">
            <word>networks</word>
            <lemma>network</lemma>
            <CharacterOffsetBegin>691</CharacterOffsetBegin>
            <CharacterOffsetEnd>699</CharacterOffsetEnd>
            <POS>NNS</POS>
            <deprel>nmod</deprel>
            <depreal_head_id>26</depreal_head_id>
            <depreal_head_text>combination</depreal_head_text>
            <ner>O</ner>
          </token>
          <token id="32">
            <word>offers</word>
            <lemma>offer</lemma>
            <CharacterOffsetBegin>700</CharacterOffsetBegin>
            <CharacterOffsetEnd>706</CharacterOffsetEnd>
            <POS>VBZ</POS>
            <deprel>ccomp</deprel>
            <depreal_head_id>22</depreal_head_id>
            <depreal_head_text>saying</depreal_head_text>
            <ner>O</ner>
          </token>
          <token id="33">
            <word>new</word>
            <lemma>new</lemma>
            <CharacterOffsetBegin>707</CharacterOffsetBegin>
            <CharacterOffsetEnd>710</CharacterOffsetEnd>
            <POS>JJ</POS>
            <deprel>amod</deprel>
            <depreal_head_id>34</depreal_head_id>
            <depreal_head_text>routing</depreal_head_text>
            <ner>O</ner>
          </token>
          <token id="34">
            <word>routing</word>
            <lemma>routing</lemma>
            <CharacterOffsetBegin>711</CharacterOffsetBegin>
            <CharacterOffsetEnd>718</CharacterOffsetEnd>
            <POS>NN</POS>
            <deprel>compound</deprel>
            <depreal_head_id>35</depreal_head_id>
            <depreal_head_text>options</depreal_head_text>
            <ner>O</ner>
          </token>
          <token id="35">
            <word>options</word>
            <lemma>option</lemma>
            <CharacterOffsetBegin>719</CharacterOffsetBegin>
            <CharacterOffsetEnd>726</CharacterOffsetEnd>
            <POS>NNS</POS>
            <deprel>obj</deprel>
            <depreal_head_id>32</depreal_head_id>
            <depreal_head_text>offers</depreal_head_text>
            <ner>O</ner>
          </token>
          <token id="36">
            <word>.</word>
            <lemma>.</lemma>
            <CharacterOffsetBegin>726</CharacterOffsetBegin>
            <CharacterOffsetEnd>727</CharacterOffsetEnd>
            <POS>.</POS>
            <deprel>punct</deprel>
            <depreal_head_id>32</depreal_head_id>
            <depreal_head_text>offers</depreal_head_text>
            <ner>O</ner>
          </token>
          <token id="37">
            <word>The</word>
            <lemma>the</lemma>
            <CharacterOffsetBegin>728</CharacterOffsetBegin>
            <CharacterOffsetEnd>731</CharacterOffsetEnd>
            <POS>DT</POS>
            <deprel>det</deprel>
            <depreal_head_id>38</depreal_head_id>
            <depreal_head_text>co-location</depreal_head_text>
            <ner>O</ner>
          </token>
          <token id="38">
            <word>co-location</word>
            <lemma>co-location</lemma>
            <CharacterOffsetBegin>732</CharacterOffsetBegin>
            <CharacterOffsetEnd>743</CharacterOffsetEnd>
            <POS>NN</POS>
            <deprel>nsubj</deprel>
            <depreal_head_id>32</depreal_head_id>
            <depreal_head_text>offers</depreal_head_text>
            <ner>O</ner>
          </token>
          <token id="39">
            <word>of</word>
            <lemma>of</lemma>
            <CharacterOffsetBegin>744</CharacterOffsetBegin>
            <CharacterOffsetEnd>746</CharacterOffsetEnd>
            <POS>IN</POS>
            <deprel>case</deprel>
            <depreal_head_id>41</depreal_head_id>
            <depreal_head_text>warehouses</depreal_head_text>
            <ner>O</ner>
          </token>
          <token id="40">
            <word>our</word>
            <lemma>we</lemma>
            <CharacterOffsetBegin>747</CharacterOffsetBegin>
            <CharacterOffsetEnd>750</CharacterOffsetEnd>
            <POS>PRP$</POS>
            <deprel>nmod:poss</deprel>
            <depreal_head_id>41</depreal_head_id>
            <depreal_head_text>warehouses</depreal_head_text>
            <ner>O</ner>
          </token>
          <token id="41">
            <word>warehouses</word>
            <lemma>warehouse</lemma>
            <CharacterOffsetBegin>751</CharacterOffsetBegin>
            <CharacterOffsetEnd>761</CharacterOffsetEnd>
            <POS>NNS</POS>
            <deprel>nmod</deprel>
            <depreal_head_id>38</depreal_head_id>
            <depreal_head_text>co-location</depreal_head_text>
            <ner>O</ner>
          </token>
          <token id="42">
            <word>,</word>
            <lemma>,</lemma>
            <CharacterOffsetBegin>761</CharacterOffsetBegin>
            <CharacterOffsetEnd>762</CharacterOffsetEnd>
            <POS>,</POS>
            <deprel>punct</deprel>
            <depreal_head_id>44</depreal_head_id>
            <depreal_head_text>Munich</depreal_head_text>
            <ner>O</ner>
          </token>
          <token id="43">
            <word>in</word>
            <lemma>in</lemma>
            <CharacterOffsetBegin>763</CharacterOffsetBegin>
            <CharacterOffsetEnd>765</CharacterOffsetEnd>
            <POS>IN</POS>
            <deprel>case</deprel>
            <depreal_head_id>44</depreal_head_id>
            <depreal_head_text>Munich</depreal_head_text>
            <ner>O</ner>
          </token>
          <token id="44">
            <word>Munich</word>
            <lemma>Munich</lemma>
            <CharacterOffsetBegin>766</CharacterOffsetBegin>
            <CharacterOffsetEnd>772</CharacterOffsetEnd>
            <POS>NNP</POS>
            <deprel>nmod</deprel>
            <depreal_head_id>38</depreal_head_id>
            <depreal_head_text>co-location</depreal_head_text>
            <ner>S-GPE</ner>
          </token>
          <token id="45">
            <word>for</word>
            <lemma>for</lemma>
            <CharacterOffsetBegin>773</CharacterOffsetBegin>
            <CharacterOffsetEnd>776</CharacterOffsetEnd>
            <POS>IN</POS>
            <deprel>case</deprel>
            <depreal_head_id>44</depreal_head_id>
            <depreal_head_text>Munich</depreal_head_text>
            <ner>O</ner>
          </token>
          <token id="46">
            <word>example</word>
            <lemma>example</lemma>
            <CharacterOffsetBegin>777</CharacterOffsetBegin>
            <CharacterOffsetEnd>784</CharacterOffsetEnd>
            <POS>NN</POS>
            <deprel>fixed</deprel>
            <depreal_head_id>45</depreal_head_id>
            <depreal_head_text>for</depreal_head_text>
            <ner>O</ner>
          </token>
          <token id="47">
            <word>,</word>
            <lemma>,</lemma>
            <CharacterOffsetBegin>784</CharacterOffsetBegin>
            <CharacterOffsetEnd>785</CharacterOffsetEnd>
            <POS>,</POS>
            <deprel>punct</deprel>
            <depreal_head_id>45</depreal_head_id>
            <depreal_head_text>for</depreal_head_text>
            <ner>O</ner>
          </token>
          <token id="48">
            <word>is</word>
            <lemma>be</lemma>
            <CharacterOffsetBegin>786</CharacterOffsetBegin>
            <CharacterOffsetEnd>788</CharacterOffsetEnd>
            <POS>VBZ</POS>
            <deprel>cop</deprel>
            <depreal_head_id>51</depreal_head_id>
            <depreal_head_text>benefit</depreal_head_text>
            <ner>O</ner>
          </token>
          <token id="49">
            <word>an</word>
            <lemma>an</lemma>
            <CharacterOffsetBegin>789</CharacterOffsetBegin>
            <CharacterOffsetEnd>791</CharacterOffsetEnd>
            <POS>DT</POS>
            <deprel>det</deprel>
            <depreal_head_id>51</depreal_head_id>
            <depreal_head_text>benefit</depreal_head_text>
            <ner>O</ner>
          </token>
          <token id="50">
            <word>additional</word>
            <lemma>additional</lemma>
            <CharacterOffsetBegin>792</CharacterOffsetBegin>
            <CharacterOffsetEnd>802</CharacterOffsetEnd>
            <POS>JJ</POS>
            <deprel>amod</deprel>
            <depreal_head_id>51</depreal_head_id>
            <depreal_head_text>benefit</depreal_head_text>
            <ner>O</ner>
          </token>
          <token id="51">
            <word>benefit</word>
            <lemma>benefit</lemma>
            <CharacterOffsetBegin>803</CharacterOffsetBegin>
            <CharacterOffsetEnd>810</CharacterOffsetEnd>
            <POS>NN</POS>
            <deprel>conj</deprel>
            <depreal_head_id>44</depreal_head_id>
            <depreal_head_text>Munich</depreal_head_text>
            <ner>O</ner>
          </token>
          <token id="52">
            <word>,</word>
            <lemma>,</lemma>
            <CharacterOffsetBegin>810</CharacterOffsetBegin>
            <CharacterOffsetEnd>811</CharacterOffsetEnd>
            <POS>,</POS>
            <deprel>punct</deprel>
            <depreal_head_id>55</depreal_head_id>
            <depreal_head_text>needing</depreal_head_text>
            <ner>O</ner>
          </token>
          <token id="53">
            <word>with</word>
            <lemma>with</lemma>
            <CharacterOffsetBegin>812</CharacterOffsetBegin>
            <CharacterOffsetEnd>816</CharacterOffsetEnd>
            <POS>IN</POS>
            <deprel>mark</deprel>
            <depreal_head_id>55</depreal_head_id>
            <depreal_head_text>needing</depreal_head_text>
            <ner>O</ner>
          </token>
          <token id="54">
            <word>customers</word>
            <lemma>customer</lemma>
            <CharacterOffsetBegin>817</CharacterOffsetBegin>
            <CharacterOffsetEnd>826</CharacterOffsetEnd>
            <POS>NNS</POS>
            <deprel>nsubj</deprel>
            <depreal_head_id>55</depreal_head_id>
            <depreal_head_text>needing</depreal_head_text>
            <ner>O</ner>
          </token>
          <token id="55">
            <word>needing</word>
            <lemma>need</lemma>
            <CharacterOffsetBegin>827</CharacterOffsetBegin>
            <CharacterOffsetEnd>834</CharacterOffsetEnd>
            <POS>VBG</POS>
            <deprel>advcl</deprel>
            <depreal_head_id>51</depreal_head_id>
            <depreal_head_text>benefit</depreal_head_text>
            <ner>O</ner>
          </token>
          <token id="56">
            <word>only</word>
            <lemma>only</lemma>
            <CharacterOffsetBegin>835</CharacterOffsetBegin>
            <CharacterOffsetEnd>839</CharacterOffsetEnd>
            <POS>RB</POS>
            <deprel>advmod</deprel>
            <depreal_head_id>57</depreal_head_id>
            <depreal_head_text>one</depreal_head_text>
            <ner>B-CARDINAL</ner>
          </token>
          <token id="57">
            <word>one</word>
            <lemma>one</lemma>
            <CharacterOffsetBegin>840</CharacterOffsetBegin>
            <CharacterOffsetEnd>843</CharacterOffsetEnd>
            <POS>CD</POS>
            <deprel>nummod</deprel>
            <depreal_head_id>58</depreal_head_id>
            <depreal_head_text>location</depreal_head_text>
            <ner>E-CARDINAL</ner>
          </token>
          <token id="58">
            <word>location</word>
            <lemma>location</lemma>
            <CharacterOffsetBegin>844</CharacterOffsetBegin>
            <CharacterOffsetEnd>852</CharacterOffsetEnd>
            <POS>NN</POS>
            <deprel>obj</deprel>
            <depreal_head_id>55</depreal_head_id>
            <depreal_head_text>needing</depreal_head_text>
            <ner>O</ner>
          </token>
          <token id="59">
            <word>for</word>
            <lemma>for</lemma>
            <CharacterOffsetBegin>853</CharacterOffsetBegin>
            <CharacterOffsetEnd>856</CharacterOffsetEnd>
            <POS>IN</POS>
            <deprel>case</deprel>
            <depreal_head_id>60</depreal_head_id>
            <depreal_head_text>export</depreal_head_text>
            <ner>O</ner>
          </token>
          <token id="60">
            <word>export</word>
            <lemma>export</lemma>
            <CharacterOffsetBegin>857</CharacterOffsetBegin>
            <CharacterOffsetEnd>863</CharacterOffsetEnd>
            <POS>NN</POS>
            <deprel>nmod</deprel>
            <depreal_head_id>58</depreal_head_id>
            <depreal_head_text>location</depreal_head_text>
            <ner>O</ner>
          </token>
          <token id="61">
            <word>drop-off</word>
            <lemma>drop-off</lemma>
            <CharacterOffsetBegin>864</CharacterOffsetBegin>
            <CharacterOffsetEnd>872</CharacterOffsetEnd>
            <POS>NN</POS>
            <deprel>flat</deprel>
            <depreal_head_id>60</depreal_head_id>
            <depreal_head_text>export</depreal_head_text>
            <ner>O</ner>
          </token>
          <token id="62">
            <word>and</word>
            <lemma>and</lemma>
            <CharacterOffsetBegin>873</CharacterOffsetBegin>
            <CharacterOffsetEnd>876</CharacterOffsetEnd>
            <POS>CC</POS>
            <deprel>cc</deprel>
            <depreal_head_id>63</depreal_head_id>
            <depreal_head_text>import</depreal_head_text>
            <ner>O</ner>
          </token>
          <token id="63">
            <word>import</word>
            <lemma>import</lemma>
            <CharacterOffsetBegin>877</CharacterOffsetBegin>
            <CharacterOffsetEnd>883</CharacterOffsetEnd>
            <POS>VB</POS>
            <deprel>conj</deprel>
            <depreal_head_id>61</depreal_head_id>
            <depreal_head_text>drop-off</depreal_head_text>
            <ner>O</ner>
          </token>
          <token id="64">
            <word>delivery</word>
            <lemma>delivery</lemma>
            <CharacterOffsetBegin>884</CharacterOffsetBegin>
            <CharacterOffsetEnd>892</CharacterOffsetEnd>
            <POS>NN</POS>
            <deprel>advmod</deprel>
            <depreal_head_id>63</depreal_head_id>
            <depreal_head_text>import</depreal_head_text>
            <ner>O</ner>
          </token>
          <token id="65">
            <word>.</word>
            <lemma>.</lemma>
            <CharacterOffsetBegin>892</CharacterOffsetBegin>
            <CharacterOffsetEnd>893</CharacterOffsetEnd>
            <POS>.</POS>
            <deprel>punct</deprel>
            <depreal_head_id>51</depreal_head_id>
            <depreal_head_text>benefit</depreal_head_text>
            <ner>O</ner>
          </token>
        </tokens>
      </sentence>
      <sentence section="content" type="bodyText" id="6">
        <tokens>
          <token id="1">
            <word>"</word>
            <lemma>&amp;quot;</lemma>
            <CharacterOffsetBegin>894</CharacterOffsetBegin>
            <CharacterOffsetEnd>895</CharacterOffsetEnd>
            <POS>``</POS>
            <deprel>punct</deprel>
            <depreal_head_id>2</depreal_head_id>
            <depreal_head_text>Aligned</depreal_head_text>
            <ner>O</ner>
          </token>
          <token id="2">
            <word>Aligned</word>
            <lemma>align</lemma>
            <CharacterOffsetBegin>895</CharacterOffsetBegin>
            <CharacterOffsetEnd>902</CharacterOffsetEnd>
            <POS>VBN</POS>
            <deprel>advcl</deprel>
            <depreal_head_id>11</depreal_head_id>
            <depreal_head_text>lead</depreal_head_text>
            <ner>O</ner>
          </token>
          <token id="3">
            <word>processes</word>
            <lemma>process</lemma>
            <CharacterOffsetBegin>903</CharacterOffsetBegin>
            <CharacterOffsetEnd>912</CharacterOffsetEnd>
            <POS>NNS</POS>
            <deprel>obj</deprel>
            <depreal_head_id>2</depreal_head_id>
            <depreal_head_text>Aligned</depreal_head_text>
            <ner>O</ner>
          </token>
          <token id="4">
            <word>and</word>
            <lemma>and</lemma>
            <CharacterOffsetBegin>913</CharacterOffsetBegin>
            <CharacterOffsetEnd>916</CharacterOffsetEnd>
            <POS>CC</POS>
            <deprel>cc</deprel>
            <depreal_head_id>6</depreal_head_id>
            <depreal_head_text>transfers</depreal_head_text>
            <ner>O</ner>
          </token>
          <token id="5">
            <word>quicker</word>
            <lemma>quicker</lemma>
            <CharacterOffsetBegin>917</CharacterOffsetBegin>
            <CharacterOffsetEnd>924</CharacterOffsetEnd>
            <POS>JJR</POS>
            <deprel>amod</deprel>
            <depreal_head_id>6</depreal_head_id>
            <depreal_head_text>transfers</depreal_head_text>
            <ner>O</ner>
          </token>
          <token id="6">
            <word>transfers</word>
            <lemma>transfer</lemma>
            <CharacterOffsetBegin>925</CharacterOffsetBegin>
            <CharacterOffsetEnd>934</CharacterOffsetEnd>
            <POS>NNS</POS>
            <deprel>obj</deprel>
            <depreal_head_id>2</depreal_head_id>
            <depreal_head_text>Aligned</depreal_head_text>
            <ner>O</ner>
          </token>
          <token id="7">
            <word>between</word>
            <lemma>between</lemma>
            <CharacterOffsetBegin>935</CharacterOffsetBegin>
            <CharacterOffsetEnd>942</CharacterOffsetEnd>
            <POS>IN</POS>
            <deprel>case</deprel>
            <depreal_head_id>9</depreal_head_id>
            <depreal_head_text>warehouses</depreal_head_text>
            <ner>O</ner>
          </token>
          <token id="8">
            <word>separate</word>
            <lemma>separate</lemma>
            <CharacterOffsetBegin>943</CharacterOffsetBegin>
            <CharacterOffsetEnd>951</CharacterOffsetEnd>
            <POS>JJ</POS>
            <deprel>amod</deprel>
            <depreal_head_id>9</depreal_head_id>
            <depreal_head_text>warehouses</depreal_head_text>
            <ner>O</ner>
          </token>
          <token id="9">
            <word>warehouses</word>
            <lemma>warehouse</lemma>
            <CharacterOffsetBegin>952</CharacterOffsetBegin>
            <CharacterOffsetEnd>962</CharacterOffsetEnd>
            <POS>NNS</POS>
            <deprel>nmod</deprel>
            <depreal_head_id>6</depreal_head_id>
            <depreal_head_text>transfers</depreal_head_text>
            <ner>O</ner>
          </token>
          <token id="10">
            <word>also</word>
            <lemma>also</lemma>
            <CharacterOffsetBegin>963</CharacterOffsetBegin>
            <CharacterOffsetEnd>967</CharacterOffsetEnd>
            <POS>RB</POS>
            <deprel>advmod</deprel>
            <depreal_head_id>11</depreal_head_id>
            <depreal_head_text>lead</depreal_head_text>
            <ner>O</ner>
          </token>
          <token id="11">
            <word>lead</word>
            <lemma>lead</lemma>
            <CharacterOffsetBegin>968</CharacterOffsetBegin>
            <CharacterOffsetEnd>972</CharacterOffsetEnd>
            <POS>VBP</POS>
            <deprel>root</deprel>
            <depreal_head_id>0</depreal_head_id>
            <depreal_head_text>root</depreal_head_text>
            <ner>O</ner>
          </token>
          <token id="12">
            <word>to</word>
            <lemma>to</lemma>
            <CharacterOffsetBegin>973</CharacterOffsetBegin>
            <CharacterOffsetEnd>975</CharacterOffsetEnd>
            <POS>TO</POS>
            <deprel>mark</deprel>
            <depreal_head_id>13</depreal_head_id>
            <depreal_head_text>streamlined</depreal_head_text>
            <ner>O</ner>
          </token>
          <token id="13">
            <word>streamlined</word>
            <lemma>streamline</lemma>
            <CharacterOffsetBegin>976</CharacterOffsetBegin>
            <CharacterOffsetEnd>987</CharacterOffsetEnd>
            <POS>VBN</POS>
            <deprel>advcl</deprel>
            <depreal_head_id>11</depreal_head_id>
            <depreal_head_text>lead</depreal_head_text>
            <ner>O</ner>
          </token>
          <token id="14">
            <word>transport</word>
            <lemma>transport</lemma>
            <CharacterOffsetBegin>988</CharacterOffsetBegin>
            <CharacterOffsetEnd>997</CharacterOffsetEnd>
            <POS>NN</POS>
            <deprel>compound</deprel>
            <depreal_head_id>15</depreal_head_id>
            <depreal_head_text>times</depreal_head_text>
            <ner>O</ner>
          </token>
          <token id="15">
            <word>times</word>
            <lemma>time</lemma>
            <CharacterOffsetBegin>998</CharacterOffsetBegin>
            <CharacterOffsetEnd>1003</CharacterOffsetEnd>
            <POS>NNS</POS>
            <deprel>obj</deprel>
            <depreal_head_id>13</depreal_head_id>
            <depreal_head_text>streamlined</depreal_head_text>
            <ner>O</ner>
          </token>
          <token id="16">
            <word>.</word>
            <lemma>.</lemma>
            <CharacterOffsetBegin>1003</CharacterOffsetBegin>
            <CharacterOffsetEnd>1004</CharacterOffsetEnd>
            <POS>.</POS>
            <deprel>punct</deprel>
            <depreal_head_id>11</depreal_head_id>
            <depreal_head_text>lead</depreal_head_text>
            <ner>O</ner>
          </token>
          <token id="17">
            <word>"</word>
            <lemma>&amp;quot;</lemma>
            <CharacterOffsetBegin>1004</CharacterOffsetBegin>
            <CharacterOffsetEnd>1005</CharacterOffsetEnd>
            <POS>''</POS>
            <deprel>punct</deprel>
            <depreal_head_id>11</depreal_head_id>
            <depreal_head_text>lead</depreal_head_text>
            <ner>O</ner>
          </token>
        </tokens>
      </sentence>
      <sentence section="content" type="bodyText" id="7">
        <tokens>
          <token id="1">
            <word>United</word>
            <lemma>United</lemma>
            <CharacterOffsetBegin>1006</CharacterOffsetBegin>
            <CharacterOffsetEnd>1012</CharacterOffsetEnd>
            <POS>NNP</POS>
            <deprel>nsubj</deprel>
            <depreal_head_id>7</depreal_head_id>
            <depreal_head_text>adds</depreal_head_text>
            <ner>B-ORG</ner>
          </token>
          <token id="2">
            <word>Cargo</word>
            <lemma>cargo</lemma>
            <CharacterOffsetBegin>1013</CharacterOffsetBegin>
            <CharacterOffsetEnd>1018</CharacterOffsetEnd>
            <POS>NNP</POS>
            <deprel>flat</deprel>
            <depreal_head_id>1</depreal_head_id>
            <depreal_head_text>United</depreal_head_text>
            <ner>E-ORG</ner>
          </token>
          <token id="3">
            <word>president</word>
            <lemma>president</lemma>
            <CharacterOffsetBegin>1019</CharacterOffsetBegin>
            <CharacterOffsetEnd>1028</CharacterOffsetEnd>
            <POS>NN</POS>
            <deprel>flat</deprel>
            <depreal_head_id>1</depreal_head_id>
            <depreal_head_text>United</depreal_head_text>
            <ner>O</ner>
          </token>
          <token id="4">
            <word>,</word>
            <lemma>,</lemma>
            <CharacterOffsetBegin>1028</CharacterOffsetBegin>
            <CharacterOffsetEnd>1029</CharacterOffsetEnd>
            <POS>,</POS>
            <deprel>punct</deprel>
            <depreal_head_id>1</depreal_head_id>
            <depreal_head_text>United</depreal_head_text>
            <ner>O</ner>
          </token>
          <token id="5">
            <word>Jan</word>
            <lemma>Jan</lemma>
            <CharacterOffsetBegin>1030</CharacterOffsetBegin>
            <CharacterOffsetEnd>1033</CharacterOffsetEnd>
            <POS>NNP</POS>
            <deprel>nsubj</deprel>
            <depreal_head_id>7</depreal_head_id>
            <depreal_head_text>adds</depreal_head_text>
            <ner>B-PERSON</ner>
          </token>
          <token id="6">
            <word>Krems</word>
            <lemma>Krems</lemma>
            <CharacterOffsetBegin>1034</CharacterOffsetBegin>
            <CharacterOffsetEnd>1039</CharacterOffsetEnd>
            <POS>NNP</POS>
            <deprel>punct</deprel>
            <depreal_head_id>5</depreal_head_id>
            <depreal_head_text>Jan</depreal_head_text>
            <ner>E-PERSON</ner>
          </token>
          <token id="7">
            <word>adds</word>
            <lemma>add</lemma>
            <CharacterOffsetBegin>1040</CharacterOffsetBegin>
            <CharacterOffsetEnd>1044</CharacterOffsetEnd>
            <POS>VBZ</POS>
            <deprel>root</deprel>
            <depreal_head_id>0</depreal_head_id>
            <depreal_head_text>root</depreal_head_text>
            <ner>O</ner>
          </token>
          <token id="8">
            <word>:</word>
            <lemma>:</lemma>
            <CharacterOffsetBegin>1044</CharacterOffsetBegin>
            <CharacterOffsetEnd>1045</CharacterOffsetEnd>
            <POS>:</POS>
            <deprel>punct</deprel>
            <depreal_head_id>7</depreal_head_id>
            <depreal_head_text>adds</depreal_head_text>
            <ner>O</ner>
          </token>
          <token id="9">
            <word>"</word>
            <lemma>&amp;quot;</lemma>
            <CharacterOffsetBegin>1046</CharacterOffsetBegin>
            <CharacterOffsetEnd>1047</CharacterOffsetEnd>
            <POS>``</POS>
            <deprel>punct</deprel>
            <depreal_head_id>13</depreal_head_id>
            <depreal_head_text>venture</depreal_head_text>
            <ner>O</ner>
          </token>
          <token id="10">
            <word>Through</word>
            <lemma>through</lemma>
            <CharacterOffsetBegin>1047</CharacterOffsetBegin>
            <CharacterOffsetEnd>1054</CharacterOffsetEnd>
            <POS>IN</POS>
            <deprel>case</deprel>
            <depreal_head_id>13</depreal_head_id>
            <depreal_head_text>venture</depreal_head_text>
            <ner>O</ner>
          </token>
          <token id="11">
            <word>our</word>
            <lemma>we</lemma>
            <CharacterOffsetBegin>1055</CharacterOffsetBegin>
            <CharacterOffsetEnd>1058</CharacterOffsetEnd>
            <POS>PRP$</POS>
            <deprel>nmod:poss</deprel>
            <depreal_head_id>13</depreal_head_id>
            <depreal_head_text>venture</depreal_head_text>
            <ner>O</ner>
          </token>
          <token id="12">
            <word>joint</word>
            <lemma>joint</lemma>
            <CharacterOffsetBegin>1059</CharacterOffsetBegin>
            <CharacterOffsetEnd>1064</CharacterOffsetEnd>
            <POS>JJ</POS>
            <deprel>amod</deprel>
            <depreal_head_id>13</depreal_head_id>
            <depreal_head_text>venture</depreal_head_text>
            <ner>O</ner>
          </token>
          <token id="13">
            <word>venture</word>
            <lemma>venture</lemma>
            <CharacterOffsetBegin>1065</CharacterOffsetBegin>
            <CharacterOffsetEnd>1072</CharacterOffsetEnd>
            <POS>NN</POS>
            <deprel>obl</deprel>
            <depreal_head_id>19</depreal_head_id>
            <depreal_head_text>offer</depreal_head_text>
            <ner>O</ner>
          </token>
          <token id="14">
            <word>,</word>
            <lemma>,</lemma>
            <CharacterOffsetBegin>1072</CharacterOffsetBegin>
            <CharacterOffsetEnd>1073</CharacterOffsetEnd>
            <POS>,</POS>
            <deprel>punct</deprel>
            <depreal_head_id>13</depreal_head_id>
            <depreal_head_text>venture</depreal_head_text>
            <ner>O</ner>
          </token>
          <token id="15">
            <word>United</word>
            <lemma>United</lemma>
            <CharacterOffsetBegin>1074</CharacterOffsetBegin>
            <CharacterOffsetEnd>1080</CharacterOffsetEnd>
            <POS>NNP</POS>
            <deprel>conj</deprel>
            <depreal_head_id>13</depreal_head_id>
            <depreal_head_text>venture</depreal_head_text>
            <ner>S-ORG</ner>
          </token>
          <token id="16">
            <word>and</word>
            <lemma>and</lemma>
            <CharacterOffsetBegin>1081</CharacterOffsetBegin>
            <CharacterOffsetEnd>1084</CharacterOffsetEnd>
            <POS>CC</POS>
            <deprel>cc</deprel>
            <depreal_head_id>17</depreal_head_id>
            <depreal_head_text>Lufthansa</depreal_head_text>
            <ner>O</ner>
          </token>
          <token id="17">
            <word>Lufthansa</word>
            <lemma>Lufthansa</lemma>
            <CharacterOffsetBegin>1085</CharacterOffsetBegin>
            <CharacterOffsetEnd>1094</CharacterOffsetEnd>
            <POS>NNP</POS>
            <deprel>conj</deprel>
            <depreal_head_id>15</depreal_head_id>
            <depreal_head_text>United</depreal_head_text>
            <ner>B-ORG</ner>
          </token>
          <token id="18">
            <word>Cargo</word>
            <lemma>cargo</lemma>
            <CharacterOffsetBegin>1095</CharacterOffsetBegin>
            <CharacterOffsetEnd>1100</CharacterOffsetEnd>
            <POS>NNP</POS>
            <deprel>nsubj</deprel>
            <depreal_head_id>19</depreal_head_id>
            <depreal_head_text>offer</depreal_head_text>
            <ner>E-ORG</ner>
          </token>
          <token id="19">
            <word>offer</word>
            <lemma>offer</lemma>
            <CharacterOffsetBegin>1101</CharacterOffsetBegin>
            <CharacterOffsetEnd>1106</CharacterOffsetEnd>
            <POS>VBP</POS>
            <deprel>conj</deprel>
            <depreal_head_id>7</depreal_head_id>
            <depreal_head_text>adds</depreal_head_text>
            <ner>O</ner>
          </token>
          <token id="20">
            <word>transatlantic</word>
            <lemma>transatlantic</lemma>
            <CharacterOffsetBegin>1107</CharacterOffsetBegin>
            <CharacterOffsetEnd>1120</CharacterOffsetEnd>
            <POS>JJ</POS>
            <deprel>amod</deprel>
            <depreal_head_id>21</depreal_head_id>
            <depreal_head_text>shippers</depreal_head_text>
            <ner>O</ner>
          </token>
          <token id="21">
            <word>shippers</word>
            <lemma>shipper</lemma>
            <CharacterOffsetBegin>1121</CharacterOffsetBegin>
            <CharacterOffsetEnd>1129</CharacterOffsetEnd>
            <POS>NNS</POS>
            <deprel>compound</deprel>
            <depreal_head_id>23</depreal_head_id>
            <depreal_head_text>options</depreal_head_text>
            <ner>O</ner>
          </token>
          <token id="22">
            <word>more</word>
            <lemma>much</lemma>
            <CharacterOffsetBegin>1130</CharacterOffsetBegin>
            <CharacterOffsetEnd>1134</CharacterOffsetEnd>
            <POS>JJR</POS>
            <deprel>amod</deprel>
            <depreal_head_id>23</depreal_head_id>
            <depreal_head_text>options</depreal_head_text>
            <ner>O</ner>
          </token>
          <token id="23">
            <word>options</word>
            <lemma>option</lemma>
            <CharacterOffsetBegin>1135</CharacterOffsetBegin>
            <CharacterOffsetEnd>1142</CharacterOffsetEnd>
            <POS>NNS</POS>
            <deprel>obj</deprel>
            <depreal_head_id>19</depreal_head_id>
            <depreal_head_text>offer</depreal_head_text>
            <ner>O</ner>
          </token>
          <token id="24">
            <word>that</word>
            <lemma>that</lemma>
            <CharacterOffsetBegin>1143</CharacterOffsetBegin>
            <CharacterOffsetEnd>1147</CharacterOffsetEnd>
            <POS>WDT</POS>
            <deprel>nsubj</deprel>
            <depreal_head_id>25</depreal_head_id>
            <depreal_head_text>produce</depreal_head_text>
            <ner>O</ner>
          </token>
          <token id="25">
            <word>produce</word>
            <lemma>produce</lemma>
            <CharacterOffsetBegin>1148</CharacterOffsetBegin>
            <CharacterOffsetEnd>1155</CharacterOffsetEnd>
            <POS>VBP</POS>
            <deprel>acl:relcl</deprel>
            <depreal_head_id>23</depreal_head_id>
            <depreal_head_text>options</depreal_head_text>
            <ner>O</ner>
          </token>
          <token id="26">
            <word>these</word>
            <lemma>this</lemma>
            <CharacterOffsetBegin>1156</CharacterOffsetBegin>
            <CharacterOffsetEnd>1161</CharacterOffsetEnd>
            <POS>DT</POS>
            <deprel>det</deprel>
            <depreal_head_id>27</depreal_head_id>
            <depreal_head_text>benefits</depreal_head_text>
            <ner>O</ner>
          </token>
          <token id="27">
            <word>benefits</word>
            <lemma>benefit</lemma>
            <CharacterOffsetBegin>1162</CharacterOffsetBegin>
            <CharacterOffsetEnd>1170</CharacterOffsetEnd>
            <POS>NNS</POS>
            <deprel>obj</deprel>
            <depreal_head_id>25</depreal_head_id>
            <depreal_head_text>produce</depreal_head_text>
            <ner>O</ner>
          </token>
          <token id="28">
            <word>–</word>
            <lemma>–</lemma>
            <CharacterOffsetBegin>1171</CharacterOffsetBegin>
            <CharacterOffsetEnd>1172</CharacterOffsetEnd>
            <POS>:</POS>
            <deprel>punct</deprel>
            <depreal_head_id>29</depreal_head_id>
            <depreal_head_text>including</depreal_head_text>
            <ner>O</ner>
          </token>
          <token id="29">
            <word>including</word>
            <lemma>include</lemma>
            <CharacterOffsetBegin>1173</CharacterOffsetBegin>
            <CharacterOffsetEnd>1182</CharacterOffsetEnd>
            <POS>VBG</POS>
            <deprel>conj</deprel>
            <depreal_head_id>25</depreal_head_id>
            <depreal_head_text>produce</depreal_head_text>
            <ner>O</ner>
          </token>
          <token id="30">
            <word>increased</word>
            <lemma>increase</lemma>
            <CharacterOffsetBegin>1183</CharacterOffsetBegin>
            <CharacterOffsetEnd>1192</CharacterOffsetEnd>
            <POS>VBN</POS>
            <deprel>xcomp</deprel>
            <depreal_head_id>29</depreal_head_id>
            <depreal_head_text>including</depreal_head_text>
            <ner>O</ner>
          </token>
          <token id="31">
            <word>frequencies</word>
            <lemma>frequency</lemma>
            <CharacterOffsetBegin>1193</CharacterOffsetBegin>
            <CharacterOffsetEnd>1204</CharacterOffsetEnd>
            <POS>NNS</POS>
            <deprel>obj</deprel>
            <depreal_head_id>30</depreal_head_id>
            <depreal_head_text>increased</depreal_head_text>
            <ner>O</ner>
          </token>
          <token id="32">
            <word>on</word>
            <lemma>on</lemma>
            <CharacterOffsetBegin>1205</CharacterOffsetBegin>
            <CharacterOffsetEnd>1207</CharacterOffsetEnd>
            <POS>IN</POS>
            <deprel>case</deprel>
            <depreal_head_id>35</depreal_head_id>
            <depreal_head_text>network</depreal_head_text>
            <ner>O</ner>
          </token>
          <token id="33">
            <word>a</word>
            <lemma>a</lemma>
            <CharacterOffsetBegin>1208</CharacterOffsetBegin>
            <CharacterOffsetEnd>1209</CharacterOffsetEnd>
            <POS>DT</POS>
            <deprel>det</deprel>
            <depreal_head_id>35</depreal_head_id>
            <depreal_head_text>network</depreal_head_text>
            <ner>O</ner>
          </token>
          <token id="34">
            <word>combined</word>
            <lemma>combine</lemma>
            <CharacterOffsetBegin>1210</CharacterOffsetBegin>
            <CharacterOffsetEnd>1218</CharacterOffsetEnd>
            <POS>VBN</POS>
            <deprel>compound</deprel>
            <depreal_head_id>35</depreal_head_id>
            <depreal_head_text>network</depreal_head_text>
            <ner>O</ner>
          </token>
          <token id="35">
            <word>network</word>
            <lemma>network</lemma>
            <CharacterOffsetBegin>1219</CharacterOffsetBegin>
            <CharacterOffsetEnd>1226</CharacterOffsetEnd>
            <POS>NN</POS>
            <deprel>obl</deprel>
            <depreal_head_id>30</depreal_head_id>
            <depreal_head_text>increased</depreal_head_text>
            <ner>O</ner>
          </token>
          <token id="36">
            <word>accessible</word>
            <lemma>accessible</lemma>
            <CharacterOffsetBegin>1227</CharacterOffsetBegin>
            <CharacterOffsetEnd>1237</CharacterOffsetEnd>
            <POS>JJ</POS>
            <deprel>amod</deprel>
            <depreal_head_id>35</depreal_head_id>
            <depreal_head_text>network</depreal_head_text>
            <ner>O</ner>
          </token>
          <token id="37">
            <word>through</word>
            <lemma>through</lemma>
            <CharacterOffsetBegin>1238</CharacterOffsetBegin>
            <CharacterOffsetEnd>1245</CharacterOffsetEnd>
            <POS>IN</POS>
            <deprel>case</deprel>
            <depreal_head_id>42</depreal_head_id>
            <depreal_head_text>channels</depreal_head_text>
            <ner>O</ner>
          </token>
          <token id="38">
            <word>either</word>
            <lemma>either</lemma>
            <CharacterOffsetBegin>1246</CharacterOffsetBegin>
            <CharacterOffsetEnd>1252</CharacterOffsetEnd>
            <POS>DT</POS>
            <deprel>cc</deprel>
            <depreal_head_id>39</depreal_head_id>
            <depreal_head_text>partner</depreal_head_text>
            <ner>O</ner>
          </token>
          <token id="39">
            <word>partner</word>
            <lemma>partner</lemma>
            <CharacterOffsetBegin>1253</CharacterOffsetBegin>
            <CharacterOffsetEnd>1260</CharacterOffsetEnd>
            <POS>NN</POS>
            <deprel>nmod:poss</deprel>
            <depreal_head_id>42</depreal_head_id>
            <depreal_head_text>channels</depreal_head_text>
            <ner>O</ner>
          </token>
          <token id="40">
            <word>'s</word>
            <lemma>'s</lemma>
            <CharacterOffsetBegin>1260</CharacterOffsetBegin>
            <CharacterOffsetEnd>1262</CharacterOffsetEnd>
            <POS>POS</POS>
            <deprel>case</deprel>
            <depreal_head_id>39</depreal_head_id>
            <depreal_head_text>partner</depreal_head_text>
            <ner>O</ner>
          </token>
          <token id="41">
            <word>booking</word>
            <lemma>book</lemma>
            <CharacterOffsetBegin>1263</CharacterOffsetBegin>
            <CharacterOffsetEnd>1270</CharacterOffsetEnd>
            <POS>VBG</POS>
            <deprel>compound</deprel>
            <depreal_head_id>42</depreal_head_id>
            <depreal_head_text>channels</depreal_head_text>
            <ner>O</ner>
          </token>
          <token id="42">
            <word>channels</word>
            <lemma>channel</lemma>
            <CharacterOffsetBegin>1271</CharacterOffsetBegin>
            <CharacterOffsetEnd>1279</CharacterOffsetEnd>
            <POS>NNS</POS>
            <deprel>nmod</deprel>
            <depreal_head_id>36</depreal_head_id>
            <depreal_head_text>accessible</depreal_head_text>
            <ner>O</ner>
          </token>
          <token id="43">
            <word>.</word>
            <lemma>.</lemma>
            <CharacterOffsetBegin>1279</CharacterOffsetBegin>
            <CharacterOffsetEnd>1280</CharacterOffsetEnd>
            <POS>.</POS>
            <deprel>punct</deprel>
            <depreal_head_id>45</depreal_head_id>
            <depreal_head_text>aligned</depreal_head_text>
            <ner>O</ner>
          </token>
          <token id="44">
            <word>Our</word>
            <lemma>we</lemma>
            <CharacterOffsetBegin>1281</CharacterOffsetBegin>
            <CharacterOffsetEnd>1284</CharacterOffsetEnd>
            <POS>PRP$</POS>
            <deprel>nsubj</deprel>
            <depreal_head_id>45</depreal_head_id>
            <depreal_head_text>aligned</depreal_head_text>
            <ner>O</ner>
          </token>
          <token id="45">
            <word>aligned</word>
            <lemma>align</lemma>
            <CharacterOffsetBegin>1285</CharacterOffsetBegin>
            <CharacterOffsetEnd>1292</CharacterOffsetEnd>
            <POS>VBN</POS>
            <deprel>appos</deprel>
            <depreal_head_id>42</depreal_head_id>
            <depreal_head_text>channels</depreal_head_text>
            <ner>O</ner>
          </token>
          <token id="46">
            <word>teams</word>
            <lemma>team</lemma>
            <CharacterOffsetBegin>1293</CharacterOffsetBegin>
            <CharacterOffsetEnd>1298</CharacterOffsetEnd>
            <POS>NNS</POS>
            <deprel>obj</deprel>
            <depreal_head_id>45</depreal_head_id>
            <depreal_head_text>aligned</depreal_head_text>
            <ner>O</ner>
          </token>
          <token id="47">
            <word>and</word>
            <lemma>and</lemma>
            <CharacterOffsetBegin>1299</CharacterOffsetBegin>
            <CharacterOffsetEnd>1302</CharacterOffsetEnd>
            <POS>CC</POS>
            <deprel>cc</deprel>
            <depreal_head_id>48</depreal_head_id>
            <depreal_head_text>processes</depreal_head_text>
            <ner>O</ner>
          </token>
          <token id="48">
            <word>processes</word>
            <lemma>process</lemma>
            <CharacterOffsetBegin>1303</CharacterOffsetBegin>
            <CharacterOffsetEnd>1312</CharacterOffsetEnd>
            <POS>NNS</POS>
            <deprel>conj</deprel>
            <depreal_head_id>46</depreal_head_id>
            <depreal_head_text>teams</depreal_head_text>
            <ner>O</ner>
          </token>
          <token id="49">
            <word>also</word>
            <lemma>also</lemma>
            <CharacterOffsetBegin>1313</CharacterOffsetBegin>
            <CharacterOffsetEnd>1317</CharacterOffsetEnd>
            <POS>RB</POS>
            <deprel>advmod</deprel>
            <depreal_head_id>50</depreal_head_id>
            <depreal_head_text>deliver</depreal_head_text>
            <ner>O</ner>
          </token>
          <token id="50">
            <word>deliver</word>
            <lemma>deliver</lemma>
            <CharacterOffsetBegin>1318</CharacterOffsetBegin>
            <CharacterOffsetEnd>1325</CharacterOffsetEnd>
            <POS>VBP</POS>
            <deprel>conj</deprel>
            <depreal_head_id>45</depreal_head_id>
            <depreal_head_text>aligned</depreal_head_text>
            <ner>O</ner>
          </token>
          <token id="51">
            <word>the</word>
            <lemma>the</lemma>
            <CharacterOffsetBegin>1326</CharacterOffsetBegin>
            <CharacterOffsetEnd>1329</CharacterOffsetEnd>
            <POS>DT</POS>
            <deprel>det</deprel>
            <depreal_head_id>54</depreal_head_id>
            <depreal_head_text>quality</depreal_head_text>
            <ner>O</ner>
          </token>
          <token id="52">
            <word>superior</word>
            <lemma>superior</lemma>
            <CharacterOffsetBegin>1330</CharacterOffsetBegin>
            <CharacterOffsetEnd>1338</CharacterOffsetEnd>
            <POS>JJ</POS>
            <deprel>amod</deprel>
            <depreal_head_id>54</depreal_head_id>
            <depreal_head_text>quality</depreal_head_text>
            <ner>O</ner>
          </token>
          <token id="53">
            <word>service</word>
            <lemma>service</lemma>
            <CharacterOffsetBegin>1339</CharacterOffsetBegin>
            <CharacterOffsetEnd>1346</CharacterOffsetEnd>
            <POS>NN</POS>
            <deprel>compound</deprel>
            <depreal_head_id>54</depreal_head_id>
            <depreal_head_text>quality</depreal_head_text>
            <ner>O</ner>
          </token>
          <token id="54">
            <word>quality</word>
            <lemma>quality</lemma>
            <CharacterOffsetBegin>1347</CharacterOffsetBegin>
            <CharacterOffsetEnd>1354</CharacterOffsetEnd>
            <POS>NN</POS>
            <deprel>obj</deprel>
            <depreal_head_id>50</depreal_head_id>
            <depreal_head_text>deliver</depreal_head_text>
            <ner>O</ner>
          </token>
          <token id="55">
            <word>essential</word>
            <lemma>essential</lemma>
            <CharacterOffsetBegin>1355</CharacterOffsetBegin>
            <CharacterOffsetEnd>1364</CharacterOffsetEnd>
            <POS>JJ</POS>
            <deprel>xcomp</deprel>
            <depreal_head_id>50</depreal_head_id>
            <depreal_head_text>deliver</depreal_head_text>
            <ner>O</ner>
          </token>
          <token id="56">
            <word>to</word>
            <lemma>to</lemma>
            <CharacterOffsetBegin>1365</CharacterOffsetBegin>
            <CharacterOffsetEnd>1367</CharacterOffsetEnd>
            <POS>TO</POS>
            <deprel>case</deprel>
            <depreal_head_id>60</depreal_head_id>
            <depreal_head_text>success</depreal_head_text>
            <ner>O</ner>
          </token>
          <token id="57">
            <word>our</word>
            <lemma>we</lemma>
            <CharacterOffsetBegin>1368</CharacterOffsetBegin>
            <CharacterOffsetEnd>1371</CharacterOffsetEnd>
            <POS>PRP$</POS>
            <deprel>nmod:poss</deprel>
            <depreal_head_id>58</depreal_head_id>
            <depreal_head_text>customers</depreal_head_text>
            <ner>O</ner>
          </token>
          <token id="58">
            <word>customers</word>
            <lemma>customer</lemma>
            <CharacterOffsetBegin>1372</CharacterOffsetBegin>
            <CharacterOffsetEnd>1381</CharacterOffsetEnd>
            <POS>NNS</POS>
            <deprel>nmod:poss</deprel>
            <depreal_head_id>60</depreal_head_id>
            <depreal_head_text>success</depreal_head_text>
            <ner>O</ner>
          </token>
          <token id="59">
            <word>'</word>
            <lemma>'s</lemma>
            <CharacterOffsetBegin>1381</CharacterOffsetBegin>
            <CharacterOffsetEnd>1382</CharacterOffsetEnd>
            <POS>POS</POS>
            <deprel>case</deprel>
            <depreal_head_id>58</depreal_head_id>
            <depreal_head_text>customers</depreal_head_text>
            <ner>O</ner>
          </token>
          <token id="60">
            <word>success</word>
            <lemma>success</lemma>
            <CharacterOffsetBegin>1383</CharacterOffsetBegin>
            <CharacterOffsetEnd>1390</CharacterOffsetEnd>
            <POS>NN</POS>
            <deprel>nmod</deprel>
            <depreal_head_id>55</depreal_head_id>
            <depreal_head_text>essential</depreal_head_text>
            <ner>O</ner>
          </token>
          <token id="61">
            <word>.</word>
            <lemma>.</lemma>
            <CharacterOffsetBegin>1390</CharacterOffsetBegin>
            <CharacterOffsetEnd>1391</CharacterOffsetEnd>
            <POS>.</POS>
            <deprel>punct</deprel>
            <depreal_head_id>50</depreal_head_id>
            <depreal_head_text>deliver</depreal_head_text>
            <ner>O</ner>
          </token>
          <token id="62">
            <word>"</word>
            <lemma>&amp;quot;</lemma>
            <CharacterOffsetBegin>1391</CharacterOffsetBegin>
            <CharacterOffsetEnd>1392</CharacterOffsetEnd>
            <POS>''</POS>
            <deprel>punct</deprel>
            <depreal_head_id>50</depreal_head_id>
            <depreal_head_text>deliver</depreal_head_text>
            <ner>O</ner>
          </token>
        </tokens>
      </sentence>
    </sentences>
  </document>
</root>
