<root>
  <document>
    <sentences>
      <sentence section="title" type="title" id="1">
        <tokens>
          <token id="1">
            <word>IATA</word>
            <lemma>Iata</lemma>
            <CharacterOffsetBegin>0</CharacterOffsetBegin>
            <CharacterOffsetEnd>4</CharacterOffsetEnd>
            <POS>NNP</POS>
            <deprel>compound</deprel>
            <depreal_head_id>2</depreal_head_id>
            <depreal_head_text>steps</depreal_head_text>
            <ner>S-ORG</ner>
          </token>
          <token id="2">
            <word>steps</word>
            <lemma>step</lemma>
            <CharacterOffsetBegin>5</CharacterOffsetBegin>
            <CharacterOffsetEnd>10</CharacterOffsetEnd>
            <POS>NNS</POS>
            <deprel>root</deprel>
            <depreal_head_id>0</depreal_head_id>
            <depreal_head_text>root</depreal_head_text>
            <ner>O</ner>
          </token>
          <token id="3">
            <word>in</word>
            <lemma>in</lemma>
            <CharacterOffsetBegin>11</CharacterOffsetBegin>
            <CharacterOffsetEnd>13</CharacterOffsetEnd>
            <POS>IN</POS>
            <deprel>case</deprel>
            <depreal_head_id>6</depreal_head_id>
            <depreal_head_text>shoes</depreal_head_text>
            <ner>O</ner>
          </token>
          <token id="4">
            <word>Swiss</word>
            <lemma>Swiss</lemma>
            <CharacterOffsetBegin>14</CharacterOffsetBegin>
            <CharacterOffsetEnd>19</CharacterOffsetEnd>
            <POS>NNP</POS>
            <deprel>nmod:poss</deprel>
            <depreal_head_id>6</depreal_head_id>
            <depreal_head_text>shoes</depreal_head_text>
            <ner>S-NORP</ner>
          </token>
          <token id="5">
            <word>'</word>
            <lemma>'s</lemma>
            <CharacterOffsetBegin>19</CharacterOffsetBegin>
            <CharacterOffsetEnd>20</CharacterOffsetEnd>
            <POS>POS</POS>
            <deprel>case</deprel>
            <depreal_head_id>4</depreal_head_id>
            <depreal_head_text>Swiss</depreal_head_text>
            <ner>O</ner>
          </token>
          <token id="6">
            <word>shoes</word>
            <lemma>shoe</lemma>
            <CharacterOffsetBegin>21</CharacterOffsetBegin>
            <CharacterOffsetEnd>26</CharacterOffsetEnd>
            <POS>NNS</POS>
            <deprel>nmod</deprel>
            <depreal_head_id>2</depreal_head_id>
            <depreal_head_text>steps</depreal_head_text>
            <ner>O</ner>
          </token>
        </tokens>
      </sentence>
      <sentence section="content" type="bodyText" id="2">
        <tokens>
          <token id="1">
            <word>IATA</word>
            <lemma>Iata</lemma>
            <CharacterOffsetBegin>27</CharacterOffsetBegin>
            <CharacterOffsetEnd>31</CharacterOffsetEnd>
            <POS>NNP</POS>
            <deprel>nsubj</deprel>
            <depreal_head_id>4</depreal_head_id>
            <depreal_head_text>seconding</depreal_head_text>
            <ner>S-ORG</ner>
          </token>
          <token id="2">
            <word>will</word>
            <lemma>will</lemma>
            <CharacterOffsetBegin>32</CharacterOffsetBegin>
            <CharacterOffsetEnd>36</CharacterOffsetEnd>
            <POS>MD</POS>
            <deprel>aux</deprel>
            <depreal_head_id>4</depreal_head_id>
            <depreal_head_text>seconding</depreal_head_text>
            <ner>O</ner>
          </token>
          <token id="3">
            <word>be</word>
            <lemma>be</lemma>
            <CharacterOffsetBegin>37</CharacterOffsetBegin>
            <CharacterOffsetEnd>39</CharacterOffsetEnd>
            <POS>VB</POS>
            <deprel>aux</deprel>
            <depreal_head_id>4</depreal_head_id>
            <depreal_head_text>seconding</depreal_head_text>
            <ner>O</ner>
          </token>
          <token id="4">
            <word>seconding</word>
            <lemma>second</lemma>
            <CharacterOffsetBegin>40</CharacterOffsetBegin>
            <CharacterOffsetEnd>49</CharacterOffsetEnd>
            <POS>VBG</POS>
            <deprel>root</deprel>
            <depreal_head_id>0</depreal_head_id>
            <depreal_head_text>root</depreal_head_text>
            <ner>O</ner>
          </token>
          <token id="5">
            <word>staff</word>
            <lemma>staff</lemma>
            <CharacterOffsetBegin>50</CharacterOffsetBegin>
            <CharacterOffsetEnd>55</CharacterOffsetEnd>
            <POS>NN</POS>
            <deprel>obj</deprel>
            <depreal_head_id>4</depreal_head_id>
            <depreal_head_text>seconding</depreal_head_text>
            <ner>O</ner>
          </token>
          <token id="6">
            <word>to</word>
            <lemma>to</lemma>
            <CharacterOffsetBegin>56</CharacterOffsetBegin>
            <CharacterOffsetEnd>58</CharacterOffsetEnd>
            <POS>TO</POS>
            <deprel>case</deprel>
            <depreal_head_id>8</depreal_head_id>
            <depreal_head_text>WorldCargo</depreal_head_text>
            <ner>O</ner>
          </token>
          <token id="7">
            <word>Swiss</word>
            <lemma>Swiss</lemma>
            <CharacterOffsetBegin>59</CharacterOffsetBegin>
            <CharacterOffsetEnd>64</CharacterOffsetEnd>
            <POS>NNP</POS>
            <deprel>obl</deprel>
            <depreal_head_id>4</depreal_head_id>
            <depreal_head_text>seconding</depreal_head_text>
            <ner>B-ORG</ner>
          </token>
          <token id="8">
            <word>WorldCargo</word>
            <lemma>Worldcargo</lemma>
            <CharacterOffsetBegin>65</CharacterOffsetBegin>
            <CharacterOffsetEnd>75</CharacterOffsetEnd>
            <POS>NNP</POS>
            <deprel>flat</deprel>
            <depreal_head_id>7</depreal_head_id>
            <depreal_head_text>Swiss</depreal_head_text>
            <ner>E-ORG</ner>
          </token>
          <token id="9">
            <word>in</word>
            <lemma>in</lemma>
            <CharacterOffsetBegin>76</CharacterOffsetBegin>
            <CharacterOffsetEnd>78</CharacterOffsetEnd>
            <POS>IN</POS>
            <deprel>case</deprel>
            <depreal_head_id>12</depreal_head_id>
            <depreal_head_text>programme</depreal_head_text>
            <ner>O</ner>
          </token>
          <token id="10">
            <word>a</word>
            <lemma>a</lemma>
            <CharacterOffsetBegin>79</CharacterOffsetBegin>
            <CharacterOffsetEnd>80</CharacterOffsetEnd>
            <POS>DT</POS>
            <deprel>det</deprel>
            <depreal_head_id>12</depreal_head_id>
            <depreal_head_text>programme</depreal_head_text>
            <ner>O</ner>
          </token>
          <token id="11">
            <word>development</word>
            <lemma>development</lemma>
            <CharacterOffsetBegin>81</CharacterOffsetBegin>
            <CharacterOffsetEnd>92</CharacterOffsetEnd>
            <POS>NN</POS>
            <deprel>compound</deprel>
            <depreal_head_id>12</depreal_head_id>
            <depreal_head_text>programme</depreal_head_text>
            <ner>O</ner>
          </token>
          <token id="12">
            <word>programme</word>
            <lemma>programme</lemma>
            <CharacterOffsetBegin>93</CharacterOffsetBegin>
            <CharacterOffsetEnd>102</CharacterOffsetEnd>
            <POS>NN</POS>
            <deprel>nmod</deprel>
            <depreal_head_id>8</depreal_head_id>
            <depreal_head_text>WorldCargo</depreal_head_text>
            <ner>O</ner>
          </token>
          <token id="13">
            <word>to</word>
            <lemma>to</lemma>
            <CharacterOffsetBegin>103</CharacterOffsetBegin>
            <CharacterOffsetEnd>105</CharacterOffsetEnd>
            <POS>TO</POS>
            <deprel>mark</deprel>
            <depreal_head_id>14</depreal_head_id>
            <depreal_head_text>enhance</depreal_head_text>
            <ner>O</ner>
          </token>
          <token id="14">
            <word>enhance</word>
            <lemma>enhance</lemma>
            <CharacterOffsetBegin>106</CharacterOffsetBegin>
            <CharacterOffsetEnd>113</CharacterOffsetEnd>
            <POS>VB</POS>
            <deprel>advcl</deprel>
            <depreal_head_id>4</depreal_head_id>
            <depreal_head_text>seconding</depreal_head_text>
            <ner>O</ner>
          </token>
          <token id="15">
            <word>the</word>
            <lemma>the</lemma>
            <CharacterOffsetBegin>114</CharacterOffsetBegin>
            <CharacterOffsetEnd>117</CharacterOffsetEnd>
            <POS>DT</POS>
            <deprel>det</deprel>
            <depreal_head_id>18</depreal_head_id>
            <depreal_head_text>capabilities</depreal_head_text>
            <ner>O</ner>
          </token>
          <token id="16">
            <word>association</word>
            <lemma>association</lemma>
            <CharacterOffsetBegin>118</CharacterOffsetBegin>
            <CharacterOffsetEnd>129</CharacterOffsetEnd>
            <POS>NN</POS>
            <deprel>nmod</deprel>
            <depreal_head_id>18</depreal_head_id>
            <depreal_head_text>capabilities</depreal_head_text>
            <ner>O</ner>
          </token>
          <token id="17">
            <word>'s</word>
            <lemma>'s</lemma>
            <CharacterOffsetBegin>129</CharacterOffsetBegin>
            <CharacterOffsetEnd>131</CharacterOffsetEnd>
            <POS>POS</POS>
            <deprel>case</deprel>
            <depreal_head_id>16</depreal_head_id>
            <depreal_head_text>association</depreal_head_text>
            <ner>O</ner>
          </token>
          <token id="18">
            <word>capabilities</word>
            <lemma>capability</lemma>
            <CharacterOffsetBegin>132</CharacterOffsetBegin>
            <CharacterOffsetEnd>144</CharacterOffsetEnd>
            <POS>NNS</POS>
            <deprel>obj</deprel>
            <depreal_head_id>14</depreal_head_id>
            <depreal_head_text>enhance</depreal_head_text>
            <ner>O</ner>
          </token>
          <token id="19">
            <word>in</word>
            <lemma>in</lemma>
            <CharacterOffsetBegin>145</CharacterOffsetBegin>
            <CharacterOffsetEnd>147</CharacterOffsetEnd>
            <POS>IN</POS>
            <deprel>case</deprel>
            <depreal_head_id>22</depreal_head_id>
            <depreal_head_text>field</depreal_head_text>
            <ner>O</ner>
          </token>
          <token id="20">
            <word>the</word>
            <lemma>the</lemma>
            <CharacterOffsetBegin>148</CharacterOffsetBegin>
            <CharacterOffsetEnd>151</CharacterOffsetEnd>
            <POS>DT</POS>
            <deprel>det</deprel>
            <depreal_head_id>22</depreal_head_id>
            <depreal_head_text>field</depreal_head_text>
            <ner>O</ner>
          </token>
          <token id="21">
            <word>cargo</word>
            <lemma>cargo</lemma>
            <CharacterOffsetBegin>152</CharacterOffsetBegin>
            <CharacterOffsetEnd>157</CharacterOffsetEnd>
            <POS>NN</POS>
            <deprel>compound</deprel>
            <depreal_head_id>22</depreal_head_id>
            <depreal_head_text>field</depreal_head_text>
            <ner>O</ner>
          </token>
          <token id="22">
            <word>field</word>
            <lemma>field</lemma>
            <CharacterOffsetBegin>158</CharacterOffsetBegin>
            <CharacterOffsetEnd>163</CharacterOffsetEnd>
            <POS>NN</POS>
            <deprel>nmod</deprel>
            <depreal_head_id>18</depreal_head_id>
            <depreal_head_text>capabilities</depreal_head_text>
            <ner>O</ner>
          </token>
          <token id="23">
            <word>and</word>
            <lemma>and</lemma>
            <CharacterOffsetBegin>164</CharacterOffsetBegin>
            <CharacterOffsetEnd>167</CharacterOffsetEnd>
            <POS>CC</POS>
            <deprel>cc</deprel>
            <depreal_head_id>25</depreal_head_id>
            <depreal_head_text>ensure</depreal_head_text>
            <ner>O</ner>
          </token>
          <token id="24">
            <word>"</word>
            <lemma>&amp;quot;</lemma>
            <CharacterOffsetBegin>168</CharacterOffsetBegin>
            <CharacterOffsetEnd>169</CharacterOffsetEnd>
            <POS>``</POS>
            <deprel>punct</deprel>
            <depreal_head_id>25</depreal_head_id>
            <depreal_head_text>ensure</depreal_head_text>
            <ner>O</ner>
          </token>
          <token id="25">
            <word>ensure</word>
            <lemma>ensure</lemma>
            <CharacterOffsetBegin>169</CharacterOffsetBegin>
            <CharacterOffsetEnd>175</CharacterOffsetEnd>
            <POS>VB</POS>
            <deprel>conj</deprel>
            <depreal_head_id>14</depreal_head_id>
            <depreal_head_text>enhance</depreal_head_text>
            <ner>O</ner>
          </token>
          <token id="26">
            <word>closer</word>
            <lemma>closer</lemma>
            <CharacterOffsetBegin>176</CharacterOffsetBegin>
            <CharacterOffsetEnd>182</CharacterOffsetEnd>
            <POS>JJR</POS>
            <deprel>amod</deprel>
            <depreal_head_id>27</depreal_head_id>
            <depreal_head_text>alignment</depreal_head_text>
            <ner>O</ner>
          </token>
          <token id="27">
            <word>alignment</word>
            <lemma>alignment</lemma>
            <CharacterOffsetBegin>183</CharacterOffsetBegin>
            <CharacterOffsetEnd>192</CharacterOffsetEnd>
            <POS>NN</POS>
            <deprel>obj</deprel>
            <depreal_head_id>25</depreal_head_id>
            <depreal_head_text>ensure</depreal_head_text>
            <ner>O</ner>
          </token>
          <token id="28">
            <word>on</word>
            <lemma>on</lemma>
            <CharacterOffsetBegin>193</CharacterOffsetBegin>
            <CharacterOffsetEnd>195</CharacterOffsetEnd>
            <POS>IN</POS>
            <deprel>case</deprel>
            <depreal_head_id>31</depreal_head_id>
            <depreal_head_text>issues</depreal_head_text>
            <ner>O</ner>
          </token>
          <token id="29">
            <word>the</word>
            <lemma>the</lemma>
            <CharacterOffsetBegin>196</CharacterOffsetBegin>
            <CharacterOffsetEnd>199</CharacterOffsetEnd>
            <POS>DT</POS>
            <deprel>det</deprel>
            <depreal_head_id>31</depreal_head_id>
            <depreal_head_text>issues</depreal_head_text>
            <ner>O</ner>
          </token>
          <token id="30">
            <word>key</word>
            <lemma>key</lemma>
            <CharacterOffsetBegin>200</CharacterOffsetBegin>
            <CharacterOffsetEnd>203</CharacterOffsetEnd>
            <POS>JJ</POS>
            <deprel>amod</deprel>
            <depreal_head_id>31</depreal_head_id>
            <depreal_head_text>issues</depreal_head_text>
            <ner>O</ner>
          </token>
          <token id="31">
            <word>issues</word>
            <lemma>issue</lemma>
            <CharacterOffsetBegin>204</CharacterOffsetBegin>
            <CharacterOffsetEnd>210</CharacterOffsetEnd>
            <POS>NNS</POS>
            <deprel>nmod</deprel>
            <depreal_head_id>27</depreal_head_id>
            <depreal_head_text>alignment</depreal_head_text>
            <ner>O</ner>
          </token>
          <token id="32">
            <word>facing</word>
            <lemma>face</lemma>
            <CharacterOffsetBegin>211</CharacterOffsetBegin>
            <CharacterOffsetEnd>217</CharacterOffsetEnd>
            <POS>VBG</POS>
            <deprel>acl</deprel>
            <depreal_head_id>31</depreal_head_id>
            <depreal_head_text>issues</depreal_head_text>
            <ner>O</ner>
          </token>
          <token id="33">
            <word>global</word>
            <lemma>global</lemma>
            <CharacterOffsetBegin>218</CharacterOffsetBegin>
            <CharacterOffsetEnd>224</CharacterOffsetEnd>
            <POS>JJ</POS>
            <deprel>amod</deprel>
            <depreal_head_id>34</depreal_head_id>
            <depreal_head_text>cargo</depreal_head_text>
            <ner>O</ner>
          </token>
          <token id="34">
            <word>cargo</word>
            <lemma>cargo</lemma>
            <CharacterOffsetBegin>225</CharacterOffsetBegin>
            <CharacterOffsetEnd>230</CharacterOffsetEnd>
            <POS>NN</POS>
            <deprel>obj</deprel>
            <depreal_head_id>32</depreal_head_id>
            <depreal_head_text>facing</depreal_head_text>
            <ner>O</ner>
          </token>
          <token id="35">
            <word>"</word>
            <lemma>&amp;quot;</lemma>
            <CharacterOffsetBegin>230</CharacterOffsetBegin>
            <CharacterOffsetEnd>231</CharacterOffsetEnd>
            <POS>''</POS>
            <deprel>punct</deprel>
            <depreal_head_id>25</depreal_head_id>
            <depreal_head_text>ensure</depreal_head_text>
            <ner>O</ner>
          </token>
          <token id="36">
            <word>.</word>
            <lemma>.</lemma>
            <CharacterOffsetBegin>231</CharacterOffsetBegin>
            <CharacterOffsetEnd>232</CharacterOffsetEnd>
            <POS>.</POS>
            <deprel>punct</deprel>
            <depreal_head_id>4</depreal_head_id>
            <depreal_head_text>seconding</depreal_head_text>
            <ner>O</ner>
          </token>
        </tokens>
      </sentence>
      <sentence section="content" type="bodyText" id="3">
        <tokens>
          <token id="1">
            <word>During</word>
            <lemma>during</lemma>
            <CharacterOffsetBegin>233</CharacterOffsetBegin>
            <CharacterOffsetEnd>239</CharacterOffsetEnd>
            <POS>IN</POS>
            <deprel>case</deprel>
            <depreal_head_id>4</depreal_head_id>
            <depreal_head_text>period</depreal_head_text>
            <ner>O</ner>
          </token>
          <token id="2">
            <word>the</word>
            <lemma>the</lemma>
            <CharacterOffsetBegin>240</CharacterOffsetBegin>
            <CharacterOffsetEnd>243</CharacterOffsetEnd>
            <POS>DT</POS>
            <deprel>det</deprel>
            <depreal_head_id>4</depreal_head_id>
            <depreal_head_text>period</depreal_head_text>
            <ner>O</ner>
          </token>
          <token id="3">
            <word>placement</word>
            <lemma>placement</lemma>
            <CharacterOffsetBegin>244</CharacterOffsetBegin>
            <CharacterOffsetEnd>253</CharacterOffsetEnd>
            <POS>NN</POS>
            <deprel>compound</deprel>
            <depreal_head_id>4</depreal_head_id>
            <depreal_head_text>period</depreal_head_text>
            <ner>O</ner>
          </token>
          <token id="4">
            <word>period</word>
            <lemma>period</lemma>
            <CharacterOffsetBegin>254</CharacterOffsetBegin>
            <CharacterOffsetEnd>260</CharacterOffsetEnd>
            <POS>NN</POS>
            <deprel>obl</deprel>
            <depreal_head_id>10</depreal_head_id>
            <depreal_head_text>exposed</depreal_head_text>
            <ner>O</ner>
          </token>
          <token id="5">
            <word>,</word>
            <lemma>,</lemma>
            <CharacterOffsetBegin>260</CharacterOffsetBegin>
            <CharacterOffsetEnd>261</CharacterOffsetEnd>
            <POS>,</POS>
            <deprel>punct</deprel>
            <depreal_head_id>4</depreal_head_id>
            <depreal_head_text>period</depreal_head_text>
            <ner>O</ner>
          </token>
          <token id="6">
            <word>the</word>
            <lemma>the</lemma>
            <CharacterOffsetBegin>262</CharacterOffsetBegin>
            <CharacterOffsetEnd>265</CharacterOffsetEnd>
            <POS>DT</POS>
            <deprel>det</deprel>
            <depreal_head_id>7</depreal_head_id>
            <depreal_head_text>secondee</depreal_head_text>
            <ner>O</ner>
          </token>
          <token id="7">
            <word>secondee</word>
            <lemma>secondee</lemma>
            <CharacterOffsetBegin>266</CharacterOffsetBegin>
            <CharacterOffsetEnd>274</CharacterOffsetEnd>
            <POS>NN</POS>
            <deprel>nsubj:pass</deprel>
            <depreal_head_id>10</depreal_head_id>
            <depreal_head_text>exposed</depreal_head_text>
            <ner>O</ner>
          </token>
          <token id="8">
            <word>will</word>
            <lemma>will</lemma>
            <CharacterOffsetBegin>275</CharacterOffsetBegin>
            <CharacterOffsetEnd>279</CharacterOffsetEnd>
            <POS>MD</POS>
            <deprel>aux</deprel>
            <depreal_head_id>10</depreal_head_id>
            <depreal_head_text>exposed</depreal_head_text>
            <ner>O</ner>
          </token>
          <token id="9">
            <word>be</word>
            <lemma>be</lemma>
            <CharacterOffsetBegin>280</CharacterOffsetBegin>
            <CharacterOffsetEnd>282</CharacterOffsetEnd>
            <POS>VB</POS>
            <deprel>aux:pass</deprel>
            <depreal_head_id>10</depreal_head_id>
            <depreal_head_text>exposed</depreal_head_text>
            <ner>O</ner>
          </token>
          <token id="10">
            <word>exposed</word>
            <lemma>expose</lemma>
            <CharacterOffsetBegin>283</CharacterOffsetBegin>
            <CharacterOffsetEnd>290</CharacterOffsetEnd>
            <POS>VBN</POS>
            <deprel>root</deprel>
            <depreal_head_id>0</depreal_head_id>
            <depreal_head_text>root</depreal_head_text>
            <ner>O</ner>
          </token>
          <token id="11">
            <word>to</word>
            <lemma>to</lemma>
            <CharacterOffsetBegin>291</CharacterOffsetBegin>
            <CharacterOffsetEnd>293</CharacterOffsetEnd>
            <POS>TO</POS>
            <deprel>case</deprel>
            <depreal_head_id>14</depreal_head_id>
            <depreal_head_text>functions</depreal_head_text>
            <ner>O</ner>
          </token>
          <token id="12">
            <word>key</word>
            <lemma>key</lemma>
            <CharacterOffsetBegin>294</CharacterOffsetBegin>
            <CharacterOffsetEnd>297</CharacterOffsetEnd>
            <POS>JJ</POS>
            <deprel>amod</deprel>
            <depreal_head_id>14</depreal_head_id>
            <depreal_head_text>functions</depreal_head_text>
            <ner>O</ner>
          </token>
          <token id="13">
            <word>management</word>
            <lemma>management</lemma>
            <CharacterOffsetBegin>298</CharacterOffsetBegin>
            <CharacterOffsetEnd>308</CharacterOffsetEnd>
            <POS>NN</POS>
            <deprel>compound</deprel>
            <depreal_head_id>14</depreal_head_id>
            <depreal_head_text>functions</depreal_head_text>
            <ner>O</ner>
          </token>
          <token id="14">
            <word>functions</word>
            <lemma>function</lemma>
            <CharacterOffsetBegin>309</CharacterOffsetBegin>
            <CharacterOffsetEnd>318</CharacterOffsetEnd>
            <POS>NNS</POS>
            <deprel>obl</deprel>
            <depreal_head_id>10</depreal_head_id>
            <depreal_head_text>exposed</depreal_head_text>
            <ner>O</ner>
          </token>
          <token id="15">
            <word>including</word>
            <lemma>include</lemma>
            <CharacterOffsetBegin>319</CharacterOffsetBegin>
            <CharacterOffsetEnd>328</CharacterOffsetEnd>
            <POS>VBG</POS>
            <deprel>acl</deprel>
            <depreal_head_id>14</depreal_head_id>
            <depreal_head_text>functions</depreal_head_text>
            <ner>O</ner>
          </token>
          <token id="16">
            <word>revenue</word>
            <lemma>revenue</lemma>
            <CharacterOffsetBegin>329</CharacterOffsetBegin>
            <CharacterOffsetEnd>336</CharacterOffsetEnd>
            <POS>NN</POS>
            <deprel>compound</deprel>
            <depreal_head_id>17</depreal_head_id>
            <depreal_head_text>management</depreal_head_text>
            <ner>O</ner>
          </token>
          <token id="17">
            <word>management</word>
            <lemma>management</lemma>
            <CharacterOffsetBegin>337</CharacterOffsetBegin>
            <CharacterOffsetEnd>347</CharacterOffsetEnd>
            <POS>NN</POS>
            <deprel>obj</deprel>
            <depreal_head_id>15</depreal_head_id>
            <depreal_head_text>including</depreal_head_text>
            <ner>O</ner>
          </token>
          <token id="18">
            <word>,</word>
            <lemma>,</lemma>
            <CharacterOffsetBegin>347</CharacterOffsetBegin>
            <CharacterOffsetEnd>348</CharacterOffsetEnd>
            <POS>,</POS>
            <deprel>punct</deprel>
            <depreal_head_id>19</depreal_head_id>
            <depreal_head_text>tracking</depreal_head_text>
            <ner>O</ner>
          </token>
          <token id="19">
            <word>tracking</word>
            <lemma>track</lemma>
            <CharacterOffsetBegin>349</CharacterOffsetBegin>
            <CharacterOffsetEnd>357</CharacterOffsetEnd>
            <POS>VBG</POS>
            <deprel>conj</deprel>
            <depreal_head_id>15</depreal_head_id>
            <depreal_head_text>including</depreal_head_text>
            <ner>O</ner>
          </token>
          <token id="20">
            <word>and</word>
            <lemma>and</lemma>
            <CharacterOffsetBegin>358</CharacterOffsetBegin>
            <CharacterOffsetEnd>361</CharacterOffsetEnd>
            <POS>CC</POS>
            <deprel>cc</deprel>
            <depreal_head_id>21</depreal_head_id>
            <depreal_head_text>tracing</depreal_head_text>
            <ner>O</ner>
          </token>
          <token id="21">
            <word>tracing</word>
            <lemma>tracing</lemma>
            <CharacterOffsetBegin>362</CharacterOffsetBegin>
            <CharacterOffsetEnd>369</CharacterOffsetEnd>
            <POS>NN</POS>
            <deprel>conj</deprel>
            <depreal_head_id>17</depreal_head_id>
            <depreal_head_text>management</depreal_head_text>
            <ner>O</ner>
          </token>
          <token id="22">
            <word>,</word>
            <lemma>,</lemma>
            <CharacterOffsetBegin>369</CharacterOffsetBegin>
            <CharacterOffsetEnd>370</CharacterOffsetEnd>
            <POS>,</POS>
            <deprel>punct</deprel>
            <depreal_head_id>24</depreal_head_id>
            <depreal_head_text>activities</depreal_head_text>
            <ner>O</ner>
          </token>
          <token id="23">
            <word>e-commerce</word>
            <lemma>e-commerce</lemma>
            <CharacterOffsetBegin>371</CharacterOffsetBegin>
            <CharacterOffsetEnd>381</CharacterOffsetEnd>
            <POS>NN</POS>
            <deprel>compound</deprel>
            <depreal_head_id>24</depreal_head_id>
            <depreal_head_text>activities</depreal_head_text>
            <ner>O</ner>
          </token>
          <token id="24">
            <word>activities</word>
            <lemma>activity</lemma>
            <CharacterOffsetBegin>382</CharacterOffsetBegin>
            <CharacterOffsetEnd>392</CharacterOffsetEnd>
            <POS>NNS</POS>
            <deprel>conj</deprel>
            <depreal_head_id>17</depreal_head_id>
            <depreal_head_text>management</depreal_head_text>
            <ner>O</ner>
          </token>
          <token id="25">
            <word>,</word>
            <lemma>,</lemma>
            <CharacterOffsetBegin>392</CharacterOffsetBegin>
            <CharacterOffsetEnd>393</CharacterOffsetEnd>
            <POS>,</POS>
            <deprel>punct</deprel>
            <depreal_head_id>26</depreal_head_id>
            <depreal_head_text>operations</depreal_head_text>
            <ner>O</ner>
          </token>
          <token id="26">
            <word>operations</word>
            <lemma>operation</lemma>
            <CharacterOffsetBegin>394</CharacterOffsetBegin>
            <CharacterOffsetEnd>404</CharacterOffsetEnd>
            <POS>NNS</POS>
            <deprel>conj</deprel>
            <depreal_head_id>24</depreal_head_id>
            <depreal_head_text>activities</depreal_head_text>
            <ner>O</ner>
          </token>
          <token id="27">
            <word>,</word>
            <lemma>,</lemma>
            <CharacterOffsetBegin>404</CharacterOffsetBegin>
            <CharacterOffsetEnd>405</CharacterOffsetEnd>
            <POS>,</POS>
            <deprel>punct</deprel>
            <depreal_head_id>26</depreal_head_id>
            <depreal_head_text>operations</depreal_head_text>
            <ner>O</ner>
          </token>
          <token id="28">
            <word>security</word>
            <lemma>security</lemma>
            <CharacterOffsetBegin>406</CharacterOffsetBegin>
            <CharacterOffsetEnd>414</CharacterOffsetEnd>
            <POS>NN</POS>
            <deprel>compound</deprel>
            <depreal_head_id>31</depreal_head_id>
            <depreal_head_text>management</depreal_head_text>
            <ner>O</ner>
          </token>
          <token id="29">
            <word>and</word>
            <lemma>and</lemma>
            <CharacterOffsetBegin>415</CharacterOffsetBegin>
            <CharacterOffsetEnd>418</CharacterOffsetEnd>
            <POS>CC</POS>
            <deprel>cc</deprel>
            <depreal_head_id>31</depreal_head_id>
            <depreal_head_text>management</depreal_head_text>
            <ner>O</ner>
          </token>
          <token id="30">
            <word>network</word>
            <lemma>network</lemma>
            <CharacterOffsetBegin>419</CharacterOffsetBegin>
            <CharacterOffsetEnd>426</CharacterOffsetEnd>
            <POS>NN</POS>
            <deprel>compound</deprel>
            <depreal_head_id>31</depreal_head_id>
            <depreal_head_text>management</depreal_head_text>
            <ner>O</ner>
          </token>
          <token id="31">
            <word>management</word>
            <lemma>management</lemma>
            <CharacterOffsetBegin>427</CharacterOffsetBegin>
            <CharacterOffsetEnd>437</CharacterOffsetEnd>
            <POS>NN</POS>
            <deprel>conj</deprel>
            <depreal_head_id>24</depreal_head_id>
            <depreal_head_text>activities</depreal_head_text>
            <ner>O</ner>
          </token>
          <token id="32">
            <word>.</word>
            <lemma>.</lemma>
            <CharacterOffsetBegin>437</CharacterOffsetBegin>
            <CharacterOffsetEnd>438</CharacterOffsetEnd>
            <POS>.</POS>
            <deprel>punct</deprel>
            <depreal_head_id>10</depreal_head_id>
            <depreal_head_text>exposed</depreal_head_text>
            <ner>O</ner>
          </token>
        </tokens>
      </sentence>
      <sentence section="content" type="bodyText" id="4">
        <tokens>
          <token id="1">
            <word>IATA</word>
            <lemma>Iata</lemma>
            <CharacterOffsetBegin>439</CharacterOffsetBegin>
            <CharacterOffsetEnd>443</CharacterOffsetEnd>
            <POS>NNP</POS>
            <deprel>nsubj</deprel>
            <depreal_head_id>2</depreal_head_id>
            <depreal_head_text>said</depreal_head_text>
            <ner>S-ORG</ner>
          </token>
          <token id="2">
            <word>said</word>
            <lemma>say</lemma>
            <CharacterOffsetBegin>444</CharacterOffsetBegin>
            <CharacterOffsetEnd>448</CharacterOffsetEnd>
            <POS>VBD</POS>
            <deprel>root</deprel>
            <depreal_head_id>0</depreal_head_id>
            <depreal_head_text>root</depreal_head_text>
            <ner>O</ner>
          </token>
          <token id="3">
            <word>the</word>
            <lemma>the</lemma>
            <CharacterOffsetBegin>449</CharacterOffsetBegin>
            <CharacterOffsetEnd>452</CharacterOffsetEnd>
            <POS>DT</POS>
            <deprel>det</deprel>
            <depreal_head_id>4</depreal_head_id>
            <depreal_head_text>initiative</depreal_head_text>
            <ner>O</ner>
          </token>
          <token id="4">
            <word>initiative</word>
            <lemma>initiative</lemma>
            <CharacterOffsetBegin>453</CharacterOffsetBegin>
            <CharacterOffsetEnd>463</CharacterOffsetEnd>
            <POS>NN</POS>
            <deprel>nsubj</deprel>
            <depreal_head_id>5</depreal_head_id>
            <depreal_head_text>aims</depreal_head_text>
            <ner>O</ner>
          </token>
          <token id="5">
            <word>aims</word>
            <lemma>aim</lemma>
            <CharacterOffsetBegin>464</CharacterOffsetBegin>
            <CharacterOffsetEnd>468</CharacterOffsetEnd>
            <POS>VBZ</POS>
            <deprel>ccomp</deprel>
            <depreal_head_id>2</depreal_head_id>
            <depreal_head_text>said</depreal_head_text>
            <ner>O</ner>
          </token>
          <token id="6">
            <word>to</word>
            <lemma>to</lemma>
            <CharacterOffsetBegin>469</CharacterOffsetBegin>
            <CharacterOffsetEnd>471</CharacterOffsetEnd>
            <POS>TO</POS>
            <deprel>mark</deprel>
            <depreal_head_id>7</depreal_head_id>
            <depreal_head_text>build</depreal_head_text>
            <ner>O</ner>
          </token>
          <token id="7">
            <word>build</word>
            <lemma>build</lemma>
            <CharacterOffsetBegin>472</CharacterOffsetBegin>
            <CharacterOffsetEnd>477</CharacterOffsetEnd>
            <POS>VB</POS>
            <deprel>xcomp</deprel>
            <depreal_head_id>5</depreal_head_id>
            <depreal_head_text>aims</depreal_head_text>
            <ner>O</ner>
          </token>
          <token id="8">
            <word>on</word>
            <lemma>on</lemma>
            <CharacterOffsetBegin>478</CharacterOffsetBegin>
            <CharacterOffsetEnd>480</CharacterOffsetEnd>
            <POS>IN</POS>
            <deprel>case</deprel>
            <depreal_head_id>11</depreal_head_id>
            <depreal_head_text>success</depreal_head_text>
            <ner>O</ner>
          </token>
          <token id="9">
            <word>the</word>
            <lemma>the</lemma>
            <CharacterOffsetBegin>481</CharacterOffsetBegin>
            <CharacterOffsetEnd>484</CharacterOffsetEnd>
            <POS>DT</POS>
            <deprel>det</deprel>
            <depreal_head_id>11</depreal_head_id>
            <depreal_head_text>success</depreal_head_text>
            <ner>O</ner>
          </token>
          <token id="10">
            <word>past</word>
            <lemma>past</lemma>
            <CharacterOffsetBegin>485</CharacterOffsetBegin>
            <CharacterOffsetEnd>489</CharacterOffsetEnd>
            <POS>JJ</POS>
            <deprel>amod</deprel>
            <depreal_head_id>11</depreal_head_id>
            <depreal_head_text>success</depreal_head_text>
            <ner>O</ner>
          </token>
          <token id="11">
            <word>success</word>
            <lemma>success</lemma>
            <CharacterOffsetBegin>490</CharacterOffsetBegin>
            <CharacterOffsetEnd>497</CharacterOffsetEnd>
            <POS>NN</POS>
            <deprel>obl</deprel>
            <depreal_head_id>7</depreal_head_id>
            <depreal_head_text>build</depreal_head_text>
            <ner>O</ner>
          </token>
          <token id="12">
            <word>of</word>
            <lemma>of</lemma>
            <CharacterOffsetBegin>498</CharacterOffsetBegin>
            <CharacterOffsetEnd>500</CharacterOffsetEnd>
            <POS>IN</POS>
            <deprel>case</deprel>
            <depreal_head_id>14</depreal_head_id>
            <depreal_head_text>association</depreal_head_text>
            <ner>O</ner>
          </token>
          <token id="13">
            <word>the</word>
            <lemma>the</lemma>
            <CharacterOffsetBegin>501</CharacterOffsetBegin>
            <CharacterOffsetEnd>504</CharacterOffsetEnd>
            <POS>DT</POS>
            <deprel>det</deprel>
            <depreal_head_id>14</depreal_head_id>
            <depreal_head_text>association</depreal_head_text>
            <ner>O</ner>
          </token>
          <token id="14">
            <word>association</word>
            <lemma>association</lemma>
            <CharacterOffsetBegin>505</CharacterOffsetBegin>
            <CharacterOffsetEnd>516</CharacterOffsetEnd>
            <POS>NN</POS>
            <deprel>nmod</deprel>
            <depreal_head_id>11</depreal_head_id>
            <depreal_head_text>success</depreal_head_text>
            <ner>O</ner>
          </token>
          <token id="15">
            <word>by</word>
            <lemma>by</lemma>
            <CharacterOffsetBegin>517</CharacterOffsetBegin>
            <CharacterOffsetEnd>519</CharacterOffsetEnd>
            <POS>IN</POS>
            <deprel>mark</deprel>
            <depreal_head_id>16</depreal_head_id>
            <depreal_head_text>facilitating</depreal_head_text>
            <ner>O</ner>
          </token>
          <token id="16">
            <word>facilitating</word>
            <lemma>facilitate</lemma>
            <CharacterOffsetBegin>520</CharacterOffsetBegin>
            <CharacterOffsetEnd>532</CharacterOffsetEnd>
            <POS>VBG</POS>
            <deprel>advcl</deprel>
            <depreal_head_id>7</depreal_head_id>
            <depreal_head_text>build</depreal_head_text>
            <ner>O</ner>
          </token>
          <token id="17">
            <word>dialogue</word>
            <lemma>dialogue</lemma>
            <CharacterOffsetBegin>533</CharacterOffsetBegin>
            <CharacterOffsetEnd>541</CharacterOffsetEnd>
            <POS>NN</POS>
            <deprel>obj</deprel>
            <depreal_head_id>16</depreal_head_id>
            <depreal_head_text>facilitating</depreal_head_text>
            <ner>O</ner>
          </token>
          <token id="18">
            <word>and</word>
            <lemma>and</lemma>
            <CharacterOffsetBegin>542</CharacterOffsetBegin>
            <CharacterOffsetEnd>545</CharacterOffsetEnd>
            <POS>CC</POS>
            <deprel>cc</deprel>
            <depreal_head_id>19</depreal_head_id>
            <depreal_head_text>progress</depreal_head_text>
            <ner>O</ner>
          </token>
          <token id="19">
            <word>progress</word>
            <lemma>progress</lemma>
            <CharacterOffsetBegin>546</CharacterOffsetBegin>
            <CharacterOffsetEnd>554</CharacterOffsetEnd>
            <POS>NN</POS>
            <deprel>conj</deprel>
            <depreal_head_id>17</depreal_head_id>
            <depreal_head_text>dialogue</depreal_head_text>
            <ner>O</ner>
          </token>
          <token id="20">
            <word>on</word>
            <lemma>on</lemma>
            <CharacterOffsetBegin>555</CharacterOffsetBegin>
            <CharacterOffsetEnd>557</CharacterOffsetEnd>
            <POS>IN</POS>
            <deprel>mark</deprel>
            <depreal_head_id>21</depreal_head_id>
            <depreal_head_text>agreed</depreal_head_text>
            <ner>O</ner>
          </token>
          <token id="21">
            <word>agreed</word>
            <lemma>agree</lemma>
            <CharacterOffsetBegin>558</CharacterOffsetBegin>
            <CharacterOffsetEnd>564</CharacterOffsetEnd>
            <POS>VBN</POS>
            <deprel>advcl</deprel>
            <depreal_head_id>16</depreal_head_id>
            <depreal_head_text>facilitating</depreal_head_text>
            <ner>O</ner>
          </token>
          <token id="22">
            <word>industry</word>
            <lemma>industry</lemma>
            <CharacterOffsetBegin>565</CharacterOffsetBegin>
            <CharacterOffsetEnd>573</CharacterOffsetEnd>
            <POS>NN</POS>
            <deprel>compound</deprel>
            <depreal_head_id>23</depreal_head_id>
            <depreal_head_text>issues</depreal_head_text>
            <ner>O</ner>
          </token>
          <token id="23">
            <word>issues</word>
            <lemma>issue</lemma>
            <CharacterOffsetBegin>574</CharacterOffsetBegin>
            <CharacterOffsetEnd>580</CharacterOffsetEnd>
            <POS>NNS</POS>
            <deprel>obj</deprel>
            <depreal_head_id>21</depreal_head_id>
            <depreal_head_text>agreed</depreal_head_text>
            <ner>O</ner>
          </token>
          <token id="24">
            <word>and</word>
            <lemma>and</lemma>
            <CharacterOffsetBegin>581</CharacterOffsetBegin>
            <CharacterOffsetEnd>584</CharacterOffsetEnd>
            <POS>CC</POS>
            <deprel>cc</deprel>
            <depreal_head_id>25</depreal_head_id>
            <depreal_head_text>priorities</depreal_head_text>
            <ner>O</ner>
          </token>
          <token id="25">
            <word>priorities</word>
            <lemma>priority</lemma>
            <CharacterOffsetBegin>585</CharacterOffsetBegin>
            <CharacterOffsetEnd>595</CharacterOffsetEnd>
            <POS>NNS</POS>
            <deprel>conj</deprel>
            <depreal_head_id>23</depreal_head_id>
            <depreal_head_text>issues</depreal_head_text>
            <ner>O</ner>
          </token>
          <token id="26">
            <word>,</word>
            <lemma>,</lemma>
            <CharacterOffsetBegin>595</CharacterOffsetBegin>
            <CharacterOffsetEnd>596</CharacterOffsetEnd>
            <POS>,</POS>
            <deprel>punct</deprel>
            <depreal_head_id>33</depreal_head_id>
            <depreal_head_text>items</depreal_head_text>
            <ner>O</ner>
          </token>
          <token id="27">
            <word>and</word>
            <lemma>and</lemma>
            <CharacterOffsetBegin>597</CharacterOffsetBegin>
            <CharacterOffsetEnd>600</CharacterOffsetEnd>
            <POS>CC</POS>
            <deprel>cc</deprel>
            <depreal_head_id>33</depreal_head_id>
            <depreal_head_text>items</depreal_head_text>
            <ner>O</ner>
          </token>
          <token id="28">
            <word>to</word>
            <lemma>to</lemma>
            <CharacterOffsetBegin>601</CharacterOffsetBegin>
            <CharacterOffsetEnd>603</CharacterOffsetEnd>
            <POS>TO</POS>
            <deprel>case</deprel>
            <depreal_head_id>33</depreal_head_id>
            <depreal_head_text>items</depreal_head_text>
            <ner>O</ner>
          </token>
          <token id="29">
            <word>further</word>
            <lemma>further</lemma>
            <CharacterOffsetBegin>604</CharacterOffsetBegin>
            <CharacterOffsetEnd>611</CharacterOffsetEnd>
            <POS>JJR</POS>
            <deprel>amod</deprel>
            <depreal_head_id>33</depreal_head_id>
            <depreal_head_text>items</depreal_head_text>
            <ner>O</ner>
          </token>
          <token id="30">
            <word>global</word>
            <lemma>global</lemma>
            <CharacterOffsetBegin>612</CharacterOffsetBegin>
            <CharacterOffsetEnd>618</CharacterOffsetEnd>
            <POS>JJ</POS>
            <deprel>amod</deprel>
            <depreal_head_id>33</depreal_head_id>
            <depreal_head_text>items</depreal_head_text>
            <ner>O</ner>
          </token>
          <token id="31">
            <word>cargo</word>
            <lemma>cargo</lemma>
            <CharacterOffsetBegin>619</CharacterOffsetBegin>
            <CharacterOffsetEnd>624</CharacterOffsetEnd>
            <POS>NN</POS>
            <deprel>compound</deprel>
            <depreal_head_id>32</depreal_head_id>
            <depreal_head_text>agenda</depreal_head_text>
            <ner>O</ner>
          </token>
          <token id="32">
            <word>agenda</word>
            <lemma>agenda</lemma>
            <CharacterOffsetBegin>625</CharacterOffsetBegin>
            <CharacterOffsetEnd>631</CharacterOffsetEnd>
            <POS>NN</POS>
            <deprel>compound</deprel>
            <depreal_head_id>33</depreal_head_id>
            <depreal_head_text>items</depreal_head_text>
            <ner>O</ner>
          </token>
          <token id="33">
            <word>items</word>
            <lemma>item</lemma>
            <CharacterOffsetBegin>632</CharacterOffsetBegin>
            <CharacterOffsetEnd>637</CharacterOffsetEnd>
            <POS>NNS</POS>
            <deprel>conj</deprel>
            <depreal_head_id>16</depreal_head_id>
            <depreal_head_text>facilitating</depreal_head_text>
            <ner>O</ner>
          </token>
          <token id="34">
            <word>such</word>
            <lemma>such</lemma>
            <CharacterOffsetBegin>638</CharacterOffsetBegin>
            <CharacterOffsetEnd>642</CharacterOffsetEnd>
            <POS>JJ</POS>
            <deprel>amod</deprel>
            <depreal_head_id>33</depreal_head_id>
            <depreal_head_text>items</depreal_head_text>
            <ner>O</ner>
          </token>
          <token id="35">
            <word>as</word>
            <lemma>as</lemma>
            <CharacterOffsetBegin>643</CharacterOffsetBegin>
            <CharacterOffsetEnd>645</CharacterOffsetEnd>
            <POS>IN</POS>
            <deprel>case</deprel>
            <depreal_head_id>36</depreal_head_id>
            <depreal_head_text>e-Freight</depreal_head_text>
            <ner>O</ner>
          </token>
          <token id="36">
            <word>e-Freight</word>
            <lemma>e-Freight</lemma>
            <CharacterOffsetBegin>646</CharacterOffsetBegin>
            <CharacterOffsetEnd>655</CharacterOffsetEnd>
            <POS>NNP</POS>
            <deprel>nmod</deprel>
            <depreal_head_id>34</depreal_head_id>
            <depreal_head_text>such</depreal_head_text>
            <ner>S-ORG</ner>
          </token>
          <token id="37">
            <word>and</word>
            <lemma>and</lemma>
            <CharacterOffsetBegin>656</CharacterOffsetBegin>
            <CharacterOffsetEnd>659</CharacterOffsetEnd>
            <POS>CC</POS>
            <deprel>cc</deprel>
            <depreal_head_id>38</depreal_head_id>
            <depreal_head_text>Secure</depreal_head_text>
            <ner>O</ner>
          </token>
          <token id="38">
            <word>Secure</word>
            <lemma>Secure</lemma>
            <CharacterOffsetBegin>660</CharacterOffsetBegin>
            <CharacterOffsetEnd>666</CharacterOffsetEnd>
            <POS>NNP</POS>
            <deprel>conj</deprel>
            <depreal_head_id>36</depreal_head_id>
            <depreal_head_text>e-Freight</depreal_head_text>
            <ner>B-ORG</ner>
          </token>
          <token id="39">
            <word>Freight</word>
            <lemma>Freight</lemma>
            <CharacterOffsetBegin>667</CharacterOffsetBegin>
            <CharacterOffsetEnd>674</CharacterOffsetEnd>
            <POS>NNP</POS>
            <deprel>flat</deprel>
            <depreal_head_id>38</depreal_head_id>
            <depreal_head_text>Secure</depreal_head_text>
            <ner>E-ORG</ner>
          </token>
          <token id="40">
            <word>.</word>
            <lemma>.</lemma>
            <CharacterOffsetBegin>674</CharacterOffsetBegin>
            <CharacterOffsetEnd>675</CharacterOffsetEnd>
            <POS>.</POS>
            <deprel>punct</deprel>
            <depreal_head_id>2</depreal_head_id>
            <depreal_head_text>said</depreal_head_text>
            <ner>O</ner>
          </token>
        </tokens>
      </sentence>
      <sentence section="content" type="bodyText" id="5">
        <tokens>
          <token id="1">
            <word>"</word>
            <lemma>&amp;quot;</lemma>
            <CharacterOffsetBegin>676</CharacterOffsetBegin>
            <CharacterOffsetEnd>677</CharacterOffsetEnd>
            <POS>``</POS>
            <deprel>punct</deprel>
            <depreal_head_id>7</depreal_head_id>
            <depreal_head_text>part</depreal_head_text>
            <ner>O</ner>
          </token>
          <token id="2">
            <word>This</word>
            <lemma>this</lemma>
            <CharacterOffsetBegin>677</CharacterOffsetBegin>
            <CharacterOffsetEnd>681</CharacterOffsetEnd>
            <POS>DT</POS>
            <deprel>det</deprel>
            <depreal_head_id>3</depreal_head_id>
            <depreal_head_text>initiative</depreal_head_text>
            <ner>O</ner>
          </token>
          <token id="3">
            <word>initiative</word>
            <lemma>initiative</lemma>
            <CharacterOffsetBegin>682</CharacterOffsetBegin>
            <CharacterOffsetEnd>692</CharacterOffsetEnd>
            <POS>NN</POS>
            <deprel>nsubj</deprel>
            <depreal_head_id>7</depreal_head_id>
            <depreal_head_text>part</depreal_head_text>
            <ner>O</ner>
          </token>
          <token id="4">
            <word>is</word>
            <lemma>be</lemma>
            <CharacterOffsetBegin>693</CharacterOffsetBegin>
            <CharacterOffsetEnd>695</CharacterOffsetEnd>
            <POS>VBZ</POS>
            <deprel>cop</deprel>
            <depreal_head_id>7</depreal_head_id>
            <depreal_head_text>part</depreal_head_text>
            <ner>O</ner>
          </token>
          <token id="5">
            <word>an</word>
            <lemma>an</lemma>
            <CharacterOffsetBegin>696</CharacterOffsetBegin>
            <CharacterOffsetEnd>698</CharacterOffsetEnd>
            <POS>DT</POS>
            <deprel>det</deprel>
            <depreal_head_id>7</depreal_head_id>
            <depreal_head_text>part</depreal_head_text>
            <ner>O</ner>
          </token>
          <token id="6">
            <word>important</word>
            <lemma>important</lemma>
            <CharacterOffsetBegin>699</CharacterOffsetBegin>
            <CharacterOffsetEnd>708</CharacterOffsetEnd>
            <POS>JJ</POS>
            <deprel>amod</deprel>
            <depreal_head_id>7</depreal_head_id>
            <depreal_head_text>part</depreal_head_text>
            <ner>O</ner>
          </token>
          <token id="7">
            <word>part</word>
            <lemma>part</lemma>
            <CharacterOffsetBegin>709</CharacterOffsetBegin>
            <CharacterOffsetEnd>713</CharacterOffsetEnd>
            <POS>NN</POS>
            <deprel>root</deprel>
            <depreal_head_id>0</depreal_head_id>
            <depreal_head_text>root</depreal_head_text>
            <ner>O</ner>
          </token>
          <token id="8">
            <word>of</word>
            <lemma>of</lemma>
            <CharacterOffsetBegin>714</CharacterOffsetBegin>
            <CharacterOffsetEnd>716</CharacterOffsetEnd>
            <POS>IN</POS>
            <deprel>case</deprel>
            <depreal_head_id>11</depreal_head_id>
            <depreal_head_text>efforts</depreal_head_text>
            <ner>O</ner>
          </token>
          <token id="9">
            <word>IATA</word>
            <lemma>Iata</lemma>
            <CharacterOffsetBegin>717</CharacterOffsetBegin>
            <CharacterOffsetEnd>721</CharacterOffsetEnd>
            <POS>NNP</POS>
            <deprel>nmod:poss</deprel>
            <depreal_head_id>11</depreal_head_id>
            <depreal_head_text>efforts</depreal_head_text>
            <ner>S-ORG</ner>
          </token>
          <token id="10">
            <word>'s</word>
            <lemma>'s</lemma>
            <CharacterOffsetBegin>721</CharacterOffsetBegin>
            <CharacterOffsetEnd>723</CharacterOffsetEnd>
            <POS>POS</POS>
            <deprel>case</deprel>
            <depreal_head_id>9</depreal_head_id>
            <depreal_head_text>IATA</depreal_head_text>
            <ner>O</ner>
          </token>
          <token id="11">
            <word>efforts</word>
            <lemma>effort</lemma>
            <CharacterOffsetBegin>724</CharacterOffsetBegin>
            <CharacterOffsetEnd>731</CharacterOffsetEnd>
            <POS>NNS</POS>
            <deprel>nmod</deprel>
            <depreal_head_id>7</depreal_head_id>
            <depreal_head_text>part</depreal_head_text>
            <ner>O</ner>
          </token>
          <token id="12">
            <word>to</word>
            <lemma>to</lemma>
            <CharacterOffsetBegin>732</CharacterOffsetBegin>
            <CharacterOffsetEnd>734</CharacterOffsetEnd>
            <POS>TO</POS>
            <deprel>mark</deprel>
            <depreal_head_id>13</depreal_head_id>
            <depreal_head_text>develop</depreal_head_text>
            <ner>O</ner>
          </token>
          <token id="13">
            <word>develop</word>
            <lemma>develop</lemma>
            <CharacterOffsetBegin>735</CharacterOffsetBegin>
            <CharacterOffsetEnd>742</CharacterOffsetEnd>
            <POS>VB</POS>
            <deprel>advcl</deprel>
            <depreal_head_id>7</depreal_head_id>
            <depreal_head_text>part</depreal_head_text>
            <ner>O</ner>
          </token>
          <token id="14">
            <word>its</word>
            <lemma>it</lemma>
            <CharacterOffsetBegin>743</CharacterOffsetBegin>
            <CharacterOffsetEnd>746</CharacterOffsetEnd>
            <POS>PRP$</POS>
            <deprel>nmod:poss</deprel>
            <depreal_head_id>16</depreal_head_id>
            <depreal_head_text>talent</depreal_head_text>
            <ner>O</ner>
          </token>
          <token id="15">
            <word>key</word>
            <lemma>key</lemma>
            <CharacterOffsetBegin>747</CharacterOffsetBegin>
            <CharacterOffsetEnd>750</CharacterOffsetEnd>
            <POS>JJ</POS>
            <deprel>amod</deprel>
            <depreal_head_id>16</depreal_head_id>
            <depreal_head_text>talent</depreal_head_text>
            <ner>O</ner>
          </token>
          <token id="16">
            <word>talent</word>
            <lemma>talent</lemma>
            <CharacterOffsetBegin>751</CharacterOffsetBegin>
            <CharacterOffsetEnd>757</CharacterOffsetEnd>
            <POS>NN</POS>
            <deprel>obj</deprel>
            <depreal_head_id>13</depreal_head_id>
            <depreal_head_text>develop</depreal_head_text>
            <ner>O</ner>
          </token>
          <token id="17">
            <word>,</word>
            <lemma>,</lemma>
            <CharacterOffsetBegin>757</CharacterOffsetBegin>
            <CharacterOffsetEnd>758</CharacterOffsetEnd>
            <POS>,</POS>
            <deprel>punct</deprel>
            <depreal_head_id>20</depreal_head_id>
            <depreal_head_text>Vertannes</depreal_head_text>
            <ner>O</ner>
          </token>
          <token id="18">
            <word>"</word>
            <lemma>&amp;quot;</lemma>
            <CharacterOffsetBegin>758</CharacterOffsetBegin>
            <CharacterOffsetEnd>759</CharacterOffsetEnd>
            <POS>``</POS>
            <deprel>punct</deprel>
            <depreal_head_id>20</depreal_head_id>
            <depreal_head_text>Vertannes</depreal_head_text>
            <ner>O</ner>
          </token>
          <token id="19">
            <word>Des</word>
            <lemma>Des</lemma>
            <CharacterOffsetBegin>760</CharacterOffsetBegin>
            <CharacterOffsetEnd>763</CharacterOffsetEnd>
            <POS>NNP</POS>
            <deprel>obj</deprel>
            <depreal_head_id>13</depreal_head_id>
            <depreal_head_text>develop</depreal_head_text>
            <ner>B-PERSON</ner>
          </token>
          <token id="20">
            <word>Vertannes</word>
            <lemma>Vertannes</lemma>
            <CharacterOffsetBegin>764</CharacterOffsetBegin>
            <CharacterOffsetEnd>773</CharacterOffsetEnd>
            <POS>NNP</POS>
            <deprel>flat</deprel>
            <depreal_head_id>19</depreal_head_id>
            <depreal_head_text>Des</depreal_head_text>
            <ner>E-PERSON</ner>
          </token>
          <token id="21">
            <word>,</word>
            <lemma>,</lemma>
            <CharacterOffsetBegin>773</CharacterOffsetBegin>
            <CharacterOffsetEnd>774</CharacterOffsetEnd>
            <POS>,</POS>
            <deprel>punct</deprel>
            <depreal_head_id>20</depreal_head_id>
            <depreal_head_text>Vertannes</depreal_head_text>
            <ner>O</ner>
          </token>
          <token id="22">
            <word>IATA</word>
            <lemma>Iata</lemma>
            <CharacterOffsetBegin>775</CharacterOffsetBegin>
            <CharacterOffsetEnd>779</CharacterOffsetEnd>
            <POS>NNP</POS>
            <deprel>nmod:poss</deprel>
            <depreal_head_id>23</depreal_head_id>
            <depreal_head_text>head</depreal_head_text>
            <ner>S-ORG</ner>
          </token>
          <token id="23">
            <word>head</word>
            <lemma>head</lemma>
            <CharacterOffsetBegin>780</CharacterOffsetBegin>
            <CharacterOffsetEnd>784</CharacterOffsetEnd>
            <POS>NN</POS>
            <deprel>nmod</deprel>
            <depreal_head_id>20</depreal_head_id>
            <depreal_head_text>Vertannes</depreal_head_text>
            <ner>O</ner>
          </token>
          <token id="24">
            <word>of</word>
            <lemma>of</lemma>
            <CharacterOffsetBegin>785</CharacterOffsetBegin>
            <CharacterOffsetEnd>787</CharacterOffsetEnd>
            <POS>IN</POS>
            <deprel>case</deprel>
            <depreal_head_id>26</depreal_head_id>
            <depreal_head_text>cargo</depreal_head_text>
            <ner>O</ner>
          </token>
          <token id="25">
            <word>global</word>
            <lemma>global</lemma>
            <CharacterOffsetBegin>788</CharacterOffsetBegin>
            <CharacterOffsetEnd>794</CharacterOffsetEnd>
            <POS>JJ</POS>
            <deprel>amod</deprel>
            <depreal_head_id>26</depreal_head_id>
            <depreal_head_text>cargo</depreal_head_text>
            <ner>O</ner>
          </token>
          <token id="26">
            <word>cargo</word>
            <lemma>cargo</lemma>
            <CharacterOffsetBegin>795</CharacterOffsetBegin>
            <CharacterOffsetEnd>800</CharacterOffsetEnd>
            <POS>NN</POS>
            <deprel>nmod</deprel>
            <depreal_head_id>23</depreal_head_id>
            <depreal_head_text>head</depreal_head_text>
            <ner>O</ner>
          </token>
          <token id="27">
            <word>,</word>
            <lemma>,</lemma>
            <CharacterOffsetBegin>800</CharacterOffsetBegin>
            <CharacterOffsetEnd>801</CharacterOffsetEnd>
            <POS>,</POS>
            <deprel>punct</deprel>
            <depreal_head_id>28</depreal_head_id>
            <depreal_head_text>said</depreal_head_text>
            <ner>O</ner>
          </token>
          <token id="28">
            <word>said</word>
            <lemma>say</lemma>
            <CharacterOffsetBegin>802</CharacterOffsetBegin>
            <CharacterOffsetEnd>806</CharacterOffsetEnd>
            <POS>VBD</POS>
            <deprel>ccomp</deprel>
            <depreal_head_id>13</depreal_head_id>
            <depreal_head_text>develop</depreal_head_text>
            <ner>O</ner>
          </token>
          <token id="29">
            <word>.</word>
            <lemma>.</lemma>
            <CharacterOffsetBegin>806</CharacterOffsetBegin>
            <CharacterOffsetEnd>807</CharacterOffsetEnd>
            <POS>.</POS>
            <deprel>punct</deprel>
            <depreal_head_id>28</depreal_head_id>
            <depreal_head_text>said</depreal_head_text>
            <ner>O</ner>
          </token>
          <token id="30">
            <word>"</word>
            <lemma>&amp;quot;</lemma>
            <CharacterOffsetBegin>808</CharacterOffsetBegin>
            <CharacterOffsetEnd>809</CharacterOffsetEnd>
            <POS>``</POS>
            <deprel>punct</deprel>
            <depreal_head_id>28</depreal_head_id>
            <depreal_head_text>said</depreal_head_text>
            <ner>O</ner>
          </token>
          <token id="31">
            <word>Our</word>
            <lemma>we</lemma>
            <CharacterOffsetBegin>809</CharacterOffsetBegin>
            <CharacterOffsetEnd>812</CharacterOffsetEnd>
            <POS>PRP$</POS>
            <deprel>nmod:poss</deprel>
            <depreal_head_id>32</depreal_head_id>
            <depreal_head_text>goal</depreal_head_text>
            <ner>O</ner>
          </token>
          <token id="32">
            <word>goal</word>
            <lemma>goal</lemma>
            <CharacterOffsetBegin>813</CharacterOffsetBegin>
            <CharacterOffsetEnd>817</CharacterOffsetEnd>
            <POS>NN</POS>
            <deprel>nsubj</deprel>
            <depreal_head_id>44</depreal_head_id>
            <depreal_head_text>chain</depreal_head_text>
            <ner>O</ner>
          </token>
          <token id="33">
            <word>is</word>
            <lemma>be</lemma>
            <CharacterOffsetBegin>818</CharacterOffsetBegin>
            <CharacterOffsetEnd>820</CharacterOffsetEnd>
            <POS>VBZ</POS>
            <deprel>cop</deprel>
            <depreal_head_id>44</depreal_head_id>
            <depreal_head_text>chain</depreal_head_text>
            <ner>O</ner>
          </token>
          <token id="34">
            <word>a</word>
            <lemma>a</lemma>
            <CharacterOffsetBegin>821</CharacterOffsetBegin>
            <CharacterOffsetEnd>822</CharacterOffsetEnd>
            <POS>DT</POS>
            <deprel>det</deprel>
            <depreal_head_id>44</depreal_head_id>
            <depreal_head_text>chain</depreal_head_text>
            <ner>O</ner>
          </token>
          <token id="35">
            <word>more</word>
            <lemma>very</lemma>
            <CharacterOffsetBegin>823</CharacterOffsetBegin>
            <CharacterOffsetEnd>827</CharacterOffsetEnd>
            <POS>RBR</POS>
            <deprel>advmod</deprel>
            <depreal_head_id>36</depreal_head_id>
            <depreal_head_text>reliable</depreal_head_text>
            <ner>O</ner>
          </token>
          <token id="36">
            <word>reliable</word>
            <lemma>reliable</lemma>
            <CharacterOffsetBegin>828</CharacterOffsetBegin>
            <CharacterOffsetEnd>836</CharacterOffsetEnd>
            <POS>JJ</POS>
            <deprel>amod</deprel>
            <depreal_head_id>44</depreal_head_id>
            <depreal_head_text>chain</depreal_head_text>
            <ner>O</ner>
          </token>
          <token id="37">
            <word>,</word>
            <lemma>,</lemma>
            <CharacterOffsetBegin>836</CharacterOffsetBegin>
            <CharacterOffsetEnd>837</CharacterOffsetEnd>
            <POS>,</POS>
            <deprel>punct</deprel>
            <depreal_head_id>36</depreal_head_id>
            <depreal_head_text>reliable</depreal_head_text>
            <ner>O</ner>
          </token>
          <token id="38">
            <word>secure</word>
            <lemma>secure</lemma>
            <CharacterOffsetBegin>838</CharacterOffsetBegin>
            <CharacterOffsetEnd>844</CharacterOffsetEnd>
            <POS>JJ</POS>
            <deprel>amod</deprel>
            <depreal_head_id>44</depreal_head_id>
            <depreal_head_text>chain</depreal_head_text>
            <ner>O</ner>
          </token>
          <token id="39">
            <word>,</word>
            <lemma>,</lemma>
            <CharacterOffsetBegin>844</CharacterOffsetBegin>
            <CharacterOffsetEnd>845</CharacterOffsetEnd>
            <POS>,</POS>
            <deprel>punct</deprel>
            <depreal_head_id>38</depreal_head_id>
            <depreal_head_text>secure</depreal_head_text>
            <ner>O</ner>
          </token>
          <token id="40">
            <word>efficient</word>
            <lemma>efficient</lemma>
            <CharacterOffsetBegin>846</CharacterOffsetBegin>
            <CharacterOffsetEnd>855</CharacterOffsetEnd>
            <POS>JJ</POS>
            <deprel>amod</deprel>
            <depreal_head_id>44</depreal_head_id>
            <depreal_head_text>chain</depreal_head_text>
            <ner>O</ner>
          </token>
          <token id="41">
            <word>and</word>
            <lemma>and</lemma>
            <CharacterOffsetBegin>856</CharacterOffsetBegin>
            <CharacterOffsetEnd>859</CharacterOffsetEnd>
            <POS>CC</POS>
            <deprel>cc</deprel>
            <depreal_head_id>42</depreal_head_id>
            <depreal_head_text>profitable</depreal_head_text>
            <ner>O</ner>
          </token>
          <token id="42">
            <word>profitable</word>
            <lemma>profitable</lemma>
            <CharacterOffsetBegin>860</CharacterOffsetBegin>
            <CharacterOffsetEnd>870</CharacterOffsetEnd>
            <POS>JJ</POS>
            <deprel>conj</deprel>
            <depreal_head_id>40</depreal_head_id>
            <depreal_head_text>efficient</depreal_head_text>
            <ner>O</ner>
          </token>
          <token id="43">
            <word>supply</word>
            <lemma>supply</lemma>
            <CharacterOffsetBegin>871</CharacterOffsetBegin>
            <CharacterOffsetEnd>877</CharacterOffsetEnd>
            <POS>NN</POS>
            <deprel>compound</deprel>
            <depreal_head_id>44</depreal_head_id>
            <depreal_head_text>chain</depreal_head_text>
            <ner>O</ner>
          </token>
          <token id="44">
            <word>chain</word>
            <lemma>chain</lemma>
            <CharacterOffsetBegin>878</CharacterOffsetBegin>
            <CharacterOffsetEnd>883</CharacterOffsetEnd>
            <POS>NN</POS>
            <deprel>conj</deprel>
            <depreal_head_id>7</depreal_head_id>
            <depreal_head_text>part</depreal_head_text>
            <ner>O</ner>
          </token>
          <token id="45">
            <word>through</word>
            <lemma>through</lemma>
            <CharacterOffsetBegin>884</CharacterOffsetBegin>
            <CharacterOffsetEnd>891</CharacterOffsetEnd>
            <POS>IN</POS>
            <deprel>case</deprel>
            <depreal_head_id>47</depreal_head_id>
            <depreal_head_text>implementation</depreal_head_text>
            <ner>O</ner>
          </token>
          <token id="46">
            <word>the</word>
            <lemma>the</lemma>
            <CharacterOffsetBegin>892</CharacterOffsetBegin>
            <CharacterOffsetEnd>895</CharacterOffsetEnd>
            <POS>DT</POS>
            <deprel>det</deprel>
            <depreal_head_id>47</depreal_head_id>
            <depreal_head_text>implementation</depreal_head_text>
            <ner>O</ner>
          </token>
          <token id="47">
            <word>implementation</word>
            <lemma>implementation</lemma>
            <CharacterOffsetBegin>896</CharacterOffsetBegin>
            <CharacterOffsetEnd>910</CharacterOffsetEnd>
            <POS>NN</POS>
            <deprel>nmod</deprel>
            <depreal_head_id>44</depreal_head_id>
            <depreal_head_text>chain</depreal_head_text>
            <ner>O</ner>
          </token>
          <token id="48">
            <word>of</word>
            <lemma>of</lemma>
            <CharacterOffsetBegin>911</CharacterOffsetBegin>
            <CharacterOffsetEnd>913</CharacterOffsetEnd>
            <POS>IN</POS>
            <deprel>case</deprel>
            <depreal_head_id>49</depreal_head_id>
            <depreal_head_text>industry</depreal_head_text>
            <ner>O</ner>
          </token>
          <token id="49">
            <word>industry</word>
            <lemma>industry</lemma>
            <CharacterOffsetBegin>914</CharacterOffsetBegin>
            <CharacterOffsetEnd>922</CharacterOffsetEnd>
            <POS>NN</POS>
            <deprel>nmod</deprel>
            <depreal_head_id>51</depreal_head_id>
            <depreal_head_text>programs</depreal_head_text>
            <ner>O</ner>
          </token>
          <token id="50">
            <word>change</word>
            <lemma>change</lemma>
            <CharacterOffsetBegin>923</CharacterOffsetBegin>
            <CharacterOffsetEnd>929</CharacterOffsetEnd>
            <POS>NN</POS>
            <deprel>nmod</deprel>
            <depreal_head_id>51</depreal_head_id>
            <depreal_head_text>programs</depreal_head_text>
            <ner>O</ner>
          </token>
          <token id="51">
            <word>programs</word>
            <lemma>program</lemma>
            <CharacterOffsetBegin>930</CharacterOffsetBegin>
            <CharacterOffsetEnd>938</CharacterOffsetEnd>
            <POS>NNS</POS>
            <deprel>nmod</deprel>
            <depreal_head_id>47</depreal_head_id>
            <depreal_head_text>implementation</depreal_head_text>
            <ner>O</ner>
          </token>
          <token id="52">
            <word>like</word>
            <lemma>like</lemma>
            <CharacterOffsetBegin>939</CharacterOffsetBegin>
            <CharacterOffsetEnd>943</CharacterOffsetEnd>
            <POS>IN</POS>
            <deprel>case</deprel>
            <depreal_head_id>53</depreal_head_id>
            <depreal_head_text>e-freight</depreal_head_text>
            <ner>O</ner>
          </token>
          <token id="53">
            <word>e-freight</word>
            <lemma>e-freight</lemma>
            <CharacterOffsetBegin>944</CharacterOffsetBegin>
            <CharacterOffsetEnd>953</CharacterOffsetEnd>
            <POS>NN</POS>
            <deprel>nmod</deprel>
            <depreal_head_id>51</depreal_head_id>
            <depreal_head_text>programs</depreal_head_text>
            <ner>O</ner>
          </token>
          <token id="54">
            <word>,</word>
            <lemma>,</lemma>
            <CharacterOffsetBegin>953</CharacterOffsetBegin>
            <CharacterOffsetEnd>954</CharacterOffsetEnd>
            <POS>,</POS>
            <deprel>punct</deprel>
            <depreal_head_id>58</depreal_head_id>
            <depreal_head_text>measures</depreal_head_text>
            <ner>O</ner>
          </token>
          <token id="55">
            <word>standard</word>
            <lemma>standard</lemma>
            <CharacterOffsetBegin>955</CharacterOffsetBegin>
            <CharacterOffsetEnd>963</CharacterOffsetEnd>
            <POS>JJ</POS>
            <deprel>amod</deprel>
            <depreal_head_id>58</depreal_head_id>
            <depreal_head_text>measures</depreal_head_text>
            <ner>O</ner>
          </token>
          <token id="56">
            <word>quality</word>
            <lemma>quality</lemma>
            <CharacterOffsetBegin>964</CharacterOffsetBegin>
            <CharacterOffsetEnd>971</CharacterOffsetEnd>
            <POS>NN</POS>
            <deprel>compound</deprel>
            <depreal_head_id>58</depreal_head_id>
            <depreal_head_text>measures</depreal_head_text>
            <ner>O</ner>
          </token>
          <token id="57">
            <word>performance</word>
            <lemma>performance</lemma>
            <CharacterOffsetBegin>972</CharacterOffsetBegin>
            <CharacterOffsetEnd>983</CharacterOffsetEnd>
            <POS>NN</POS>
            <deprel>flat</deprel>
            <depreal_head_id>56</depreal_head_id>
            <depreal_head_text>quality</depreal_head_text>
            <ner>O</ner>
          </token>
          <token id="58">
            <word>measures</word>
            <lemma>measure</lemma>
            <CharacterOffsetBegin>984</CharacterOffsetBegin>
            <CharacterOffsetEnd>992</CharacterOffsetEnd>
            <POS>NNS</POS>
            <deprel>conj</deprel>
            <depreal_head_id>53</depreal_head_id>
            <depreal_head_text>e-freight</depreal_head_text>
            <ner>O</ner>
          </token>
          <token id="59">
            <word>,</word>
            <lemma>,</lemma>
            <CharacterOffsetBegin>992</CharacterOffsetBegin>
            <CharacterOffsetEnd>993</CharacterOffsetEnd>
            <POS>,</POS>
            <deprel>punct</deprel>
            <depreal_head_id>62</depreal_head_id>
            <depreal_head_text>standards</depreal_head_text>
            <ner>O</ner>
          </token>
          <token id="60">
            <word>and</word>
            <lemma>and</lemma>
            <CharacterOffsetBegin>994</CharacterOffsetBegin>
            <CharacterOffsetEnd>997</CharacterOffsetEnd>
            <POS>CC</POS>
            <deprel>cc</deprel>
            <depreal_head_id>62</depreal_head_id>
            <depreal_head_text>standards</depreal_head_text>
            <ner>O</ner>
          </token>
          <token id="61">
            <word>relevant</word>
            <lemma>relevant</lemma>
            <CharacterOffsetBegin>998</CharacterOffsetBegin>
            <CharacterOffsetEnd>1006</CharacterOffsetEnd>
            <POS>JJ</POS>
            <deprel>amod</deprel>
            <depreal_head_id>62</depreal_head_id>
            <depreal_head_text>standards</depreal_head_text>
            <ner>O</ner>
          </token>
          <token id="62">
            <word>standards</word>
            <lemma>standard</lemma>
            <CharacterOffsetBegin>1007</CharacterOffsetBegin>
            <CharacterOffsetEnd>1016</CharacterOffsetEnd>
            <POS>NNS</POS>
            <deprel>conj</deprel>
            <depreal_head_id>53</depreal_head_id>
            <depreal_head_text>e-freight</depreal_head_text>
            <ner>O</ner>
          </token>
          <token id="63">
            <word>that</word>
            <lemma>that</lemma>
            <CharacterOffsetBegin>1017</CharacterOffsetBegin>
            <CharacterOffsetEnd>1021</CharacterOffsetEnd>
            <POS>WDT</POS>
            <deprel>nsubj</deprel>
            <depreal_head_id>64</depreal_head_id>
            <depreal_head_text>support</depreal_head_text>
            <ner>O</ner>
          </token>
          <token id="64">
            <word>support</word>
            <lemma>support</lemma>
            <CharacterOffsetBegin>1022</CharacterOffsetBegin>
            <CharacterOffsetEnd>1029</CharacterOffsetEnd>
            <POS>VBP</POS>
            <deprel>acl:relcl</deprel>
            <depreal_head_id>62</depreal_head_id>
            <depreal_head_text>standards</depreal_head_text>
            <ner>O</ner>
          </token>
          <token id="65">
            <word>global</word>
            <lemma>global</lemma>
            <CharacterOffsetBegin>1030</CharacterOffsetBegin>
            <CharacterOffsetEnd>1036</CharacterOffsetEnd>
            <POS>JJ</POS>
            <deprel>amod</deprel>
            <depreal_head_id>66</depreal_head_id>
            <depreal_head_text>operations</depreal_head_text>
            <ner>O</ner>
          </token>
          <token id="66">
            <word>operations</word>
            <lemma>operation</lemma>
            <CharacterOffsetBegin>1037</CharacterOffsetBegin>
            <CharacterOffsetEnd>1047</CharacterOffsetEnd>
            <POS>NNS</POS>
            <deprel>obj</deprel>
            <depreal_head_id>64</depreal_head_id>
            <depreal_head_text>support</depreal_head_text>
            <ner>O</ner>
          </token>
          <token id="67">
            <word>.</word>
            <lemma>.</lemma>
            <CharacterOffsetBegin>1047</CharacterOffsetBegin>
            <CharacterOffsetEnd>1048</CharacterOffsetEnd>
            <POS>.</POS>
            <deprel>punct</deprel>
            <depreal_head_id>64</depreal_head_id>
            <depreal_head_text>support</depreal_head_text>
            <ner>O</ner>
          </token>
          <token id="68">
            <word>Better</word>
            <lemma>well</lemma>
            <CharacterOffsetBegin>1049</CharacterOffsetBegin>
            <CharacterOffsetEnd>1055</CharacterOffsetEnd>
            <POS>RBR</POS>
            <deprel>advmod</deprel>
            <depreal_head_id>69</depreal_head_id>
            <depreal_head_text>understanding</depreal_head_text>
            <ner>O</ner>
          </token>
          <token id="69">
            <word>understanding</word>
            <lemma>understand</lemma>
            <CharacterOffsetBegin>1056</CharacterOffsetBegin>
            <CharacterOffsetEnd>1069</CharacterOffsetEnd>
            <POS>VBG</POS>
            <deprel>acl:relcl</deprel>
            <depreal_head_id>62</depreal_head_id>
            <depreal_head_text>standards</depreal_head_text>
            <ner>O</ner>
          </token>
          <token id="70">
            <word>the</word>
            <lemma>the</lemma>
            <CharacterOffsetBegin>1070</CharacterOffsetBegin>
            <CharacterOffsetEnd>1073</CharacterOffsetEnd>
            <POS>DT</POS>
            <deprel>det</deprel>
            <depreal_head_id>71</depreal_head_id>
            <depreal_head_text>environment</depreal_head_text>
            <ner>O</ner>
          </token>
          <token id="71">
            <word>environment</word>
            <lemma>environment</lemma>
            <CharacterOffsetBegin>1074</CharacterOffsetBegin>
            <CharacterOffsetEnd>1085</CharacterOffsetEnd>
            <POS>NN</POS>
            <deprel>obj</deprel>
            <depreal_head_id>69</depreal_head_id>
            <depreal_head_text>understanding</depreal_head_text>
            <ner>O</ner>
          </token>
          <token id="72">
            <word>of</word>
            <lemma>of</lemma>
            <CharacterOffsetBegin>1086</CharacterOffsetBegin>
            <CharacterOffsetEnd>1088</CharacterOffsetEnd>
            <POS>IN</POS>
            <deprel>case</deprel>
            <depreal_head_id>74</depreal_head_id>
            <depreal_head_text>members</depreal_head_text>
            <ner>O</ner>
          </token>
          <token id="73">
            <word>our</word>
            <lemma>we</lemma>
            <CharacterOffsetBegin>1089</CharacterOffsetBegin>
            <CharacterOffsetEnd>1092</CharacterOffsetEnd>
            <POS>PRP$</POS>
            <deprel>nmod:poss</deprel>
            <depreal_head_id>74</depreal_head_id>
            <depreal_head_text>members</depreal_head_text>
            <ner>O</ner>
          </token>
          <token id="74">
            <word>members</word>
            <lemma>member</lemma>
            <CharacterOffsetBegin>1093</CharacterOffsetBegin>
            <CharacterOffsetEnd>1100</CharacterOffsetEnd>
            <POS>NNS</POS>
            <deprel>nmod</deprel>
            <depreal_head_id>71</depreal_head_id>
            <depreal_head_text>environment</depreal_head_text>
            <ner>O</ner>
          </token>
          <token id="75">
            <word>,</word>
            <lemma>,</lemma>
            <CharacterOffsetBegin>1100</CharacterOffsetBegin>
            <CharacterOffsetEnd>1101</CharacterOffsetEnd>
            <POS>,</POS>
            <deprel>punct</deprel>
            <depreal_head_id>80</depreal_head_id>
            <depreal_head_text>chain</depreal_head_text>
            <ner>O</ner>
          </token>
          <token id="76">
            <word>and</word>
            <lemma>and</lemma>
            <CharacterOffsetBegin>1102</CharacterOffsetBegin>
            <CharacterOffsetEnd>1105</CharacterOffsetEnd>
            <POS>CC</POS>
            <deprel>cc</deprel>
            <depreal_head_id>80</depreal_head_id>
            <depreal_head_text>chain</depreal_head_text>
            <ner>O</ner>
          </token>
          <token id="77">
            <word>the</word>
            <lemma>the</lemma>
            <CharacterOffsetBegin>1106</CharacterOffsetBegin>
            <CharacterOffsetEnd>1109</CharacterOffsetEnd>
            <POS>DT</POS>
            <deprel>det</deprel>
            <depreal_head_id>80</depreal_head_id>
            <depreal_head_text>chain</depreal_head_text>
            <ner>O</ner>
          </token>
          <token id="78">
            <word>broader</word>
            <lemma>broad</lemma>
            <CharacterOffsetBegin>1110</CharacterOffsetBegin>
            <CharacterOffsetEnd>1117</CharacterOffsetEnd>
            <POS>JJR</POS>
            <deprel>amod</deprel>
            <depreal_head_id>80</depreal_head_id>
            <depreal_head_text>chain</depreal_head_text>
            <ner>O</ner>
          </token>
          <token id="79">
            <word>supply</word>
            <lemma>supply</lemma>
            <CharacterOffsetBegin>1118</CharacterOffsetBegin>
            <CharacterOffsetEnd>1124</CharacterOffsetEnd>
            <POS>NN</POS>
            <deprel>compound</deprel>
            <depreal_head_id>80</depreal_head_id>
            <depreal_head_text>chain</depreal_head_text>
            <ner>O</ner>
          </token>
          <token id="80">
            <word>chain</word>
            <lemma>chain</lemma>
            <CharacterOffsetBegin>1125</CharacterOffsetBegin>
            <CharacterOffsetEnd>1130</CharacterOffsetEnd>
            <POS>NN</POS>
            <deprel>conj</deprel>
            <depreal_head_id>71</depreal_head_id>
            <depreal_head_text>environment</depreal_head_text>
            <ner>O</ner>
          </token>
          <token id="81">
            <word>,</word>
            <lemma>,</lemma>
            <CharacterOffsetBegin>1130</CharacterOffsetBegin>
            <CharacterOffsetEnd>1131</CharacterOffsetEnd>
            <POS>,</POS>
            <deprel>punct</deprel>
            <depreal_head_id>85</depreal_head_id>
            <depreal_head_text>experience</depreal_head_text>
            <ner>O</ner>
          </token>
          <token id="82">
            <word>through</word>
            <lemma>through</lemma>
            <CharacterOffsetBegin>1132</CharacterOffsetBegin>
            <CharacterOffsetEnd>1139</CharacterOffsetEnd>
            <POS>IN</POS>
            <deprel>case</deprel>
            <depreal_head_id>85</depreal_head_id>
            <depreal_head_text>experience</depreal_head_text>
            <ner>O</ner>
          </token>
          <token id="83">
            <word>first</word>
            <lemma>first</lemma>
            <CharacterOffsetBegin>1140</CharacterOffsetBegin>
            <CharacterOffsetEnd>1145</CharacterOffsetEnd>
            <POS>JJ</POS>
            <deprel>amod</deprel>
            <depreal_head_id>84</depreal_head_id>
            <depreal_head_text>hand</depreal_head_text>
            <ner>S-ORDINAL</ner>
          </token>
          <token id="84">
            <word>hand</word>
            <lemma>hand</lemma>
            <CharacterOffsetBegin>1146</CharacterOffsetBegin>
            <CharacterOffsetEnd>1150</CharacterOffsetEnd>
            <POS>NN</POS>
            <deprel>compound</deprel>
            <depreal_head_id>85</depreal_head_id>
            <depreal_head_text>experience</depreal_head_text>
            <ner>O</ner>
          </token>
          <token id="85">
            <word>experience</word>
            <lemma>experience</lemma>
            <CharacterOffsetBegin>1151</CharacterOffsetBegin>
            <CharacterOffsetEnd>1161</CharacterOffsetEnd>
            <POS>NN</POS>
            <deprel>appos</deprel>
            <depreal_head_id>80</depreal_head_id>
            <depreal_head_text>chain</depreal_head_text>
            <ner>O</ner>
          </token>
          <token id="86">
            <word>,</word>
            <lemma>,</lemma>
            <CharacterOffsetBegin>1161</CharacterOffsetBegin>
            <CharacterOffsetEnd>1162</CharacterOffsetEnd>
            <POS>,</POS>
            <deprel>punct</deprel>
            <depreal_head_id>88</depreal_head_id>
            <depreal_head_text>critical</depreal_head_text>
            <ner>O</ner>
          </token>
          <token id="87">
            <word>is</word>
            <lemma>be</lemma>
            <CharacterOffsetBegin>1163</CharacterOffsetBegin>
            <CharacterOffsetEnd>1165</CharacterOffsetEnd>
            <POS>VBZ</POS>
            <deprel>cop</deprel>
            <depreal_head_id>88</depreal_head_id>
            <depreal_head_text>critical</depreal_head_text>
            <ner>O</ner>
          </token>
          <token id="88">
            <word>critical</word>
            <lemma>critical</lemma>
            <CharacterOffsetBegin>1166</CharacterOffsetBegin>
            <CharacterOffsetEnd>1174</CharacterOffsetEnd>
            <POS>JJ</POS>
            <deprel>acl:relcl</deprel>
            <depreal_head_id>80</depreal_head_id>
            <depreal_head_text>chain</depreal_head_text>
            <ner>O</ner>
          </token>
          <token id="89">
            <word>to</word>
            <lemma>to</lemma>
            <CharacterOffsetBegin>1175</CharacterOffsetBegin>
            <CharacterOffsetEnd>1177</CharacterOffsetEnd>
            <POS>TO</POS>
            <deprel>mark</deprel>
            <depreal_head_id>91</depreal_head_id>
            <depreal_head_text>able</depreal_head_text>
            <ner>O</ner>
          </token>
          <token id="90">
            <word>being</word>
            <lemma>be</lemma>
            <CharacterOffsetBegin>1178</CharacterOffsetBegin>
            <CharacterOffsetEnd>1183</CharacterOffsetEnd>
            <POS>VBG</POS>
            <deprel>cop</deprel>
            <depreal_head_id>91</depreal_head_id>
            <depreal_head_text>able</depreal_head_text>
            <ner>O</ner>
          </token>
          <token id="91">
            <word>able</word>
            <lemma>able</lemma>
            <CharacterOffsetBegin>1184</CharacterOffsetBegin>
            <CharacterOffsetEnd>1188</CharacterOffsetEnd>
            <POS>JJ</POS>
            <deprel>acl</deprel>
            <depreal_head_id>88</depreal_head_id>
            <depreal_head_text>critical</depreal_head_text>
            <ner>O</ner>
          </token>
          <token id="92">
            <word>to</word>
            <lemma>to</lemma>
            <CharacterOffsetBegin>1189</CharacterOffsetBegin>
            <CharacterOffsetEnd>1191</CharacterOffsetEnd>
            <POS>TO</POS>
            <deprel>mark</deprel>
            <depreal_head_id>93</depreal_head_id>
            <depreal_head_text>do</depreal_head_text>
            <ner>O</ner>
          </token>
          <token id="93">
            <word>do</word>
            <lemma>do</lemma>
            <CharacterOffsetBegin>1192</CharacterOffsetBegin>
            <CharacterOffsetEnd>1194</CharacterOffsetEnd>
            <POS>VB</POS>
            <deprel>acl</deprel>
            <depreal_head_id>91</depreal_head_id>
            <depreal_head_text>able</depreal_head_text>
            <ner>O</ner>
          </token>
          <token id="94">
            <word>that</word>
            <lemma>that</lemma>
            <CharacterOffsetBegin>1195</CharacterOffsetBegin>
            <CharacterOffsetEnd>1199</CharacterOffsetEnd>
            <POS>DT</POS>
            <deprel>obj</deprel>
            <depreal_head_id>93</depreal_head_id>
            <depreal_head_text>do</depreal_head_text>
            <ner>O</ner>
          </token>
          <token id="95">
            <word>effectively</word>
            <lemma>effectively</lemma>
            <CharacterOffsetBegin>1200</CharacterOffsetBegin>
            <CharacterOffsetEnd>1211</CharacterOffsetEnd>
            <POS>RB</POS>
            <deprel>advmod</deprel>
            <depreal_head_id>93</depreal_head_id>
            <depreal_head_text>do</depreal_head_text>
            <ner>O</ner>
          </token>
          <token id="96">
            <word>.</word>
            <lemma>.</lemma>
            <CharacterOffsetBegin>1211</CharacterOffsetBegin>
            <CharacterOffsetEnd>1212</CharacterOffsetEnd>
            <POS>.</POS>
            <deprel>punct</deprel>
            <depreal_head_id>88</depreal_head_id>
            <depreal_head_text>critical</depreal_head_text>
            <ner>O</ner>
          </token>
          <token id="97">
            <word>"</word>
            <lemma>&amp;quot;</lemma>
            <CharacterOffsetBegin>1212</CharacterOffsetBegin>
            <CharacterOffsetEnd>1213</CharacterOffsetEnd>
            <POS>''</POS>
            <deprel>punct</deprel>
            <depreal_head_id>69</depreal_head_id>
            <depreal_head_text>understanding</depreal_head_text>
            <ner>O</ner>
          </token>
        </tokens>
      </sentence>
    </sentences>
  </document>
</root>
