<root>
  <document>
    <sentences>
      <sentence section="title" type="title" id="1">
        <tokens>
          <token id="1">
            <word>Brussels</word>
            <lemma>Brussels</lemma>
            <CharacterOffsetBegin>0</CharacterOffsetBegin>
            <CharacterOffsetEnd>8</CharacterOffsetEnd>
            <POS>NNP</POS>
            <deprel>nsubj</deprel>
            <depreal_head_id>3</depreal_head_id>
            <depreal_head_text>responds</depreal_head_text>
            <ner>B-FAC</ner>
          </token>
          <token id="2">
            <word>Airport</word>
            <lemma>Airport</lemma>
            <CharacterOffsetBegin>9</CharacterOffsetBegin>
            <CharacterOffsetEnd>16</CharacterOffsetEnd>
            <POS>NNP</POS>
            <deprel>flat</deprel>
            <depreal_head_id>1</depreal_head_id>
            <depreal_head_text>Brussels</depreal_head_text>
            <ner>E-FAC</ner>
          </token>
          <token id="3">
            <word>responds</word>
            <lemma>respond</lemma>
            <CharacterOffsetBegin>17</CharacterOffsetBegin>
            <CharacterOffsetEnd>25</CharacterOffsetEnd>
            <POS>VBZ</POS>
            <deprel>root</deprel>
            <depreal_head_id>0</depreal_head_id>
            <depreal_head_text>root</depreal_head_text>
            <ner>O</ner>
          </token>
          <token id="4">
            <word>to</word>
            <lemma>to</lemma>
            <CharacterOffsetBegin>26</CharacterOffsetBegin>
            <CharacterOffsetEnd>28</CharacterOffsetEnd>
            <POS>TO</POS>
            <deprel>mark</deprel>
            <depreal_head_id>5</depreal_head_id>
            <depreal_head_text>increased</depreal_head_text>
            <ner>O</ner>
          </token>
          <token id="5">
            <word>increased</word>
            <lemma>increase</lemma>
            <CharacterOffsetBegin>29</CharacterOffsetBegin>
            <CharacterOffsetEnd>38</CharacterOffsetEnd>
            <POS>VBN</POS>
            <deprel>ccomp</deprel>
            <depreal_head_id>3</depreal_head_id>
            <depreal_head_text>responds</depreal_head_text>
            <ner>O</ner>
          </token>
          <token id="6">
            <word>cargo</word>
            <lemma>cargo</lemma>
            <CharacterOffsetBegin>39</CharacterOffsetBegin>
            <CharacterOffsetEnd>44</CharacterOffsetEnd>
            <POS>NN</POS>
            <deprel>compound</deprel>
            <depreal_head_id>7</depreal_head_id>
            <depreal_head_text>demand</depreal_head_text>
            <ner>O</ner>
          </token>
          <token id="7">
            <word>demand</word>
            <lemma>demand</lemma>
            <CharacterOffsetBegin>45</CharacterOffsetBegin>
            <CharacterOffsetEnd>51</CharacterOffsetEnd>
            <POS>NN</POS>
            <deprel>obj</deprel>
            <depreal_head_id>5</depreal_head_id>
            <depreal_head_text>increased</depreal_head_text>
            <ner>O</ner>
          </token>
          <token id="8">
            <word>with</word>
            <lemma>with</lemma>
            <CharacterOffsetBegin>52</CharacterOffsetBegin>
            <CharacterOffsetEnd>56</CharacterOffsetEnd>
            <POS>IN</POS>
            <deprel>case</deprel>
            <depreal_head_id>9</depreal_head_id>
            <depreal_head_text>facility</depreal_head_text>
            <ner>O</ner>
          </token>
          <token id="9">
            <word>facility</word>
            <lemma>facility</lemma>
            <CharacterOffsetBegin>57</CharacterOffsetBegin>
            <CharacterOffsetEnd>65</CharacterOffsetEnd>
            <POS>NN</POS>
            <deprel>obl</deprel>
            <depreal_head_id>5</depreal_head_id>
            <depreal_head_text>increased</depreal_head_text>
            <ner>O</ner>
          </token>
          <token id="10">
            <word>expansion</word>
            <lemma>expansion</lemma>
            <CharacterOffsetBegin>66</CharacterOffsetBegin>
            <CharacterOffsetEnd>75</CharacterOffsetEnd>
            <POS>NN</POS>
            <deprel>nummod</deprel>
            <depreal_head_id>9</depreal_head_id>
            <depreal_head_text>facility</depreal_head_text>
            <ner>O</ner>
          </token>
        </tokens>
      </sentence>
      <sentence section="content" type="bodyText" id="2">
        <tokens>
          <token id="1">
            <word>The</word>
            <lemma>the</lemma>
            <CharacterOffsetBegin>76</CharacterOffsetBegin>
            <CharacterOffsetEnd>79</CharacterOffsetEnd>
            <POS>DT</POS>
            <deprel>det</deprel>
            <depreal_head_id>3</depreal_head_id>
            <depreal_head_text>surge</depreal_head_text>
            <ner>O</ner>
          </token>
          <token id="2">
            <word>recent</word>
            <lemma>recent</lemma>
            <CharacterOffsetBegin>80</CharacterOffsetBegin>
            <CharacterOffsetEnd>86</CharacterOffsetEnd>
            <POS>JJ</POS>
            <deprel>amod</deprel>
            <depreal_head_id>3</depreal_head_id>
            <depreal_head_text>surge</depreal_head_text>
            <ner>O</ner>
          </token>
          <token id="3">
            <word>surge</word>
            <lemma>surge</lemma>
            <CharacterOffsetBegin>87</CharacterOffsetBegin>
            <CharacterOffsetEnd>92</CharacterOffsetEnd>
            <POS>NN</POS>
            <deprel>nsubj</deprel>
            <depreal_head_id>11</depreal_head_id>
            <depreal_head_text>putting</depreal_head_text>
            <ner>O</ner>
          </token>
          <token id="4">
            <word>in</word>
            <lemma>in</lemma>
            <CharacterOffsetBegin>93</CharacterOffsetBegin>
            <CharacterOffsetEnd>95</CharacterOffsetEnd>
            <POS>IN</POS>
            <deprel>case</deprel>
            <depreal_head_id>5</depreal_head_id>
            <depreal_head_text>demand</depreal_head_text>
            <ner>O</ner>
          </token>
          <token id="5">
            <word>demand</word>
            <lemma>demand</lemma>
            <CharacterOffsetBegin>96</CharacterOffsetBegin>
            <CharacterOffsetEnd>102</CharacterOffsetEnd>
            <POS>NN</POS>
            <deprel>nmod</deprel>
            <depreal_head_id>3</depreal_head_id>
            <depreal_head_text>surge</depreal_head_text>
            <ner>O</ner>
          </token>
          <token id="6">
            <word>for</word>
            <lemma>for</lemma>
            <CharacterOffsetBegin>103</CharacterOffsetBegin>
            <CharacterOffsetEnd>106</CharacterOffsetEnd>
            <POS>IN</POS>
            <deprel>case</deprel>
            <depreal_head_id>9</depreal_head_id>
            <depreal_head_text>services</depreal_head_text>
            <ner>O</ner>
          </token>
          <token id="7">
            <word>air</word>
            <lemma>air</lemma>
            <CharacterOffsetBegin>107</CharacterOffsetBegin>
            <CharacterOffsetEnd>110</CharacterOffsetEnd>
            <POS>NN</POS>
            <deprel>det</deprel>
            <depreal_head_id>9</depreal_head_id>
            <depreal_head_text>services</depreal_head_text>
            <ner>O</ner>
          </token>
          <token id="8">
            <word>cargo</word>
            <lemma>cargo</lemma>
            <CharacterOffsetBegin>111</CharacterOffsetBegin>
            <CharacterOffsetEnd>116</CharacterOffsetEnd>
            <POS>NN</POS>
            <deprel>compound</deprel>
            <depreal_head_id>9</depreal_head_id>
            <depreal_head_text>services</depreal_head_text>
            <ner>O</ner>
          </token>
          <token id="9">
            <word>services</word>
            <lemma>service</lemma>
            <CharacterOffsetBegin>117</CharacterOffsetBegin>
            <CharacterOffsetEnd>125</CharacterOffsetEnd>
            <POS>NNS</POS>
            <deprel>nmod</deprel>
            <depreal_head_id>5</depreal_head_id>
            <depreal_head_text>demand</depreal_head_text>
            <ner>O</ner>
          </token>
          <token id="10">
            <word>is</word>
            <lemma>be</lemma>
            <CharacterOffsetBegin>126</CharacterOffsetBegin>
            <CharacterOffsetEnd>128</CharacterOffsetEnd>
            <POS>VBZ</POS>
            <deprel>aux</deprel>
            <depreal_head_id>11</depreal_head_id>
            <depreal_head_text>putting</depreal_head_text>
            <ner>O</ner>
          </token>
          <token id="11">
            <word>putting</word>
            <lemma>put</lemma>
            <CharacterOffsetBegin>129</CharacterOffsetBegin>
            <CharacterOffsetEnd>136</CharacterOffsetEnd>
            <POS>VBG</POS>
            <deprel>root</deprel>
            <depreal_head_id>0</depreal_head_id>
            <depreal_head_text>root</depreal_head_text>
            <ner>O</ner>
          </token>
          <token id="12">
            <word>the</word>
            <lemma>the</lemma>
            <CharacterOffsetBegin>137</CharacterOffsetBegin>
            <CharacterOffsetEnd>140</CharacterOffsetEnd>
            <POS>DT</POS>
            <deprel>det</deprel>
            <depreal_head_id>13</depreal_head_id>
            <depreal_head_text>squeeze</depreal_head_text>
            <ner>O</ner>
          </token>
          <token id="13">
            <word>squeeze</word>
            <lemma>squeeze</lemma>
            <CharacterOffsetBegin>141</CharacterOffsetBegin>
            <CharacterOffsetEnd>148</CharacterOffsetEnd>
            <POS>NN</POS>
            <deprel>obj</deprel>
            <depreal_head_id>11</depreal_head_id>
            <depreal_head_text>putting</depreal_head_text>
            <ner>O</ner>
          </token>
          <token id="14">
            <word>on</word>
            <lemma>on</lemma>
            <CharacterOffsetBegin>149</CharacterOffsetBegin>
            <CharacterOffsetEnd>151</CharacterOffsetEnd>
            <POS>IN</POS>
            <deprel>case</deprel>
            <depreal_head_id>16</depreal_head_id>
            <depreal_head_text>Airport</depreal_head_text>
            <ner>O</ner>
          </token>
          <token id="15">
            <word>Brussels</word>
            <lemma>Brussels</lemma>
            <CharacterOffsetBegin>152</CharacterOffsetBegin>
            <CharacterOffsetEnd>160</CharacterOffsetEnd>
            <POS>NNP</POS>
            <deprel>obl</deprel>
            <depreal_head_id>11</depreal_head_id>
            <depreal_head_text>putting</depreal_head_text>
            <ner>B-FAC</ner>
          </token>
          <token id="16">
            <word>Airport</word>
            <lemma>Airport</lemma>
            <CharacterOffsetBegin>161</CharacterOffsetBegin>
            <CharacterOffsetEnd>168</CharacterOffsetEnd>
            <POS>NNP</POS>
            <deprel>flat</deprel>
            <depreal_head_id>15</depreal_head_id>
            <depreal_head_text>Brussels</depreal_head_text>
            <ner>E-FAC</ner>
          </token>
          <token id="17">
            <word>(</word>
            <lemma>(</lemma>
            <CharacterOffsetBegin>169</CharacterOffsetBegin>
            <CharacterOffsetEnd>170</CharacterOffsetEnd>
            <POS>-LRB-</POS>
            <deprel>punct</deprel>
            <depreal_head_id>18</depreal_head_id>
            <depreal_head_text>BRU</depreal_head_text>
            <ner>O</ner>
          </token>
          <token id="18">
            <word>BRU</word>
            <lemma>Bru</lemma>
            <CharacterOffsetBegin>170</CharacterOffsetBegin>
            <CharacterOffsetEnd>173</CharacterOffsetEnd>
            <POS>NNP</POS>
            <deprel>appos</deprel>
            <depreal_head_id>16</depreal_head_id>
            <depreal_head_text>Airport</depreal_head_text>
            <ner>O</ner>
          </token>
          <token id="19">
            <word>)</word>
            <lemma>)</lemma>
            <CharacterOffsetBegin>173</CharacterOffsetBegin>
            <CharacterOffsetEnd>174</CharacterOffsetEnd>
            <POS>-RRB-</POS>
            <deprel>punct</deprel>
            <depreal_head_id>18</depreal_head_id>
            <depreal_head_text>BRU</depreal_head_text>
            <ner>O</ner>
          </token>
          <token id="20">
            <word>,</word>
            <lemma>,</lemma>
            <CharacterOffsetBegin>174</CharacterOffsetBegin>
            <CharacterOffsetEnd>175</CharacterOffsetEnd>
            <POS>,</POS>
            <deprel>punct</deprel>
            <depreal_head_id>24</depreal_head_id>
            <depreal_head_text>investing</depreal_head_text>
            <ner>O</ner>
          </token>
          <token id="21">
            <word>so</word>
            <lemma>so</lemma>
            <CharacterOffsetBegin>176</CharacterOffsetBegin>
            <CharacterOffsetEnd>178</CharacterOffsetEnd>
            <POS>IN</POS>
            <deprel>mark</deprel>
            <depreal_head_id>24</depreal_head_id>
            <depreal_head_text>investing</depreal_head_text>
            <ner>O</ner>
          </token>
          <token id="22">
            <word>it</word>
            <lemma>it</lemma>
            <CharacterOffsetBegin>179</CharacterOffsetBegin>
            <CharacterOffsetEnd>181</CharacterOffsetEnd>
            <POS>PRP</POS>
            <deprel>nsubj</deprel>
            <depreal_head_id>24</depreal_head_id>
            <depreal_head_text>investing</depreal_head_text>
            <ner>O</ner>
          </token>
          <token id="23">
            <word>is</word>
            <lemma>be</lemma>
            <CharacterOffsetBegin>182</CharacterOffsetBegin>
            <CharacterOffsetEnd>184</CharacterOffsetEnd>
            <POS>VBZ</POS>
            <deprel>aux</deprel>
            <depreal_head_id>24</depreal_head_id>
            <depreal_head_text>investing</depreal_head_text>
            <ner>O</ner>
          </token>
          <token id="24">
            <word>investing</word>
            <lemma>invest</lemma>
            <CharacterOffsetBegin>185</CharacterOffsetBegin>
            <CharacterOffsetEnd>194</CharacterOffsetEnd>
            <POS>VBG</POS>
            <deprel>advcl</deprel>
            <depreal_head_id>11</depreal_head_id>
            <depreal_head_text>putting</depreal_head_text>
            <ner>O</ner>
          </token>
          <token id="25">
            <word>€100</word>
            <lemma>€100</lemma>
            <CharacterOffsetBegin>195</CharacterOffsetBegin>
            <CharacterOffsetEnd>199</CharacterOffsetEnd>
            <POS>CD</POS>
            <deprel>nummod</deprel>
            <depreal_head_id>26</depreal_head_id>
            <depreal_head_text>million</depreal_head_text>
            <ner>B-MONEY</ner>
          </token>
          <token id="26">
            <word>million</word>
            <lemma>million</lemma>
            <CharacterOffsetBegin>200</CharacterOffsetBegin>
            <CharacterOffsetEnd>207</CharacterOffsetEnd>
            <POS>CD</POS>
            <deprel>obj</deprel>
            <depreal_head_id>24</depreal_head_id>
            <depreal_head_text>investing</depreal_head_text>
            <ner>E-MONEY</ner>
          </token>
          <token id="27">
            <word>in</word>
            <lemma>in</lemma>
            <CharacterOffsetBegin>208</CharacterOffsetBegin>
            <CharacterOffsetEnd>210</CharacterOffsetEnd>
            <POS>IN</POS>
            <deprel>mark</deprel>
            <depreal_head_id>28</depreal_head_id>
            <depreal_head_text>expanding</depreal_head_text>
            <ner>O</ner>
          </token>
          <token id="28">
            <word>expanding</word>
            <lemma>expand</lemma>
            <CharacterOffsetBegin>211</CharacterOffsetBegin>
            <CharacterOffsetEnd>220</CharacterOffsetEnd>
            <POS>VBG</POS>
            <deprel>advcl</deprel>
            <depreal_head_id>24</depreal_head_id>
            <depreal_head_text>investing</depreal_head_text>
            <ner>O</ner>
          </token>
          <token id="29">
            <word>its</word>
            <lemma>it</lemma>
            <CharacterOffsetBegin>221</CharacterOffsetBegin>
            <CharacterOffsetEnd>224</CharacterOffsetEnd>
            <POS>PRP$</POS>
            <deprel>nmod:poss</deprel>
            <depreal_head_id>30</depreal_head_id>
            <depreal_head_text>cargo</depreal_head_text>
            <ner>O</ner>
          </token>
          <token id="30">
            <word>cargo</word>
            <lemma>cargo</lemma>
            <CharacterOffsetBegin>225</CharacterOffsetBegin>
            <CharacterOffsetEnd>230</CharacterOffsetEnd>
            <POS>NN</POS>
            <deprel>compound</deprel>
            <depreal_head_id>31</depreal_head_id>
            <depreal_head_text>facilities</depreal_head_text>
            <ner>O</ner>
          </token>
          <token id="31">
            <word>facilities</word>
            <lemma>facility</lemma>
            <CharacterOffsetBegin>231</CharacterOffsetBegin>
            <CharacterOffsetEnd>241</CharacterOffsetEnd>
            <POS>NNS</POS>
            <deprel>obj</deprel>
            <depreal_head_id>28</depreal_head_id>
            <depreal_head_text>expanding</depreal_head_text>
            <ner>O</ner>
          </token>
          <token id="32">
            <word>.</word>
            <lemma>.</lemma>
            <CharacterOffsetBegin>241</CharacterOffsetBegin>
            <CharacterOffsetEnd>242</CharacterOffsetEnd>
            <POS>.</POS>
            <deprel>punct</deprel>
            <depreal_head_id>11</depreal_head_id>
            <depreal_head_text>putting</depreal_head_text>
            <ner>O</ner>
          </token>
        </tokens>
      </sentence>
      <sentence section="content" type="bodyText" id="3">
        <tokens>
          <token id="1">
            <word>The</word>
            <lemma>the</lemma>
            <CharacterOffsetBegin>243</CharacterOffsetBegin>
            <CharacterOffsetEnd>246</CharacterOffsetEnd>
            <POS>DT</POS>
            <deprel>det</deprel>
            <depreal_head_id>2</depreal_head_id>
            <depreal_head_text>expansion</depreal_head_text>
            <ner>O</ner>
          </token>
          <token id="2">
            <word>expansion</word>
            <lemma>expansion</lemma>
            <CharacterOffsetBegin>247</CharacterOffsetBegin>
            <CharacterOffsetEnd>256</CharacterOffsetEnd>
            <POS>NN</POS>
            <deprel>nsubj</deprel>
            <depreal_head_id>13</depreal_head_id>
            <depreal_head_text>part</depreal_head_text>
            <ner>O</ner>
          </token>
          <token id="3">
            <word>of</word>
            <lemma>of</lemma>
            <CharacterOffsetBegin>257</CharacterOffsetBegin>
            <CharacterOffsetEnd>259</CharacterOffsetEnd>
            <POS>IN</POS>
            <deprel>case</deprel>
            <depreal_head_id>7</depreal_head_id>
            <depreal_head_text>area</depreal_head_text>
            <ner>O</ner>
          </token>
          <token id="4">
            <word>the</word>
            <lemma>the</lemma>
            <CharacterOffsetBegin>260</CharacterOffsetBegin>
            <CharacterOffsetEnd>263</CharacterOffsetEnd>
            <POS>DT</POS>
            <deprel>det</deprel>
            <depreal_head_id>7</depreal_head_id>
            <depreal_head_text>area</depreal_head_text>
            <ner>O</ner>
          </token>
          <token id="5">
            <word>cargo</word>
            <lemma>cargo</lemma>
            <CharacterOffsetBegin>264</CharacterOffsetBegin>
            <CharacterOffsetEnd>269</CharacterOffsetEnd>
            <POS>NN</POS>
            <deprel>compound</deprel>
            <depreal_head_id>7</depreal_head_id>
            <depreal_head_text>area</depreal_head_text>
            <ner>O</ner>
          </token>
          <token id="6">
            <word>processing</word>
            <lemma>processing</lemma>
            <CharacterOffsetBegin>270</CharacterOffsetBegin>
            <CharacterOffsetEnd>280</CharacterOffsetEnd>
            <POS>NN</POS>
            <deprel>nummod</deprel>
            <depreal_head_id>5</depreal_head_id>
            <depreal_head_text>cargo</depreal_head_text>
            <ner>O</ner>
          </token>
          <token id="7">
            <word>area</word>
            <lemma>area</lemma>
            <CharacterOffsetBegin>281</CharacterOffsetBegin>
            <CharacterOffsetEnd>285</CharacterOffsetEnd>
            <POS>NN</POS>
            <deprel>nmod</deprel>
            <depreal_head_id>2</depreal_head_id>
            <depreal_head_text>expansion</depreal_head_text>
            <ner>O</ner>
          </token>
          <token id="8">
            <word>,</word>
            <lemma>,</lemma>
            <CharacterOffsetBegin>285</CharacterOffsetBegin>
            <CharacterOffsetEnd>286</CharacterOffsetEnd>
            <POS>,</POS>
            <deprel>punct</deprel>
            <depreal_head_id>9</depreal_head_id>
            <depreal_head_text>called</depreal_head_text>
            <ner>O</ner>
          </token>
          <token id="9">
            <word>called</word>
            <lemma>call</lemma>
            <CharacterOffsetBegin>287</CharacterOffsetBegin>
            <CharacterOffsetEnd>293</CharacterOffsetEnd>
            <POS>VBN</POS>
            <deprel>acl</deprel>
            <depreal_head_id>2</depreal_head_id>
            <depreal_head_text>expansion</depreal_head_text>
            <ner>O</ner>
          </token>
          <token id="10">
            <word>BRUcargo</word>
            <lemma>BRUcargo</lemma>
            <CharacterOffsetBegin>294</CharacterOffsetBegin>
            <CharacterOffsetEnd>302</CharacterOffsetEnd>
            <POS>NNP</POS>
            <deprel>obj</deprel>
            <depreal_head_id>9</depreal_head_id>
            <depreal_head_text>called</depreal_head_text>
            <ner>S-PRODUCT</ner>
          </token>
          <token id="11">
            <word>,</word>
            <lemma>,</lemma>
            <CharacterOffsetBegin>302</CharacterOffsetBegin>
            <CharacterOffsetEnd>303</CharacterOffsetEnd>
            <POS>,</POS>
            <deprel>punct</deprel>
            <depreal_head_id>9</depreal_head_id>
            <depreal_head_text>called</depreal_head_text>
            <ner>O</ner>
          </token>
          <token id="12">
            <word>is</word>
            <lemma>be</lemma>
            <CharacterOffsetBegin>304</CharacterOffsetBegin>
            <CharacterOffsetEnd>306</CharacterOffsetEnd>
            <POS>VBZ</POS>
            <deprel>cop</deprel>
            <depreal_head_id>13</depreal_head_id>
            <depreal_head_text>part</depreal_head_text>
            <ner>O</ner>
          </token>
          <token id="13">
            <word>part</word>
            <lemma>part</lemma>
            <CharacterOffsetBegin>307</CharacterOffsetBegin>
            <CharacterOffsetEnd>311</CharacterOffsetEnd>
            <POS>NN</POS>
            <deprel>root</deprel>
            <depreal_head_id>0</depreal_head_id>
            <depreal_head_text>root</depreal_head_text>
            <ner>O</ner>
          </token>
          <token id="14">
            <word>of</word>
            <lemma>of</lemma>
            <CharacterOffsetBegin>312</CharacterOffsetBegin>
            <CharacterOffsetEnd>314</CharacterOffsetEnd>
            <POS>IN</POS>
            <deprel>case</deprel>
            <depreal_head_id>17</depreal_head_id>
            <depreal_head_text>effort</depreal_head_text>
            <ner>O</ner>
          </token>
          <token id="15">
            <word>a</word>
            <lemma>a</lemma>
            <CharacterOffsetBegin>315</CharacterOffsetBegin>
            <CharacterOffsetEnd>316</CharacterOffsetEnd>
            <POS>DT</POS>
            <deprel>det</deprel>
            <depreal_head_id>17</depreal_head_id>
            <depreal_head_text>effort</depreal_head_text>
            <ner>O</ner>
          </token>
          <token id="16">
            <word>continuing</word>
            <lemma>continue</lemma>
            <CharacterOffsetBegin>317</CharacterOffsetBegin>
            <CharacterOffsetEnd>327</CharacterOffsetEnd>
            <POS>VBG</POS>
            <deprel>compound</deprel>
            <depreal_head_id>17</depreal_head_id>
            <depreal_head_text>effort</depreal_head_text>
            <ner>O</ner>
          </token>
          <token id="17">
            <word>effort</word>
            <lemma>effort</lemma>
            <CharacterOffsetBegin>328</CharacterOffsetBegin>
            <CharacterOffsetEnd>334</CharacterOffsetEnd>
            <POS>NN</POS>
            <deprel>nmod</deprel>
            <depreal_head_id>13</depreal_head_id>
            <depreal_head_text>part</depreal_head_text>
            <ner>O</ner>
          </token>
          <token id="18">
            <word>to</word>
            <lemma>to</lemma>
            <CharacterOffsetBegin>335</CharacterOffsetBegin>
            <CharacterOffsetEnd>337</CharacterOffsetEnd>
            <POS>TO</POS>
            <deprel>mark</deprel>
            <depreal_head_id>19</depreal_head_id>
            <depreal_head_text>accommodate</depreal_head_text>
            <ner>O</ner>
          </token>
          <token id="19">
            <word>accommodate</word>
            <lemma>accommodate</lemma>
            <CharacterOffsetBegin>338</CharacterOffsetBegin>
            <CharacterOffsetEnd>349</CharacterOffsetEnd>
            <POS>VB</POS>
            <deprel>acl</deprel>
            <depreal_head_id>17</depreal_head_id>
            <depreal_head_text>effort</depreal_head_text>
            <ner>O</ner>
          </token>
          <token id="20">
            <word>freight</word>
            <lemma>freight</lemma>
            <CharacterOffsetBegin>350</CharacterOffsetBegin>
            <CharacterOffsetEnd>357</CharacterOffsetEnd>
            <POS>NN</POS>
            <deprel>compound</deprel>
            <depreal_head_id>21</depreal_head_id>
            <depreal_head_text>forwarders</depreal_head_text>
            <ner>O</ner>
          </token>
          <token id="21">
            <word>forwarders</word>
            <lemma>forwarder</lemma>
            <CharacterOffsetBegin>358</CharacterOffsetBegin>
            <CharacterOffsetEnd>368</CharacterOffsetEnd>
            <POS>NNS</POS>
            <deprel>obj</deprel>
            <depreal_head_id>19</depreal_head_id>
            <depreal_head_text>accommodate</depreal_head_text>
            <ner>O</ner>
          </token>
          <token id="22">
            <word>,</word>
            <lemma>,</lemma>
            <CharacterOffsetBegin>368</CharacterOffsetBegin>
            <CharacterOffsetEnd>369</CharacterOffsetEnd>
            <POS>,</POS>
            <deprel>punct</deprel>
            <depreal_head_id>26</depreal_head_id>
            <depreal_head_text>Nagel</depreal_head_text>
            <ner>O</ner>
          </token>
          <token id="23">
            <word>like</word>
            <lemma>like</lemma>
            <CharacterOffsetBegin>370</CharacterOffsetBegin>
            <CharacterOffsetEnd>374</CharacterOffsetEnd>
            <POS>IN</POS>
            <deprel>case</deprel>
            <depreal_head_id>26</depreal_head_id>
            <depreal_head_text>Nagel</depreal_head_text>
            <ner>O</ner>
          </token>
          <token id="24">
            <word>Kuehne</word>
            <lemma>Kuehne</lemma>
            <CharacterOffsetBegin>375</CharacterOffsetBegin>
            <CharacterOffsetEnd>381</CharacterOffsetEnd>
            <POS>NNP</POS>
            <deprel>nmod</deprel>
            <depreal_head_id>26</depreal_head_id>
            <depreal_head_text>Nagel</depreal_head_text>
            <ner>B-ORG</ner>
          </token>
          <token id="25">
            <word>+</word>
            <lemma>+</lemma>
            <CharacterOffsetBegin>382</CharacterOffsetBegin>
            <CharacterOffsetEnd>383</CharacterOffsetEnd>
            <POS>SYM</POS>
            <deprel>nmod</deprel>
            <depreal_head_id>26</depreal_head_id>
            <depreal_head_text>Nagel</depreal_head_text>
            <ner>I-ORG</ner>
          </token>
          <token id="26">
            <word>Nagel</word>
            <lemma>Nagel</lemma>
            <CharacterOffsetBegin>384</CharacterOffsetBegin>
            <CharacterOffsetEnd>389</CharacterOffsetEnd>
            <POS>NNP</POS>
            <deprel>nmod</deprel>
            <depreal_head_id>21</depreal_head_id>
            <depreal_head_text>forwarders</depreal_head_text>
            <ner>E-ORG</ner>
          </token>
          <token id="27">
            <word>,</word>
            <lemma>,</lemma>
            <CharacterOffsetBegin>389</CharacterOffsetBegin>
            <CharacterOffsetEnd>390</CharacterOffsetEnd>
            <POS>,</POS>
            <deprel>punct</deprel>
            <depreal_head_id>32</depreal_head_id>
            <depreal_head_text>handlers</depreal_head_text>
            <ner>O</ner>
          </token>
          <token id="28">
            <word>as</word>
            <lemma>as</lemma>
            <CharacterOffsetBegin>391</CharacterOffsetBegin>
            <CharacterOffsetEnd>393</CharacterOffsetEnd>
            <POS>RB</POS>
            <deprel>advmod</deprel>
            <depreal_head_id>29</depreal_head_id>
            <depreal_head_text>well</depreal_head_text>
            <ner>O</ner>
          </token>
          <token id="29">
            <word>well</word>
            <lemma>well</lemma>
            <CharacterOffsetBegin>394</CharacterOffsetBegin>
            <CharacterOffsetEnd>398</CharacterOffsetEnd>
            <POS>RB</POS>
            <deprel>advmod</deprel>
            <depreal_head_id>32</depreal_head_id>
            <depreal_head_text>handlers</depreal_head_text>
            <ner>O</ner>
          </token>
          <token id="30">
            <word>as</word>
            <lemma>as</lemma>
            <CharacterOffsetBegin>399</CharacterOffsetBegin>
            <CharacterOffsetEnd>401</CharacterOffsetEnd>
            <POS>IN</POS>
            <deprel>case</deprel>
            <depreal_head_id>32</depreal_head_id>
            <depreal_head_text>handlers</depreal_head_text>
            <ner>O</ner>
          </token>
          <token id="31">
            <word>ground</word>
            <lemma>ground</lemma>
            <CharacterOffsetBegin>402</CharacterOffsetBegin>
            <CharacterOffsetEnd>408</CharacterOffsetEnd>
            <POS>NN</POS>
            <deprel>det</deprel>
            <depreal_head_id>32</depreal_head_id>
            <depreal_head_text>handlers</depreal_head_text>
            <ner>O</ner>
          </token>
          <token id="32">
            <word>handlers</word>
            <lemma>handler</lemma>
            <CharacterOffsetBegin>409</CharacterOffsetBegin>
            <CharacterOffsetEnd>417</CharacterOffsetEnd>
            <POS>NNS</POS>
            <deprel>nmod</deprel>
            <depreal_head_id>26</depreal_head_id>
            <depreal_head_text>Nagel</depreal_head_text>
            <ner>O</ner>
          </token>
          <token id="33">
            <word>,</word>
            <lemma>,</lemma>
            <CharacterOffsetBegin>417</CharacterOffsetBegin>
            <CharacterOffsetEnd>418</CharacterOffsetEnd>
            <POS>,</POS>
            <deprel>punct</deprel>
            <depreal_head_id>34</depreal_head_id>
            <depreal_head_text>such</depreal_head_text>
            <ner>O</ner>
          </token>
          <token id="34">
            <word>such</word>
            <lemma>such</lemma>
            <CharacterOffsetBegin>419</CharacterOffsetBegin>
            <CharacterOffsetEnd>423</CharacterOffsetEnd>
            <POS>JJ</POS>
            <deprel>amod</deprel>
            <depreal_head_id>32</depreal_head_id>
            <depreal_head_text>handlers</depreal_head_text>
            <ner>O</ner>
          </token>
          <token id="35">
            <word>as</word>
            <lemma>as</lemma>
            <CharacterOffsetBegin>424</CharacterOffsetBegin>
            <CharacterOffsetEnd>426</CharacterOffsetEnd>
            <POS>IN</POS>
            <deprel>case</deprel>
            <depreal_head_id>38</depreal_head_id>
            <depreal_head_text>Services</depreal_head_text>
            <ner>O</ner>
          </token>
          <token id="36">
            <word>Swissport</word>
            <lemma>Swissport</lemma>
            <CharacterOffsetBegin>427</CharacterOffsetBegin>
            <CharacterOffsetEnd>436</CharacterOffsetEnd>
            <POS>NNP</POS>
            <deprel>nmod</deprel>
            <depreal_head_id>34</depreal_head_id>
            <depreal_head_text>such</depreal_head_text>
            <ner>B-ORG</ner>
          </token>
          <token id="37">
            <word>Cargo</word>
            <lemma>cargo</lemma>
            <CharacterOffsetBegin>437</CharacterOffsetBegin>
            <CharacterOffsetEnd>442</CharacterOffsetEnd>
            <POS>NNP</POS>
            <deprel>flat</deprel>
            <depreal_head_id>36</depreal_head_id>
            <depreal_head_text>Swissport</depreal_head_text>
            <ner>I-ORG</ner>
          </token>
          <token id="38">
            <word>Services</word>
            <lemma>service</lemma>
            <CharacterOffsetBegin>443</CharacterOffsetBegin>
            <CharacterOffsetEnd>451</CharacterOffsetEnd>
            <POS>NNP</POS>
            <deprel>flat</deprel>
            <depreal_head_id>36</depreal_head_id>
            <depreal_head_text>Swissport</depreal_head_text>
            <ner>E-ORG</ner>
          </token>
          <token id="39">
            <word>and</word>
            <lemma>and</lemma>
            <CharacterOffsetBegin>452</CharacterOffsetBegin>
            <CharacterOffsetEnd>455</CharacterOffsetEnd>
            <POS>CC</POS>
            <deprel>cc</deprel>
            <depreal_head_id>40</depreal_head_id>
            <depreal_head_text>Dnata</depreal_head_text>
            <ner>O</ner>
          </token>
          <token id="40">
            <word>Dnata</word>
            <lemma>Dnata</lemma>
            <CharacterOffsetBegin>456</CharacterOffsetBegin>
            <CharacterOffsetEnd>461</CharacterOffsetEnd>
            <POS>NNP</POS>
            <deprel>conj</deprel>
            <depreal_head_id>38</depreal_head_id>
            <depreal_head_text>Services</depreal_head_text>
            <ner>S-ORG</ner>
          </token>
          <token id="41">
            <word>.</word>
            <lemma>.</lemma>
            <CharacterOffsetBegin>461</CharacterOffsetBegin>
            <CharacterOffsetEnd>462</CharacterOffsetEnd>
            <POS>.</POS>
            <deprel>punct</deprel>
            <depreal_head_id>13</depreal_head_id>
            <depreal_head_text>part</depreal_head_text>
            <ner>O</ner>
          </token>
        </tokens>
      </sentence>
      <sentence section="content" type="bodyText" id="4">
        <tokens>
          <token id="1">
            <word>In</word>
            <lemma>in</lemma>
            <CharacterOffsetBegin>463</CharacterOffsetBegin>
            <CharacterOffsetEnd>465</CharacterOffsetEnd>
            <POS>IN</POS>
            <deprel>case</deprel>
            <depreal_head_id>2</depreal_head_id>
            <depreal_head_text>2016</depreal_head_text>
            <ner>O</ner>
          </token>
          <token id="2">
            <word>2016</word>
            <lemma>2016</lemma>
            <CharacterOffsetBegin>466</CharacterOffsetBegin>
            <CharacterOffsetEnd>470</CharacterOffsetEnd>
            <POS>CD</POS>
            <deprel>obl</deprel>
            <depreal_head_id>6</depreal_head_id>
            <depreal_head_text>made</depreal_head_text>
            <ner>S-DATE</ner>
          </token>
          <token id="3">
            <word>,</word>
            <lemma>,</lemma>
            <CharacterOffsetBegin>470</CharacterOffsetBegin>
            <CharacterOffsetEnd>471</CharacterOffsetEnd>
            <POS>,</POS>
            <deprel>punct</deprel>
            <depreal_head_id>1</depreal_head_id>
            <depreal_head_text>In</depreal_head_text>
            <ner>O</ner>
          </token>
          <token id="4">
            <word>the</word>
            <lemma>the</lemma>
            <CharacterOffsetBegin>472</CharacterOffsetBegin>
            <CharacterOffsetEnd>475</CharacterOffsetEnd>
            <POS>DT</POS>
            <deprel>det</deprel>
            <depreal_head_id>5</depreal_head_id>
            <depreal_head_text>airport</depreal_head_text>
            <ner>O</ner>
          </token>
          <token id="5">
            <word>airport</word>
            <lemma>airport</lemma>
            <CharacterOffsetBegin>476</CharacterOffsetBegin>
            <CharacterOffsetEnd>483</CharacterOffsetEnd>
            <POS>NN</POS>
            <deprel>nsubj</deprel>
            <depreal_head_id>6</depreal_head_id>
            <depreal_head_text>made</depreal_head_text>
            <ner>O</ner>
          </token>
          <token id="6">
            <word>made</word>
            <lemma>make</lemma>
            <CharacterOffsetBegin>484</CharacterOffsetBegin>
            <CharacterOffsetEnd>488</CharacterOffsetEnd>
            <POS>VBD</POS>
            <deprel>root</deprel>
            <depreal_head_id>0</depreal_head_id>
            <depreal_head_text>root</depreal_head_text>
            <ner>O</ner>
          </token>
          <token id="7">
            <word>known</word>
            <lemma>know</lemma>
            <CharacterOffsetBegin>489</CharacterOffsetBegin>
            <CharacterOffsetEnd>494</CharacterOffsetEnd>
            <POS>VBN</POS>
            <deprel>xcomp</deprel>
            <depreal_head_id>6</depreal_head_id>
            <depreal_head_text>made</depreal_head_text>
            <ner>O</ner>
          </token>
          <token id="8">
            <word>its</word>
            <lemma>it</lemma>
            <CharacterOffsetBegin>495</CharacterOffsetBegin>
            <CharacterOffsetEnd>498</CharacterOffsetEnd>
            <POS>PRP$</POS>
            <deprel>nmod:poss</deprel>
            <depreal_head_id>9</depreal_head_id>
            <depreal_head_text>intent</depreal_head_text>
            <ner>O</ner>
          </token>
          <token id="9">
            <word>intent</word>
            <lemma>intent</lemma>
            <CharacterOffsetBegin>499</CharacterOffsetBegin>
            <CharacterOffsetEnd>505</CharacterOffsetEnd>
            <POS>NN</POS>
            <deprel>obj</deprel>
            <depreal_head_id>7</depreal_head_id>
            <depreal_head_text>known</depreal_head_text>
            <ner>O</ner>
          </token>
          <token id="10">
            <word>to</word>
            <lemma>to</lemma>
            <CharacterOffsetBegin>506</CharacterOffsetBegin>
            <CharacterOffsetEnd>508</CharacterOffsetEnd>
            <POS>TO</POS>
            <deprel>mark</deprel>
            <depreal_head_id>11</depreal_head_id>
            <depreal_head_text>invest</depreal_head_text>
            <ner>O</ner>
          </token>
          <token id="11">
            <word>invest</word>
            <lemma>invest</lemma>
            <CharacterOffsetBegin>509</CharacterOffsetBegin>
            <CharacterOffsetEnd>515</CharacterOffsetEnd>
            <POS>VB</POS>
            <deprel>advcl</deprel>
            <depreal_head_id>7</depreal_head_id>
            <depreal_head_text>known</depreal_head_text>
            <ner>O</ner>
          </token>
          <token id="12">
            <word>further</word>
            <lemma>far</lemma>
            <CharacterOffsetBegin>516</CharacterOffsetBegin>
            <CharacterOffsetEnd>523</CharacterOffsetEnd>
            <POS>RBR</POS>
            <deprel>advmod</deprel>
            <depreal_head_id>11</depreal_head_id>
            <depreal_head_text>invest</depreal_head_text>
            <ner>O</ner>
          </token>
          <token id="13">
            <word>in</word>
            <lemma>in</lemma>
            <CharacterOffsetBegin>524</CharacterOffsetBegin>
            <CharacterOffsetEnd>526</CharacterOffsetEnd>
            <POS>IN</POS>
            <deprel>case</deprel>
            <depreal_head_id>14</depreal_head_id>
            <depreal_head_text>cargo</depreal_head_text>
            <ner>O</ner>
          </token>
          <token id="14">
            <word>cargo</word>
            <lemma>cargo</lemma>
            <CharacterOffsetBegin>527</CharacterOffsetBegin>
            <CharacterOffsetEnd>532</CharacterOffsetEnd>
            <POS>NN</POS>
            <deprel>obl</deprel>
            <depreal_head_id>11</depreal_head_id>
            <depreal_head_text>invest</depreal_head_text>
            <ner>O</ner>
          </token>
          <token id="15">
            <word>by</word>
            <lemma>by</lemma>
            <CharacterOffsetBegin>533</CharacterOffsetBegin>
            <CharacterOffsetEnd>535</CharacterOffsetEnd>
            <POS>IN</POS>
            <deprel>mark</deprel>
            <depreal_head_id>16</depreal_head_id>
            <depreal_head_text>forming</depreal_head_text>
            <ner>O</ner>
          </token>
          <token id="16">
            <word>forming</word>
            <lemma>form</lemma>
            <CharacterOffsetBegin>536</CharacterOffsetBegin>
            <CharacterOffsetEnd>543</CharacterOffsetEnd>
            <POS>VBG</POS>
            <deprel>advcl</deprel>
            <depreal_head_id>11</depreal_head_id>
            <depreal_head_text>invest</depreal_head_text>
            <ner>O</ner>
          </token>
          <token id="17">
            <word>a</word>
            <lemma>a</lemma>
            <CharacterOffsetBegin>544</CharacterOffsetBegin>
            <CharacterOffsetEnd>545</CharacterOffsetEnd>
            <POS>DT</POS>
            <deprel>det</deprel>
            <depreal_head_id>20</depreal_head_id>
            <depreal_head_text>organization</depreal_head_text>
            <ner>O</ner>
          </token>
          <token id="18">
            <word>cargo</word>
            <lemma>cargo</lemma>
            <CharacterOffsetBegin>546</CharacterOffsetBegin>
            <CharacterOffsetEnd>551</CharacterOffsetEnd>
            <POS>NN</POS>
            <deprel>compound</deprel>
            <depreal_head_id>20</depreal_head_id>
            <depreal_head_text>organization</depreal_head_text>
            <ner>O</ner>
          </token>
          <token id="19">
            <word>community</word>
            <lemma>community</lemma>
            <CharacterOffsetBegin>552</CharacterOffsetBegin>
            <CharacterOffsetEnd>561</CharacterOffsetEnd>
            <POS>NN</POS>
            <deprel>compound</deprel>
            <depreal_head_id>20</depreal_head_id>
            <depreal_head_text>organization</depreal_head_text>
            <ner>O</ner>
          </token>
          <token id="20">
            <word>organization</word>
            <lemma>organization</lemma>
            <CharacterOffsetBegin>562</CharacterOffsetBegin>
            <CharacterOffsetEnd>574</CharacterOffsetEnd>
            <POS>NN</POS>
            <deprel>obj</deprel>
            <depreal_head_id>16</depreal_head_id>
            <depreal_head_text>forming</depreal_head_text>
            <ner>O</ner>
          </token>
          <token id="21">
            <word>,</word>
            <lemma>,</lemma>
            <CharacterOffsetBegin>574</CharacterOffsetBegin>
            <CharacterOffsetEnd>575</CharacterOffsetEnd>
            <POS>,</POS>
            <deprel>punct</deprel>
            <depreal_head_id>16</depreal_head_id>
            <depreal_head_text>forming</depreal_head_text>
            <ner>O</ner>
          </token>
          <token id="22">
            <word>called</word>
            <lemma>call</lemma>
            <CharacterOffsetBegin>576</CharacterOffsetBegin>
            <CharacterOffsetEnd>582</CharacterOffsetEnd>
            <POS>VBN</POS>
            <deprel>conj</deprel>
            <depreal_head_id>7</depreal_head_id>
            <depreal_head_text>known</depreal_head_text>
            <ner>O</ner>
          </token>
          <token id="23">
            <word>Air</word>
            <lemma>Air</lemma>
            <CharacterOffsetBegin>583</CharacterOffsetBegin>
            <CharacterOffsetEnd>586</CharacterOffsetEnd>
            <POS>NNP</POS>
            <deprel>obj</deprel>
            <depreal_head_id>22</depreal_head_id>
            <depreal_head_text>called</depreal_head_text>
            <ner>B-ORG</ner>
          </token>
          <token id="24">
            <word>Cargo</word>
            <lemma>cargo</lemma>
            <CharacterOffsetBegin>587</CharacterOffsetBegin>
            <CharacterOffsetEnd>592</CharacterOffsetEnd>
            <POS>NNP</POS>
            <deprel>flat</deprel>
            <depreal_head_id>23</depreal_head_id>
            <depreal_head_text>Air</depreal_head_text>
            <ner>I-ORG</ner>
          </token>
          <token id="25">
            <word>Belgium</word>
            <lemma>Belgium</lemma>
            <CharacterOffsetBegin>593</CharacterOffsetBegin>
            <CharacterOffsetEnd>600</CharacterOffsetEnd>
            <POS>NNP</POS>
            <deprel>flat</deprel>
            <depreal_head_id>23</depreal_head_id>
            <depreal_head_text>Air</depreal_head_text>
            <ner>E-ORG</ner>
          </token>
          <token id="26">
            <word>,</word>
            <lemma>,</lemma>
            <CharacterOffsetBegin>600</CharacterOffsetBegin>
            <CharacterOffsetEnd>601</CharacterOffsetEnd>
            <POS>,</POS>
            <deprel>punct</deprel>
            <depreal_head_id>28</depreal_head_id>
            <depreal_head_text>defining</depreal_head_text>
            <ner>O</ner>
          </token>
          <token id="27">
            <word>and</word>
            <lemma>and</lemma>
            <CharacterOffsetBegin>602</CharacterOffsetBegin>
            <CharacterOffsetEnd>605</CharacterOffsetEnd>
            <POS>CC</POS>
            <deprel>cc</deprel>
            <depreal_head_id>28</depreal_head_id>
            <depreal_head_text>defining</depreal_head_text>
            <ner>O</ner>
          </token>
          <token id="28">
            <word>defining</word>
            <lemma>define</lemma>
            <CharacterOffsetBegin>606</CharacterOffsetBegin>
            <CharacterOffsetEnd>614</CharacterOffsetEnd>
            <POS>VBG</POS>
            <deprel>conj</deprel>
            <depreal_head_id>22</depreal_head_id>
            <depreal_head_text>called</depreal_head_text>
            <ner>O</ner>
          </token>
          <token id="29">
            <word>objectives</word>
            <lemma>objective</lemma>
            <CharacterOffsetBegin>615</CharacterOffsetBegin>
            <CharacterOffsetEnd>625</CharacterOffsetEnd>
            <POS>NNS</POS>
            <deprel>obj</deprel>
            <depreal_head_id>28</depreal_head_id>
            <depreal_head_text>defining</depreal_head_text>
            <ner>O</ner>
          </token>
          <token id="30">
            <word>to</word>
            <lemma>to</lemma>
            <CharacterOffsetBegin>626</CharacterOffsetBegin>
            <CharacterOffsetEnd>628</CharacterOffsetEnd>
            <POS>TO</POS>
            <deprel>mark</deprel>
            <depreal_head_id>32</depreal_head_id>
            <depreal_head_text>expand</depreal_head_text>
            <ner>O</ner>
          </token>
          <token id="31">
            <word>further</word>
            <lemma>far</lemma>
            <CharacterOffsetBegin>629</CharacterOffsetBegin>
            <CharacterOffsetEnd>636</CharacterOffsetEnd>
            <POS>RBR</POS>
            <deprel>advmod</deprel>
            <depreal_head_id>32</depreal_head_id>
            <depreal_head_text>expand</depreal_head_text>
            <ner>O</ner>
          </token>
          <token id="32">
            <word>expand</word>
            <lemma>expand</lemma>
            <CharacterOffsetBegin>637</CharacterOffsetBegin>
            <CharacterOffsetEnd>643</CharacterOffsetEnd>
            <POS>VB</POS>
            <deprel>acl</deprel>
            <depreal_head_id>29</depreal_head_id>
            <depreal_head_text>objectives</depreal_head_text>
            <ner>O</ner>
          </token>
          <token id="33">
            <word>its</word>
            <lemma>it</lemma>
            <CharacterOffsetBegin>644</CharacterOffsetBegin>
            <CharacterOffsetEnd>647</CharacterOffsetEnd>
            <POS>PRP$</POS>
            <deprel>nmod:poss</deprel>
            <depreal_head_id>35</depreal_head_id>
            <depreal_head_text>department</depreal_head_text>
            <ner>O</ner>
          </token>
          <token id="34">
            <word>cargo</word>
            <lemma>cargo</lemma>
            <CharacterOffsetBegin>648</CharacterOffsetBegin>
            <CharacterOffsetEnd>653</CharacterOffsetEnd>
            <POS>NN</POS>
            <deprel>compound</deprel>
            <depreal_head_id>35</depreal_head_id>
            <depreal_head_text>department</depreal_head_text>
            <ner>O</ner>
          </token>
          <token id="35">
            <word>department</word>
            <lemma>department</lemma>
            <CharacterOffsetBegin>654</CharacterOffsetBegin>
            <CharacterOffsetEnd>664</CharacterOffsetEnd>
            <POS>NN</POS>
            <deprel>obj</deprel>
            <depreal_head_id>32</depreal_head_id>
            <depreal_head_text>expand</depreal_head_text>
            <ner>O</ner>
          </token>
          <token id="36">
            <word>in</word>
            <lemma>in</lemma>
            <CharacterOffsetBegin>665</CharacterOffsetBegin>
            <CharacterOffsetEnd>667</CharacterOffsetEnd>
            <POS>IN</POS>
            <deprel>case</deprel>
            <depreal_head_id>41</depreal_head_id>
            <depreal_head_text>plan</depreal_head_text>
            <ner>O</ner>
          </token>
          <token id="37">
            <word>its</word>
            <lemma>it</lemma>
            <CharacterOffsetBegin>668</CharacterOffsetBegin>
            <CharacterOffsetEnd>671</CharacterOffsetEnd>
            <POS>PRP$</POS>
            <deprel>nmod:poss</deprel>
            <depreal_head_id>41</depreal_head_id>
            <depreal_head_text>plan</depreal_head_text>
            <ner>O</ner>
          </token>
          <token id="38">
            <word>Strategic</word>
            <lemma>Strategic</lemma>
            <CharacterOffsetBegin>672</CharacterOffsetBegin>
            <CharacterOffsetEnd>681</CharacterOffsetEnd>
            <POS>NNP</POS>
            <deprel>compound</deprel>
            <depreal_head_id>41</depreal_head_id>
            <depreal_head_text>plan</depreal_head_text>
            <ner>B-ORG</ner>
          </token>
          <token id="39">
            <word>Vision</word>
            <lemma>Vision</lemma>
            <CharacterOffsetBegin>682</CharacterOffsetBegin>
            <CharacterOffsetEnd>688</CharacterOffsetEnd>
            <POS>NNP</POS>
            <deprel>flat</deprel>
            <depreal_head_id>38</depreal_head_id>
            <depreal_head_text>Strategic</depreal_head_text>
            <ner>I-ORG</ner>
          </token>
          <token id="40">
            <word>2040</word>
            <lemma>2040</lemma>
            <CharacterOffsetBegin>689</CharacterOffsetBegin>
            <CharacterOffsetEnd>693</CharacterOffsetEnd>
            <POS>CD</POS>
            <deprel>flat</deprel>
            <depreal_head_id>38</depreal_head_id>
            <depreal_head_text>Strategic</depreal_head_text>
            <ner>E-ORG</ner>
          </token>
          <token id="41">
            <word>plan</word>
            <lemma>plan</lemma>
            <CharacterOffsetBegin>694</CharacterOffsetBegin>
            <CharacterOffsetEnd>698</CharacterOffsetEnd>
            <POS>NN</POS>
            <deprel>nmod</deprel>
            <depreal_head_id>35</depreal_head_id>
            <depreal_head_text>department</depreal_head_text>
            <ner>O</ner>
          </token>
          <token id="42">
            <word>.</word>
            <lemma>.</lemma>
            <CharacterOffsetBegin>698</CharacterOffsetBegin>
            <CharacterOffsetEnd>699</CharacterOffsetEnd>
            <POS>.</POS>
            <deprel>punct</deprel>
            <depreal_head_id>6</depreal_head_id>
            <depreal_head_text>made</depreal_head_text>
            <ner>O</ner>
          </token>
        </tokens>
      </sentence>
      <sentence section="content" type="bodyText" id="5">
        <tokens>
          <token id="1">
            <word>The</word>
            <lemma>the</lemma>
            <CharacterOffsetBegin>700</CharacterOffsetBegin>
            <CharacterOffsetEnd>703</CharacterOffsetEnd>
            <POS>DT</POS>
            <deprel>det</deprel>
            <depreal_head_id>6</depreal_head_id>
            <depreal_head_text>buildings</depreal_head_text>
            <ner>O</ner>
          </token>
          <token id="2">
            <word>50,000-square-meter</word>
            <lemma>50,000-square-meter</lemma>
            <CharacterOffsetBegin>704</CharacterOffsetBegin>
            <CharacterOffsetEnd>723</CharacterOffsetEnd>
            <POS>JJ</POS>
            <deprel>amod</deprel>
            <depreal_head_id>6</depreal_head_id>
            <depreal_head_text>buildings</depreal_head_text>
            <ner>S-CARDINAL</ner>
          </token>
          <token id="3">
            <word>"</word>
            <lemma>&amp;quot;</lemma>
            <CharacterOffsetBegin>724</CharacterOffsetBegin>
            <CharacterOffsetEnd>725</CharacterOffsetEnd>
            <POS>``</POS>
            <deprel>punct</deprel>
            <depreal_head_id>2</depreal_head_id>
            <depreal_head_text>50,000-square-meter</depreal_head_text>
            <ner>O</ner>
          </token>
          <token id="4">
            <word>ultramodern</word>
            <lemma>ultramodern</lemma>
            <CharacterOffsetBegin>725</CharacterOffsetBegin>
            <CharacterOffsetEnd>736</CharacterOffsetEnd>
            <POS>JJ</POS>
            <deprel>amod</deprel>
            <depreal_head_id>6</depreal_head_id>
            <depreal_head_text>buildings</depreal_head_text>
            <ner>O</ner>
          </token>
          <token id="5">
            <word>logistics</word>
            <lemma>logistics</lemma>
            <CharacterOffsetBegin>737</CharacterOffsetBegin>
            <CharacterOffsetEnd>746</CharacterOffsetEnd>
            <POS>NN</POS>
            <deprel>compound</deprel>
            <depreal_head_id>6</depreal_head_id>
            <depreal_head_text>buildings</depreal_head_text>
            <ner>O</ner>
          </token>
          <token id="6">
            <word>buildings</word>
            <lemma>building</lemma>
            <CharacterOffsetBegin>747</CharacterOffsetBegin>
            <CharacterOffsetEnd>756</CharacterOffsetEnd>
            <POS>NNS</POS>
            <deprel>nsubj</deprel>
            <depreal_head_id>9</depreal_head_id>
            <depreal_head_text>have</depreal_head_text>
            <ner>O</ner>
          </token>
          <token id="7">
            <word>"</word>
            <lemma>&amp;quot;</lemma>
            <CharacterOffsetBegin>756</CharacterOffsetBegin>
            <CharacterOffsetEnd>757</CharacterOffsetEnd>
            <POS>''</POS>
            <deprel>punct</deprel>
            <depreal_head_id>6</depreal_head_id>
            <depreal_head_text>buildings</depreal_head_text>
            <ner>O</ner>
          </token>
          <token id="8">
            <word>will</word>
            <lemma>will</lemma>
            <CharacterOffsetBegin>758</CharacterOffsetBegin>
            <CharacterOffsetEnd>762</CharacterOffsetEnd>
            <POS>MD</POS>
            <deprel>aux</deprel>
            <depreal_head_id>9</depreal_head_id>
            <depreal_head_text>have</depreal_head_text>
            <ner>O</ner>
          </token>
          <token id="9">
            <word>have</word>
            <lemma>have</lemma>
            <CharacterOffsetBegin>763</CharacterOffsetBegin>
            <CharacterOffsetEnd>767</CharacterOffsetEnd>
            <POS>VB</POS>
            <deprel>root</deprel>
            <depreal_head_id>0</depreal_head_id>
            <depreal_head_text>root</depreal_head_text>
            <ner>O</ner>
          </token>
          <token id="10">
            <word>direct</word>
            <lemma>direct</lemma>
            <CharacterOffsetBegin>768</CharacterOffsetBegin>
            <CharacterOffsetEnd>774</CharacterOffsetEnd>
            <POS>JJ</POS>
            <deprel>amod</deprel>
            <depreal_head_id>12</depreal_head_id>
            <depreal_head_text>connections</depreal_head_text>
            <ner>O</ner>
          </token>
          <token id="11">
            <word>apron</word>
            <lemma>apron</lemma>
            <CharacterOffsetBegin>775</CharacterOffsetBegin>
            <CharacterOffsetEnd>780</CharacterOffsetEnd>
            <POS>NN</POS>
            <deprel>compound</deprel>
            <depreal_head_id>12</depreal_head_id>
            <depreal_head_text>connections</depreal_head_text>
            <ner>O</ner>
          </token>
          <token id="12">
            <word>connections</word>
            <lemma>connection</lemma>
            <CharacterOffsetBegin>781</CharacterOffsetBegin>
            <CharacterOffsetEnd>792</CharacterOffsetEnd>
            <POS>NNS</POS>
            <deprel>obj</deprel>
            <depreal_head_id>9</depreal_head_id>
            <depreal_head_text>have</depreal_head_text>
            <ner>O</ner>
          </token>
          <token id="13">
            <word>for</word>
            <lemma>for</lemma>
            <CharacterOffsetBegin>793</CharacterOffsetBegin>
            <CharacterOffsetEnd>796</CharacterOffsetEnd>
            <POS>IN</POS>
            <deprel>case</deprel>
            <depreal_head_id>14</depreal_head_id>
            <depreal_head_text>four</depreal_head_text>
            <ner>O</ner>
          </token>
          <token id="14">
            <word>four</word>
            <lemma>four</lemma>
            <CharacterOffsetBegin>797</CharacterOffsetBegin>
            <CharacterOffsetEnd>801</CharacterOffsetEnd>
            <POS>CD</POS>
            <deprel>nummod</deprel>
            <depreal_head_id>16</depreal_head_id>
            <depreal_head_text>carriers</depreal_head_text>
            <ner>S-CARDINAL</ner>
          </token>
          <token id="15">
            <word>different</word>
            <lemma>different</lemma>
            <CharacterOffsetBegin>802</CharacterOffsetBegin>
            <CharacterOffsetEnd>811</CharacterOffsetEnd>
            <POS>JJ</POS>
            <deprel>amod</deprel>
            <depreal_head_id>16</depreal_head_id>
            <depreal_head_text>carriers</depreal_head_text>
            <ner>O</ner>
          </token>
          <token id="16">
            <word>carriers</word>
            <lemma>carrier</lemma>
            <CharacterOffsetBegin>812</CharacterOffsetBegin>
            <CharacterOffsetEnd>820</CharacterOffsetEnd>
            <POS>NNS</POS>
            <deprel>nmod</deprel>
            <depreal_head_id>12</depreal_head_id>
            <depreal_head_text>connections</depreal_head_text>
            <ner>O</ner>
          </token>
          <token id="17">
            <word>,</word>
            <lemma>,</lemma>
            <CharacterOffsetBegin>820</CharacterOffsetBegin>
            <CharacterOffsetEnd>821</CharacterOffsetEnd>
            <POS>,</POS>
            <deprel>punct</deprel>
            <depreal_head_id>9</depreal_head_id>
            <depreal_head_text>have</depreal_head_text>
            <ner>O</ner>
          </token>
          <token id="18">
            <word>and</word>
            <lemma>and</lemma>
            <CharacterOffsetBegin>822</CharacterOffsetBegin>
            <CharacterOffsetEnd>825</CharacterOffsetEnd>
            <POS>CC</POS>
            <deprel>cc</deprel>
            <depreal_head_id>21</depreal_head_id>
            <depreal_head_text>used</depreal_head_text>
            <ner>O</ner>
          </token>
          <token id="19">
            <word>will</word>
            <lemma>will</lemma>
            <CharacterOffsetBegin>826</CharacterOffsetBegin>
            <CharacterOffsetEnd>830</CharacterOffsetEnd>
            <POS>MD</POS>
            <deprel>aux</deprel>
            <depreal_head_id>21</depreal_head_id>
            <depreal_head_text>used</depreal_head_text>
            <ner>O</ner>
          </token>
          <token id="20">
            <word>be</word>
            <lemma>be</lemma>
            <CharacterOffsetBegin>831</CharacterOffsetBegin>
            <CharacterOffsetEnd>833</CharacterOffsetEnd>
            <POS>VB</POS>
            <deprel>aux:pass</deprel>
            <depreal_head_id>21</depreal_head_id>
            <depreal_head_text>used</depreal_head_text>
            <ner>O</ner>
          </token>
          <token id="21">
            <word>used</word>
            <lemma>use</lemma>
            <CharacterOffsetBegin>834</CharacterOffsetBegin>
            <CharacterOffsetEnd>838</CharacterOffsetEnd>
            <POS>VBN</POS>
            <deprel>conj</deprel>
            <depreal_head_id>9</depreal_head_id>
            <depreal_head_text>have</depreal_head_text>
            <ner>O</ner>
          </token>
          <token id="22">
            <word>for</word>
            <lemma>for</lemma>
            <CharacterOffsetBegin>839</CharacterOffsetBegin>
            <CharacterOffsetEnd>842</CharacterOffsetEnd>
            <POS>IN</POS>
            <deprel>mark</deprel>
            <depreal_head_id>23</depreal_head_id>
            <depreal_head_text>shipping</depreal_head_text>
            <ner>O</ner>
          </token>
          <token id="23">
            <word>shipping</word>
            <lemma>ship</lemma>
            <CharacterOffsetBegin>843</CharacterOffsetBegin>
            <CharacterOffsetEnd>851</CharacterOffsetEnd>
            <POS>VBG</POS>
            <deprel>advcl</deprel>
            <depreal_head_id>21</depreal_head_id>
            <depreal_head_text>used</depreal_head_text>
            <ner>O</ner>
          </token>
          <token id="24">
            <word>and</word>
            <lemma>and</lemma>
            <CharacterOffsetBegin>852</CharacterOffsetBegin>
            <CharacterOffsetEnd>855</CharacterOffsetEnd>
            <POS>CC</POS>
            <deprel>cc</deprel>
            <depreal_head_id>25</depreal_head_id>
            <depreal_head_text>packaging</depreal_head_text>
            <ner>O</ner>
          </token>
          <token id="25">
            <word>packaging</word>
            <lemma>packaging</lemma>
            <CharacterOffsetBegin>856</CharacterOffsetBegin>
            <CharacterOffsetEnd>865</CharacterOffsetEnd>
            <POS>NN</POS>
            <deprel>conj</deprel>
            <depreal_head_id>23</depreal_head_id>
            <depreal_head_text>shipping</depreal_head_text>
            <ner>O</ner>
          </token>
          <token id="26">
            <word>,</word>
            <lemma>,</lemma>
            <CharacterOffsetBegin>865</CharacterOffsetBegin>
            <CharacterOffsetEnd>866</CharacterOffsetEnd>
            <POS>,</POS>
            <deprel>punct</deprel>
            <depreal_head_id>31</depreal_head_id>
            <depreal_head_text>storage</depreal_head_text>
            <ner>O</ner>
          </token>
          <token id="27">
            <word>as</word>
            <lemma>as</lemma>
            <CharacterOffsetBegin>867</CharacterOffsetBegin>
            <CharacterOffsetEnd>869</CharacterOffsetEnd>
            <POS>RB</POS>
            <deprel>advmod</deprel>
            <depreal_head_id>28</depreal_head_id>
            <depreal_head_text>well</depreal_head_text>
            <ner>O</ner>
          </token>
          <token id="28">
            <word>well</word>
            <lemma>well</lemma>
            <CharacterOffsetBegin>870</CharacterOffsetBegin>
            <CharacterOffsetEnd>874</CharacterOffsetEnd>
            <POS>RB</POS>
            <deprel>advmod</deprel>
            <depreal_head_id>31</depreal_head_id>
            <depreal_head_text>storage</depreal_head_text>
            <ner>O</ner>
          </token>
          <token id="29">
            <word>as</word>
            <lemma>as</lemma>
            <CharacterOffsetBegin>875</CharacterOffsetBegin>
            <CharacterOffsetEnd>877</CharacterOffsetEnd>
            <POS>IN</POS>
            <deprel>case</deprel>
            <depreal_head_id>31</depreal_head_id>
            <depreal_head_text>storage</depreal_head_text>
            <ner>O</ner>
          </token>
          <token id="30">
            <word>temporary</word>
            <lemma>temporary</lemma>
            <CharacterOffsetBegin>878</CharacterOffsetBegin>
            <CharacterOffsetEnd>887</CharacterOffsetEnd>
            <POS>JJ</POS>
            <deprel>amod</deprel>
            <depreal_head_id>31</depreal_head_id>
            <depreal_head_text>storage</depreal_head_text>
            <ner>O</ner>
          </token>
          <token id="31">
            <word>storage</word>
            <lemma>storage</lemma>
            <CharacterOffsetBegin>888</CharacterOffsetBegin>
            <CharacterOffsetEnd>895</CharacterOffsetEnd>
            <POS>NN</POS>
            <deprel>obl</deprel>
            <depreal_head_id>23</depreal_head_id>
            <depreal_head_text>shipping</depreal_head_text>
            <ner>O</ner>
          </token>
          <token id="32">
            <word>for</word>
            <lemma>for</lemma>
            <CharacterOffsetBegin>896</CharacterOffsetBegin>
            <CharacterOffsetEnd>899</CharacterOffsetEnd>
            <POS>IN</POS>
            <deprel>case</deprel>
            <depreal_head_id>33</depreal_head_id>
            <depreal_head_text>high-quality</depreal_head_text>
            <ner>O</ner>
          </token>
          <token id="33">
            <word>high-quality</word>
            <lemma>high-quality</lemma>
            <CharacterOffsetBegin>900</CharacterOffsetBegin>
            <CharacterOffsetEnd>912</CharacterOffsetEnd>
            <POS>NN</POS>
            <deprel>nmod</deprel>
            <depreal_head_id>31</depreal_head_id>
            <depreal_head_text>storage</depreal_head_text>
            <ner>O</ner>
          </token>
          <token id="34">
            <word>,</word>
            <lemma>,</lemma>
            <CharacterOffsetBegin>912</CharacterOffsetBegin>
            <CharacterOffsetEnd>913</CharacterOffsetEnd>
            <POS>,</POS>
            <deprel>punct</deprel>
            <depreal_head_id>33</depreal_head_id>
            <depreal_head_text>high-quality</depreal_head_text>
            <ner>O</ner>
          </token>
          <token id="35">
            <word>temperature-sensitive</word>
            <lemma>temperature-sensitive</lemma>
            <CharacterOffsetBegin>914</CharacterOffsetBegin>
            <CharacterOffsetEnd>935</CharacterOffsetEnd>
            <POS>JJ</POS>
            <deprel>amod</deprel>
            <depreal_head_id>36</depreal_head_id>
            <depreal_head_text>products</depreal_head_text>
            <ner>O</ner>
          </token>
          <token id="36">
            <word>products</word>
            <lemma>product</lemma>
            <CharacterOffsetBegin>936</CharacterOffsetBegin>
            <CharacterOffsetEnd>944</CharacterOffsetEnd>
            <POS>NNS</POS>
            <deprel>conj</deprel>
            <depreal_head_id>33</depreal_head_id>
            <depreal_head_text>high-quality</depreal_head_text>
            <ner>O</ner>
          </token>
          <token id="37">
            <word>,</word>
            <lemma>,</lemma>
            <CharacterOffsetBegin>944</CharacterOffsetBegin>
            <CharacterOffsetEnd>945</CharacterOffsetEnd>
            <POS>,</POS>
            <deprel>punct</deprel>
            <depreal_head_id>39</depreal_head_id>
            <depreal_head_text>pharmaceuticals</depreal_head_text>
            <ner>O</ner>
          </token>
          <token id="38">
            <word>like</word>
            <lemma>like</lemma>
            <CharacterOffsetBegin>946</CharacterOffsetBegin>
            <CharacterOffsetEnd>950</CharacterOffsetEnd>
            <POS>IN</POS>
            <deprel>case</deprel>
            <depreal_head_id>39</depreal_head_id>
            <depreal_head_text>pharmaceuticals</depreal_head_text>
            <ner>O</ner>
          </token>
          <token id="39">
            <word>pharmaceuticals</word>
            <lemma>pharmaceutical</lemma>
            <CharacterOffsetBegin>951</CharacterOffsetBegin>
            <CharacterOffsetEnd>966</CharacterOffsetEnd>
            <POS>NNS</POS>
            <deprel>conj</deprel>
            <depreal_head_id>33</depreal_head_id>
            <depreal_head_text>high-quality</depreal_head_text>
            <ner>O</ner>
          </token>
          <token id="40">
            <word>.</word>
            <lemma>.</lemma>
            <CharacterOffsetBegin>966</CharacterOffsetBegin>
            <CharacterOffsetEnd>967</CharacterOffsetEnd>
            <POS>.</POS>
            <deprel>punct</deprel>
            <depreal_head_id>9</depreal_head_id>
            <depreal_head_text>have</depreal_head_text>
            <ner>O</ner>
          </token>
        </tokens>
      </sentence>
      <sentence section="content" type="bodyText" id="6">
        <tokens>
          <token id="1">
            <word>In</word>
            <lemma>in</lemma>
            <CharacterOffsetBegin>968</CharacterOffsetBegin>
            <CharacterOffsetEnd>970</CharacterOffsetEnd>
            <POS>IN</POS>
            <deprel>case</deprel>
            <depreal_head_id>2</depreal_head_id>
            <depreal_head_text>addition</depreal_head_text>
            <ner>O</ner>
          </token>
          <token id="2">
            <word>addition</word>
            <lemma>addition</lemma>
            <CharacterOffsetBegin>971</CharacterOffsetBegin>
            <CharacterOffsetEnd>979</CharacterOffsetEnd>
            <POS>NN</POS>
            <deprel>obl</deprel>
            <depreal_head_id>10</depreal_head_id>
            <depreal_head_text>intends</depreal_head_text>
            <ner>O</ner>
          </token>
          <token id="3">
            <word>to</word>
            <lemma>to</lemma>
            <CharacterOffsetBegin>980</CharacterOffsetBegin>
            <CharacterOffsetEnd>982</CharacterOffsetEnd>
            <POS>TO</POS>
            <deprel>case</deprel>
            <depreal_head_id>6</depreal_head_id>
            <depreal_head_text>buildings</depreal_head_text>
            <ner>O</ner>
          </token>
          <token id="4">
            <word>the</word>
            <lemma>the</lemma>
            <CharacterOffsetBegin>983</CharacterOffsetBegin>
            <CharacterOffsetEnd>986</CharacterOffsetEnd>
            <POS>DT</POS>
            <deprel>det</deprel>
            <depreal_head_id>6</depreal_head_id>
            <depreal_head_text>buildings</depreal_head_text>
            <ner>O</ner>
          </token>
          <token id="5">
            <word>new</word>
            <lemma>new</lemma>
            <CharacterOffsetBegin>987</CharacterOffsetBegin>
            <CharacterOffsetEnd>990</CharacterOffsetEnd>
            <POS>JJ</POS>
            <deprel>amod</deprel>
            <depreal_head_id>6</depreal_head_id>
            <depreal_head_text>buildings</depreal_head_text>
            <ner>O</ner>
          </token>
          <token id="6">
            <word>buildings</word>
            <lemma>building</lemma>
            <CharacterOffsetBegin>991</CharacterOffsetBegin>
            <CharacterOffsetEnd>1000</CharacterOffsetEnd>
            <POS>NNS</POS>
            <deprel>nmod</deprel>
            <depreal_head_id>2</depreal_head_id>
            <depreal_head_text>addition</depreal_head_text>
            <ner>O</ner>
          </token>
          <token id="7">
            <word>,</word>
            <lemma>,</lemma>
            <CharacterOffsetBegin>1000</CharacterOffsetBegin>
            <CharacterOffsetEnd>1001</CharacterOffsetEnd>
            <POS>,</POS>
            <deprel>punct</deprel>
            <depreal_head_id>2</depreal_head_id>
            <depreal_head_text>addition</depreal_head_text>
            <ner>O</ner>
          </token>
          <token id="8">
            <word>BRU</word>
            <lemma>Bru</lemma>
            <CharacterOffsetBegin>1002</CharacterOffsetBegin>
            <CharacterOffsetEnd>1005</CharacterOffsetEnd>
            <POS>NNP</POS>
            <deprel>nsubj</deprel>
            <depreal_head_id>10</depreal_head_id>
            <depreal_head_text>intends</depreal_head_text>
            <ner>S-ORG</ner>
          </token>
          <token id="9">
            <word>also</word>
            <lemma>also</lemma>
            <CharacterOffsetBegin>1006</CharacterOffsetBegin>
            <CharacterOffsetEnd>1010</CharacterOffsetEnd>
            <POS>RB</POS>
            <deprel>advmod</deprel>
            <depreal_head_id>10</depreal_head_id>
            <depreal_head_text>intends</depreal_head_text>
            <ner>O</ner>
          </token>
          <token id="10">
            <word>intends</word>
            <lemma>intend</lemma>
            <CharacterOffsetBegin>1011</CharacterOffsetBegin>
            <CharacterOffsetEnd>1018</CharacterOffsetEnd>
            <POS>VBZ</POS>
            <deprel>root</deprel>
            <depreal_head_id>0</depreal_head_id>
            <depreal_head_text>root</depreal_head_text>
            <ner>O</ner>
          </token>
          <token id="11">
            <word>to</word>
            <lemma>to</lemma>
            <CharacterOffsetBegin>1019</CharacterOffsetBegin>
            <CharacterOffsetEnd>1021</CharacterOffsetEnd>
            <POS>TO</POS>
            <deprel>mark</deprel>
            <depreal_head_id>12</depreal_head_id>
            <depreal_head_text>make</depreal_head_text>
            <ner>O</ner>
          </token>
          <token id="12">
            <word>make</word>
            <lemma>make</lemma>
            <CharacterOffsetBegin>1022</CharacterOffsetBegin>
            <CharacterOffsetEnd>1026</CharacterOffsetEnd>
            <POS>VB</POS>
            <deprel>xcomp</deprel>
            <depreal_head_id>10</depreal_head_id>
            <depreal_head_text>intends</depreal_head_text>
            <ner>O</ner>
          </token>
          <token id="13">
            <word>some</word>
            <lemma>some</lemma>
            <CharacterOffsetBegin>1027</CharacterOffsetBegin>
            <CharacterOffsetEnd>1031</CharacterOffsetEnd>
            <POS>DT</POS>
            <deprel>det</deprel>
            <depreal_head_id>14</depreal_head_id>
            <depreal_head_text>renovations</depreal_head_text>
            <ner>O</ner>
          </token>
          <token id="14">
            <word>renovations</word>
            <lemma>renovation</lemma>
            <CharacterOffsetBegin>1032</CharacterOffsetBegin>
            <CharacterOffsetEnd>1043</CharacterOffsetEnd>
            <POS>NNS</POS>
            <deprel>obj</deprel>
            <depreal_head_id>12</depreal_head_id>
            <depreal_head_text>make</depreal_head_text>
            <ner>O</ner>
          </token>
          <token id="15">
            <word>—</word>
            <lemma>—</lemma>
            <CharacterOffsetBegin>1044</CharacterOffsetBegin>
            <CharacterOffsetEnd>1045</CharacterOffsetEnd>
            <POS>:</POS>
            <deprel>punct</deprel>
            <depreal_head_id>16</depreal_head_id>
            <depreal_head_text>transforming</depreal_head_text>
            <ner>O</ner>
          </token>
          <token id="16">
            <word>transforming</word>
            <lemma>transform</lemma>
            <CharacterOffsetBegin>1046</CharacterOffsetBegin>
            <CharacterOffsetEnd>1058</CharacterOffsetEnd>
            <POS>VBG</POS>
            <deprel>advcl</deprel>
            <depreal_head_id>12</depreal_head_id>
            <depreal_head_text>make</depreal_head_text>
            <ner>O</ner>
          </token>
          <token id="17">
            <word>existing</word>
            <lemma>exist</lemma>
            <CharacterOffsetBegin>1059</CharacterOffsetBegin>
            <CharacterOffsetEnd>1067</CharacterOffsetEnd>
            <POS>VBG</POS>
            <deprel>xcomp</deprel>
            <depreal_head_id>16</depreal_head_id>
            <depreal_head_text>transforming</depreal_head_text>
            <ner>O</ner>
          </token>
          <token id="18">
            <word>handling</word>
            <lemma>handle</lemma>
            <CharacterOffsetBegin>1068</CharacterOffsetBegin>
            <CharacterOffsetEnd>1076</CharacterOffsetEnd>
            <POS>VBG</POS>
            <deprel>xcomp</deprel>
            <depreal_head_id>16</depreal_head_id>
            <depreal_head_text>transforming</depreal_head_text>
            <ner>O</ner>
          </token>
          <token id="19">
            <word>buildings</word>
            <lemma>building</lemma>
            <CharacterOffsetBegin>1077</CharacterOffsetBegin>
            <CharacterOffsetEnd>1086</CharacterOffsetEnd>
            <POS>NNS</POS>
            <deprel>obj</deprel>
            <depreal_head_id>18</depreal_head_id>
            <depreal_head_text>handling</depreal_head_text>
            <ner>O</ner>
          </token>
          <token id="20">
            <word>into</word>
            <lemma>into</lemma>
            <CharacterOffsetBegin>1087</CharacterOffsetBegin>
            <CharacterOffsetEnd>1091</CharacterOffsetEnd>
            <POS>IN</POS>
            <deprel>case</deprel>
            <depreal_head_id>23</depreal_head_id>
            <depreal_head_text>facilities</depreal_head_text>
            <ner>O</ner>
          </token>
          <token id="21">
            <word>energy-efficient</word>
            <lemma>energy-efficient</lemma>
            <CharacterOffsetBegin>1092</CharacterOffsetBegin>
            <CharacterOffsetEnd>1108</CharacterOffsetEnd>
            <POS>JJ</POS>
            <deprel>amod</deprel>
            <depreal_head_id>23</depreal_head_id>
            <depreal_head_text>facilities</depreal_head_text>
            <ner>O</ner>
          </token>
          <token id="22">
            <word>storage</word>
            <lemma>storage</lemma>
            <CharacterOffsetBegin>1109</CharacterOffsetBegin>
            <CharacterOffsetEnd>1116</CharacterOffsetEnd>
            <POS>NN</POS>
            <deprel>compound</deprel>
            <depreal_head_id>23</depreal_head_id>
            <depreal_head_text>facilities</depreal_head_text>
            <ner>O</ner>
          </token>
          <token id="23">
            <word>facilities</word>
            <lemma>facility</lemma>
            <CharacterOffsetBegin>1117</CharacterOffsetBegin>
            <CharacterOffsetEnd>1127</CharacterOffsetEnd>
            <POS>NNS</POS>
            <deprel>obl</deprel>
            <depreal_head_id>18</depreal_head_id>
            <depreal_head_text>handling</depreal_head_text>
            <ner>O</ner>
          </token>
          <token id="24">
            <word>and</word>
            <lemma>and</lemma>
            <CharacterOffsetBegin>1128</CharacterOffsetBegin>
            <CharacterOffsetEnd>1131</CharacterOffsetEnd>
            <POS>CC</POS>
            <deprel>cc</deprel>
            <depreal_head_id>26</depreal_head_id>
            <depreal_head_text>spaces</depreal_head_text>
            <ner>O</ner>
          </token>
          <token id="25">
            <word>office</word>
            <lemma>office</lemma>
            <CharacterOffsetBegin>1132</CharacterOffsetBegin>
            <CharacterOffsetEnd>1138</CharacterOffsetEnd>
            <POS>NN</POS>
            <deprel>compound</deprel>
            <depreal_head_id>26</depreal_head_id>
            <depreal_head_text>spaces</depreal_head_text>
            <ner>O</ner>
          </token>
          <token id="26">
            <word>spaces</word>
            <lemma>space</lemma>
            <CharacterOffsetBegin>1139</CharacterOffsetBegin>
            <CharacterOffsetEnd>1145</CharacterOffsetEnd>
            <POS>NNS</POS>
            <deprel>conj</deprel>
            <depreal_head_id>23</depreal_head_id>
            <depreal_head_text>facilities</depreal_head_text>
            <ner>O</ner>
          </token>
          <token id="27">
            <word>.</word>
            <lemma>.</lemma>
            <CharacterOffsetBegin>1145</CharacterOffsetBegin>
            <CharacterOffsetEnd>1146</CharacterOffsetEnd>
            <POS>.</POS>
            <deprel>punct</deprel>
            <depreal_head_id>10</depreal_head_id>
            <depreal_head_text>intends</depreal_head_text>
            <ner>O</ner>
          </token>
        </tokens>
      </sentence>
    </sentences>
  </document>
</root>
