<root>
  <document>
    <sentences>
      <sentence section="title" type="title" id="1">
        <tokens>
          <token id="1">
            <word>Kuehne</word>
            <lemma>Kuehne</lemma>
            <CharacterOffsetBegin>0</CharacterOffsetBegin>
            <CharacterOffsetEnd>6</CharacterOffsetEnd>
            <POS>NNP</POS>
            <deprel>nsubj</deprel>
            <depreal_head_id>4</depreal_head_id>
            <depreal_head_text>wins</depreal_head_text>
            <ner>B-ORG</ner>
          </token>
          <token id="2">
            <word>+</word>
            <lemma>+</lemma>
            <CharacterOffsetBegin>7</CharacterOffsetBegin>
            <CharacterOffsetEnd>8</CharacterOffsetEnd>
            <POS>SYM</POS>
            <deprel>flat</deprel>
            <depreal_head_id>1</depreal_head_id>
            <depreal_head_text>Kuehne</depreal_head_text>
            <ner>I-ORG</ner>
          </token>
          <token id="3">
            <word>Nagel</word>
            <lemma>Nagel</lemma>
            <CharacterOffsetBegin>9</CharacterOffsetBegin>
            <CharacterOffsetEnd>14</CharacterOffsetEnd>
            <POS>NNP</POS>
            <deprel>nsubj</deprel>
            <depreal_head_id>4</depreal_head_id>
            <depreal_head_text>wins</depreal_head_text>
            <ner>E-ORG</ner>
          </token>
          <token id="4">
            <word>wins</word>
            <lemma>win</lemma>
            <CharacterOffsetBegin>15</CharacterOffsetBegin>
            <CharacterOffsetEnd>19</CharacterOffsetEnd>
            <POS>VBZ</POS>
            <deprel>root</deprel>
            <depreal_head_id>0</depreal_head_id>
            <depreal_head_text>root</depreal_head_text>
            <ner>O</ner>
          </token>
          <token id="5">
            <word>pharma</word>
            <lemma>pharma</lemma>
            <CharacterOffsetBegin>20</CharacterOffsetBegin>
            <CharacterOffsetEnd>26</CharacterOffsetEnd>
            <POS>NN</POS>
            <deprel>compound</deprel>
            <depreal_head_id>7</depreal_head_id>
            <depreal_head_text>contract</depreal_head_text>
            <ner>O</ner>
          </token>
          <token id="6">
            <word>logistics</word>
            <lemma>logistics</lemma>
            <CharacterOffsetBegin>27</CharacterOffsetBegin>
            <CharacterOffsetEnd>36</CharacterOffsetEnd>
            <POS>NNS</POS>
            <deprel>compound</deprel>
            <depreal_head_id>7</depreal_head_id>
            <depreal_head_text>contract</depreal_head_text>
            <ner>O</ner>
          </token>
          <token id="7">
            <word>contract</word>
            <lemma>contract</lemma>
            <CharacterOffsetBegin>37</CharacterOffsetBegin>
            <CharacterOffsetEnd>45</CharacterOffsetEnd>
            <POS>NN</POS>
            <deprel>obj</deprel>
            <depreal_head_id>4</depreal_head_id>
            <depreal_head_text>wins</depreal_head_text>
            <ner>O</ner>
          </token>
          <token id="8">
            <word>from</word>
            <lemma>from</lemma>
            <CharacterOffsetBegin>46</CharacterOffsetBegin>
            <CharacterOffsetEnd>50</CharacterOffsetEnd>
            <POS>IN</POS>
            <deprel>case</deprel>
            <depreal_head_id>9</depreal_head_id>
            <depreal_head_text>Sanofi</depreal_head_text>
            <ner>O</ner>
          </token>
          <token id="9">
            <word>Sanofi</word>
            <lemma>Sanofi</lemma>
            <CharacterOffsetBegin>51</CharacterOffsetBegin>
            <CharacterOffsetEnd>57</CharacterOffsetEnd>
            <POS>NNP</POS>
            <deprel>obl</deprel>
            <depreal_head_id>4</depreal_head_id>
            <depreal_head_text>wins</depreal_head_text>
            <ner>S-ORG</ner>
          </token>
        </tokens>
      </sentence>
      <sentence section="content" type="bodyText" id="2">
        <tokens>
          <token id="1">
            <word>Kuehne</word>
            <lemma>Kuehne</lemma>
            <CharacterOffsetBegin>58</CharacterOffsetBegin>
            <CharacterOffsetEnd>64</CharacterOffsetEnd>
            <POS>NNP</POS>
            <deprel>nmod:poss</deprel>
            <depreal_head_id>6</depreal_head_id>
            <depreal_head_text>center</depreal_head_text>
            <ner>B-ORG</ner>
          </token>
          <token id="2">
            <word>+</word>
            <lemma>+</lemma>
            <CharacterOffsetBegin>65</CharacterOffsetBegin>
            <CharacterOffsetEnd>66</CharacterOffsetEnd>
            <POS>SYM</POS>
            <deprel>punct</deprel>
            <depreal_head_id>1</depreal_head_id>
            <depreal_head_text>Kuehne</depreal_head_text>
            <ner>I-ORG</ner>
          </token>
          <token id="3">
            <word>Nagel</word>
            <lemma>Nagel</lemma>
            <CharacterOffsetBegin>67</CharacterOffsetBegin>
            <CharacterOffsetEnd>72</CharacterOffsetEnd>
            <POS>NNP</POS>
            <deprel>nmod:poss</deprel>
            <depreal_head_id>6</depreal_head_id>
            <depreal_head_text>center</depreal_head_text>
            <ner>I-ORG</ner>
          </token>
          <token id="4">
            <word>'s</word>
            <lemma>'s</lemma>
            <CharacterOffsetBegin>72</CharacterOffsetBegin>
            <CharacterOffsetEnd>74</CharacterOffsetEnd>
            <POS>POS</POS>
            <deprel>case</deprel>
            <depreal_head_id>3</depreal_head_id>
            <depreal_head_text>Nagel</depreal_head_text>
            <ner>E-ORG</ner>
          </token>
          <token id="5">
            <word>distribution</word>
            <lemma>distribution</lemma>
            <CharacterOffsetBegin>75</CharacterOffsetBegin>
            <CharacterOffsetEnd>87</CharacterOffsetEnd>
            <POS>NN</POS>
            <deprel>compound</deprel>
            <depreal_head_id>6</depreal_head_id>
            <depreal_head_text>center</depreal_head_text>
            <ner>O</ner>
          </token>
          <token id="6">
            <word>center</word>
            <lemma>center</lemma>
            <CharacterOffsetBegin>88</CharacterOffsetBegin>
            <CharacterOffsetEnd>94</CharacterOffsetEnd>
            <POS>NN</POS>
            <deprel>root</deprel>
            <depreal_head_id>0</depreal_head_id>
            <depreal_head_text>root</depreal_head_text>
            <ner>O</ner>
          </token>
          <token id="7">
            <word>in</word>
            <lemma>in</lemma>
            <CharacterOffsetBegin>95</CharacterOffsetBegin>
            <CharacterOffsetEnd>97</CharacterOffsetEnd>
            <POS>IN</POS>
            <deprel>case</deprel>
            <depreal_head_id>8</depreal_head_id>
            <depreal_head_text>Geel</depreal_head_text>
            <ner>O</ner>
          </token>
          <token id="8">
            <word>Geel</word>
            <lemma>Geel</lemma>
            <CharacterOffsetBegin>98</CharacterOffsetBegin>
            <CharacterOffsetEnd>102</CharacterOffsetEnd>
            <POS>NNP</POS>
            <deprel>nmod</deprel>
            <depreal_head_id>6</depreal_head_id>
            <depreal_head_text>center</depreal_head_text>
            <ner>S-GPE</ner>
          </token>
          <token id="9">
            <word>,</word>
            <lemma>,</lemma>
            <CharacterOffsetBegin>102</CharacterOffsetBegin>
            <CharacterOffsetEnd>103</CharacterOffsetEnd>
            <POS>,</POS>
            <deprel>punct</deprel>
            <depreal_head_id>8</depreal_head_id>
            <depreal_head_text>Geel</depreal_head_text>
            <ner>O</ner>
          </token>
          <token id="10">
            <word>Belgium</word>
            <lemma>Belgium</lemma>
            <CharacterOffsetBegin>104</CharacterOffsetBegin>
            <CharacterOffsetEnd>111</CharacterOffsetEnd>
            <POS>NNP</POS>
            <deprel>nmod</deprel>
            <depreal_head_id>8</depreal_head_id>
            <depreal_head_text>Geel</depreal_head_text>
            <ner>S-GPE</ner>
          </token>
          <token id="11">
            <word>.</word>
            <lemma>.</lemma>
            <CharacterOffsetBegin>111</CharacterOffsetBegin>
            <CharacterOffsetEnd>112</CharacterOffsetEnd>
            <POS>.</POS>
            <deprel>punct</deprel>
            <depreal_head_id>6</depreal_head_id>
            <depreal_head_text>center</depreal_head_text>
            <ner>O</ner>
          </token>
        </tokens>
      </sentence>
      <sentence section="content" type="bodyText" id="3">
        <tokens>
          <token id="1">
            <word>Following</word>
            <lemma>follow</lemma>
            <CharacterOffsetBegin>113</CharacterOffsetBegin>
            <CharacterOffsetEnd>122</CharacterOffsetEnd>
            <POS>VBG</POS>
            <deprel>root</deprel>
            <depreal_head_id>0</depreal_head_id>
            <depreal_head_text>root</depreal_head_text>
            <ner>O</ner>
          </token>
          <token id="2">
            <word>an</word>
            <lemma>an</lemma>
            <CharacterOffsetBegin>123</CharacterOffsetBegin>
            <CharacterOffsetEnd>125</CharacterOffsetEnd>
            <POS>DT</POS>
            <deprel>det</deprel>
            <depreal_head_id>3</depreal_head_id>
            <depreal_head_text>expansion</depreal_head_text>
            <ner>O</ner>
          </token>
          <token id="3">
            <word>expansion</word>
            <lemma>expansion</lemma>
            <CharacterOffsetBegin>126</CharacterOffsetBegin>
            <CharacterOffsetEnd>135</CharacterOffsetEnd>
            <POS>NN</POS>
            <deprel>obj</deprel>
            <depreal_head_id>1</depreal_head_id>
            <depreal_head_text>Following</depreal_head_text>
            <ner>O</ner>
          </token>
          <token id="4">
            <word>of</word>
            <lemma>of</lemma>
            <CharacterOffsetBegin>136</CharacterOffsetBegin>
            <CharacterOffsetEnd>138</CharacterOffsetEnd>
            <POS>IN</POS>
            <deprel>case</deprel>
            <depreal_head_id>6</depreal_head_id>
            <depreal_head_text>warehouse</depreal_head_text>
            <ner>O</ner>
          </token>
          <token id="5">
            <word>its</word>
            <lemma>it</lemma>
            <CharacterOffsetBegin>139</CharacterOffsetBegin>
            <CharacterOffsetEnd>142</CharacterOffsetEnd>
            <POS>PRP$</POS>
            <deprel>nmod:poss</deprel>
            <depreal_head_id>6</depreal_head_id>
            <depreal_head_text>warehouse</depreal_head_text>
            <ner>O</ner>
          </token>
          <token id="6">
            <word>warehouse</word>
            <lemma>warehouse</lemma>
            <CharacterOffsetBegin>143</CharacterOffsetBegin>
            <CharacterOffsetEnd>152</CharacterOffsetEnd>
            <POS>NN</POS>
            <deprel>nmod</deprel>
            <depreal_head_id>3</depreal_head_id>
            <depreal_head_text>expansion</depreal_head_text>
            <ner>O</ner>
          </token>
          <token id="7">
            <word>in</word>
            <lemma>in</lemma>
            <CharacterOffsetBegin>153</CharacterOffsetBegin>
            <CharacterOffsetEnd>155</CharacterOffsetEnd>
            <POS>IN</POS>
            <deprel>case</deprel>
            <depreal_head_id>8</depreal_head_id>
            <depreal_head_text>Geel</depreal_head_text>
            <ner>O</ner>
          </token>
          <token id="8">
            <word>Geel</word>
            <lemma>Geel</lemma>
            <CharacterOffsetBegin>156</CharacterOffsetBegin>
            <CharacterOffsetEnd>160</CharacterOffsetEnd>
            <POS>NNP</POS>
            <deprel>nmod</deprel>
            <depreal_head_id>3</depreal_head_id>
            <depreal_head_text>expansion</depreal_head_text>
            <ner>S-GPE</ner>
          </token>
          <token id="9">
            <word>,</word>
            <lemma>,</lemma>
            <CharacterOffsetBegin>160</CharacterOffsetBegin>
            <CharacterOffsetEnd>161</CharacterOffsetEnd>
            <POS>,</POS>
            <deprel>punct</deprel>
            <depreal_head_id>8</depreal_head_id>
            <depreal_head_text>Geel</depreal_head_text>
            <ner>O</ner>
          </token>
          <token id="10">
            <word>Belgium</word>
            <lemma>Belgium</lemma>
            <CharacterOffsetBegin>162</CharacterOffsetBegin>
            <CharacterOffsetEnd>169</CharacterOffsetEnd>
            <POS>NNP</POS>
            <deprel>conj</deprel>
            <depreal_head_id>8</depreal_head_id>
            <depreal_head_text>Geel</depreal_head_text>
            <ner>S-GPE</ner>
          </token>
          <token id="11">
            <word>,</word>
            <lemma>,</lemma>
            <CharacterOffsetBegin>169</CharacterOffsetBegin>
            <CharacterOffsetEnd>170</CharacterOffsetEnd>
            <POS>,</POS>
            <deprel>punct</deprel>
            <depreal_head_id>10</depreal_head_id>
            <depreal_head_text>Belgium</depreal_head_text>
            <ner>O</ner>
          </token>
          <token id="12">
            <word>Kuehne</word>
            <lemma>Kuehne</lemma>
            <CharacterOffsetBegin>171</CharacterOffsetBegin>
            <CharacterOffsetEnd>177</CharacterOffsetEnd>
            <POS>NNP</POS>
            <deprel>compound</deprel>
            <depreal_head_id>14</depreal_head_id>
            <depreal_head_text>Nagel</depreal_head_text>
            <ner>B-ORG</ner>
          </token>
          <token id="13">
            <word>+</word>
            <lemma>+</lemma>
            <CharacterOffsetBegin>178</CharacterOffsetBegin>
            <CharacterOffsetEnd>179</CharacterOffsetEnd>
            <POS>SYM</POS>
            <deprel>nummod</deprel>
            <depreal_head_id>14</depreal_head_id>
            <depreal_head_text>Nagel</depreal_head_text>
            <ner>I-ORG</ner>
          </token>
          <token id="14">
            <word>Nagel</word>
            <lemma>Nagel</lemma>
            <CharacterOffsetBegin>180</CharacterOffsetBegin>
            <CharacterOffsetEnd>185</CharacterOffsetEnd>
            <POS>NNP</POS>
            <deprel>nsubj</deprel>
            <depreal_head_id>15</depreal_head_id>
            <depreal_head_text>contracted</depreal_head_text>
            <ner>E-ORG</ner>
          </token>
          <token id="15">
            <word>contracted</word>
            <lemma>contract</lemma>
            <CharacterOffsetBegin>186</CharacterOffsetBegin>
            <CharacterOffsetEnd>196</CharacterOffsetEnd>
            <POS>VBD</POS>
            <deprel>parataxis</deprel>
            <depreal_head_id>1</depreal_head_id>
            <depreal_head_text>Following</depreal_head_text>
            <ner>O</ner>
          </token>
          <token id="16">
            <word>with</word>
            <lemma>with</lemma>
            <CharacterOffsetBegin>197</CharacterOffsetBegin>
            <CharacterOffsetEnd>201</CharacterOffsetEnd>
            <POS>IN</POS>
            <deprel>case</deprel>
            <depreal_head_id>19</depreal_head_id>
            <depreal_head_text>Sanofi</depreal_head_text>
            <ner>O</ner>
          </token>
          <token id="17">
            <word>life-sciences</word>
            <lemma>life-science</lemma>
            <CharacterOffsetBegin>202</CharacterOffsetBegin>
            <CharacterOffsetEnd>215</CharacterOffsetEnd>
            <POS>NNS</POS>
            <deprel>det</deprel>
            <depreal_head_id>19</depreal_head_id>
            <depreal_head_text>Sanofi</depreal_head_text>
            <ner>O</ner>
          </token>
          <token id="18">
            <word>company</word>
            <lemma>company</lemma>
            <CharacterOffsetBegin>216</CharacterOffsetBegin>
            <CharacterOffsetEnd>223</CharacterOffsetEnd>
            <POS>NN</POS>
            <deprel>compound</deprel>
            <depreal_head_id>19</depreal_head_id>
            <depreal_head_text>Sanofi</depreal_head_text>
            <ner>O</ner>
          </token>
          <token id="19">
            <word>Sanofi</word>
            <lemma>Sanofi</lemma>
            <CharacterOffsetBegin>224</CharacterOffsetBegin>
            <CharacterOffsetEnd>230</CharacterOffsetEnd>
            <POS>NNP</POS>
            <deprel>obl</deprel>
            <depreal_head_id>15</depreal_head_id>
            <depreal_head_text>contracted</depreal_head_text>
            <ner>S-ORG</ner>
          </token>
          <token id="20">
            <word>to</word>
            <lemma>to</lemma>
            <CharacterOffsetBegin>231</CharacterOffsetBegin>
            <CharacterOffsetEnd>233</CharacterOffsetEnd>
            <POS>TO</POS>
            <deprel>mark</deprel>
            <depreal_head_id>21</depreal_head_id>
            <depreal_head_text>manage</depreal_head_text>
            <ner>O</ner>
          </token>
          <token id="21">
            <word>manage</word>
            <lemma>manage</lemma>
            <CharacterOffsetBegin>234</CharacterOffsetBegin>
            <CharacterOffsetEnd>240</CharacterOffsetEnd>
            <POS>VB</POS>
            <deprel>advcl</deprel>
            <depreal_head_id>15</depreal_head_id>
            <depreal_head_text>contracted</depreal_head_text>
            <ner>O</ner>
          </token>
          <token id="22">
            <word>its</word>
            <lemma>it</lemma>
            <CharacterOffsetBegin>241</CharacterOffsetBegin>
            <CharacterOffsetEnd>244</CharacterOffsetEnd>
            <POS>PRP$</POS>
            <deprel>nmod:poss</deprel>
            <depreal_head_id>24</depreal_head_id>
            <depreal_head_text>activities</depreal_head_text>
            <ner>O</ner>
          </token>
          <token id="23">
            <word>warehouse</word>
            <lemma>warehouse</lemma>
            <CharacterOffsetBegin>245</CharacterOffsetBegin>
            <CharacterOffsetEnd>254</CharacterOffsetEnd>
            <POS>NN</POS>
            <deprel>compound</deprel>
            <depreal_head_id>24</depreal_head_id>
            <depreal_head_text>activities</depreal_head_text>
            <ner>O</ner>
          </token>
          <token id="24">
            <word>activities</word>
            <lemma>activity</lemma>
            <CharacterOffsetBegin>255</CharacterOffsetBegin>
            <CharacterOffsetEnd>265</CharacterOffsetEnd>
            <POS>NNS</POS>
            <deprel>obj</deprel>
            <depreal_head_id>21</depreal_head_id>
            <depreal_head_text>manage</depreal_head_text>
            <ner>O</ner>
          </token>
          <token id="25">
            <word>in</word>
            <lemma>in</lemma>
            <CharacterOffsetBegin>266</CharacterOffsetBegin>
            <CharacterOffsetEnd>268</CharacterOffsetEnd>
            <POS>IN</POS>
            <deprel>case</deprel>
            <depreal_head_id>27</depreal_head_id>
            <depreal_head_text>city</depreal_head_text>
            <ner>O</ner>
          </token>
          <token id="26">
            <word>the</word>
            <lemma>the</lemma>
            <CharacterOffsetBegin>269</CharacterOffsetBegin>
            <CharacterOffsetEnd>272</CharacterOffsetEnd>
            <POS>DT</POS>
            <deprel>det</deprel>
            <depreal_head_id>27</depreal_head_id>
            <depreal_head_text>city</depreal_head_text>
            <ner>O</ner>
          </token>
          <token id="27">
            <word>city</word>
            <lemma>city</lemma>
            <CharacterOffsetBegin>273</CharacterOffsetBegin>
            <CharacterOffsetEnd>277</CharacterOffsetEnd>
            <POS>NN</POS>
            <deprel>nmod</deprel>
            <depreal_head_id>24</depreal_head_id>
            <depreal_head_text>activities</depreal_head_text>
            <ner>O</ner>
          </token>
          <token id="28">
            <word>.</word>
            <lemma>.</lemma>
            <CharacterOffsetBegin>277</CharacterOffsetBegin>
            <CharacterOffsetEnd>278</CharacterOffsetEnd>
            <POS>.</POS>
            <deprel>punct</deprel>
            <depreal_head_id>15</depreal_head_id>
            <depreal_head_text>contracted</depreal_head_text>
            <ner>O</ner>
          </token>
        </tokens>
      </sentence>
      <sentence section="content" type="bodyText" id="4">
        <tokens>
          <token id="1">
            <word>K+N</word>
            <lemma>K+N</lemma>
            <CharacterOffsetBegin>279</CharacterOffsetBegin>
            <CharacterOffsetEnd>282</CharacterOffsetEnd>
            <POS>NNP</POS>
            <deprel>nmod:poss</deprel>
            <depreal_head_id>3</depreal_head_id>
            <depreal_head_text>warehouse</depreal_head_text>
            <ner>S-ORG</ner>
          </token>
          <token id="2">
            <word>'s</word>
            <lemma>'s</lemma>
            <CharacterOffsetBegin>282</CharacterOffsetBegin>
            <CharacterOffsetEnd>284</CharacterOffsetEnd>
            <POS>POS</POS>
            <deprel>case</deprel>
            <depreal_head_id>1</depreal_head_id>
            <depreal_head_text>K+N</depreal_head_text>
            <ner>O</ner>
          </token>
          <token id="3">
            <word>warehouse</word>
            <lemma>warehouse</lemma>
            <CharacterOffsetBegin>285</CharacterOffsetBegin>
            <CharacterOffsetEnd>294</CharacterOffsetEnd>
            <POS>NN</POS>
            <deprel>nsubj</deprel>
            <depreal_head_id>4</depreal_head_id>
            <depreal_head_text>includes</depreal_head_text>
            <ner>O</ner>
          </token>
          <token id="4">
            <word>includes</word>
            <lemma>include</lemma>
            <CharacterOffsetBegin>295</CharacterOffsetBegin>
            <CharacterOffsetEnd>303</CharacterOffsetEnd>
            <POS>VBZ</POS>
            <deprel>root</deprel>
            <depreal_head_id>0</depreal_head_id>
            <depreal_head_text>root</depreal_head_text>
            <ner>O</ner>
          </token>
          <token id="5">
            <word>temperature-controlled</word>
            <lemma>temperature-controlled</lemma>
            <CharacterOffsetBegin>304</CharacterOffsetBegin>
            <CharacterOffsetEnd>326</CharacterOffsetEnd>
            <POS>JJ</POS>
            <deprel>amod</deprel>
            <depreal_head_id>6</depreal_head_id>
            <depreal_head_text>zones</depreal_head_text>
            <ner>O</ner>
          </token>
          <token id="6">
            <word>zones</word>
            <lemma>zone</lemma>
            <CharacterOffsetBegin>327</CharacterOffsetBegin>
            <CharacterOffsetEnd>332</CharacterOffsetEnd>
            <POS>NNS</POS>
            <deprel>obj</deprel>
            <depreal_head_id>4</depreal_head_id>
            <depreal_head_text>includes</depreal_head_text>
            <ner>O</ner>
          </token>
          <token id="7">
            <word>between</word>
            <lemma>between</lemma>
            <CharacterOffsetBegin>333</CharacterOffsetBegin>
            <CharacterOffsetEnd>340</CharacterOffsetEnd>
            <POS>IN</POS>
            <deprel>case</deprel>
            <depreal_head_id>8</depreal_head_id>
            <depreal_head_text>15°C</depreal_head_text>
            <ner>O</ner>
          </token>
          <token id="8">
            <word>15°C</word>
            <lemma>15°C</lemma>
            <CharacterOffsetBegin>341</CharacterOffsetBegin>
            <CharacterOffsetEnd>345</CharacterOffsetEnd>
            <POS>NNP</POS>
            <deprel>nmod</deprel>
            <depreal_head_id>6</depreal_head_id>
            <depreal_head_text>zones</depreal_head_text>
            <ner>S-CARDINAL</ner>
          </token>
          <token id="9">
            <word>and</word>
            <lemma>and</lemma>
            <CharacterOffsetBegin>346</CharacterOffsetBegin>
            <CharacterOffsetEnd>349</CharacterOffsetEnd>
            <POS>CC</POS>
            <deprel>cc</deprel>
            <depreal_head_id>10</depreal_head_id>
            <depreal_head_text>25°C</depreal_head_text>
            <ner>O</ner>
          </token>
          <token id="10">
            <word>25°C</word>
            <lemma>25°C</lemma>
            <CharacterOffsetBegin>350</CharacterOffsetBegin>
            <CharacterOffsetEnd>354</CharacterOffsetEnd>
            <POS>NNP</POS>
            <deprel>conj</deprel>
            <depreal_head_id>8</depreal_head_id>
            <depreal_head_text>15°C</depreal_head_text>
            <ner>S-CARDINAL</ner>
          </token>
          <token id="11">
            <word>,</word>
            <lemma>,</lemma>
            <CharacterOffsetBegin>354</CharacterOffsetBegin>
            <CharacterOffsetEnd>355</CharacterOffsetEnd>
            <POS>,</POS>
            <deprel>punct</deprel>
            <depreal_head_id>8</depreal_head_id>
            <depreal_head_text>15°C</depreal_head_text>
            <ner>O</ner>
          </token>
          <token id="12">
            <word>as</word>
            <lemma>as</lemma>
            <CharacterOffsetBegin>356</CharacterOffsetBegin>
            <CharacterOffsetEnd>358</CharacterOffsetEnd>
            <POS>RB</POS>
            <deprel>advmod</deprel>
            <depreal_head_id>13</depreal_head_id>
            <depreal_head_text>well</depreal_head_text>
            <ner>O</ner>
          </token>
          <token id="13">
            <word>well</word>
            <lemma>well</lemma>
            <CharacterOffsetBegin>359</CharacterOffsetBegin>
            <CharacterOffsetEnd>363</CharacterOffsetEnd>
            <POS>RB</POS>
            <deprel>advmod</deprel>
            <depreal_head_id>16</depreal_head_id>
            <depreal_head_text>areas</depreal_head_text>
            <ner>O</ner>
          </token>
          <token id="14">
            <word>as</word>
            <lemma>as</lemma>
            <CharacterOffsetBegin>364</CharacterOffsetBegin>
            <CharacterOffsetEnd>366</CharacterOffsetEnd>
            <POS>IN</POS>
            <deprel>case</deprel>
            <depreal_head_id>16</depreal_head_id>
            <depreal_head_text>areas</depreal_head_text>
            <ner>O</ner>
          </token>
          <token id="15">
            <word>cold-storage</word>
            <lemma>cold-storage</lemma>
            <CharacterOffsetBegin>367</CharacterOffsetBegin>
            <CharacterOffsetEnd>379</CharacterOffsetEnd>
            <POS>JJ</POS>
            <deprel>amod</deprel>
            <depreal_head_id>16</depreal_head_id>
            <depreal_head_text>areas</depreal_head_text>
            <ner>O</ner>
          </token>
          <token id="16">
            <word>areas</word>
            <lemma>area</lemma>
            <CharacterOffsetBegin>380</CharacterOffsetBegin>
            <CharacterOffsetEnd>385</CharacterOffsetEnd>
            <POS>NNS</POS>
            <deprel>nmod</deprel>
            <depreal_head_id>8</depreal_head_id>
            <depreal_head_text>15°C</depreal_head_text>
            <ner>O</ner>
          </token>
          <token id="17">
            <word>ranging</word>
            <lemma>rang</lemma>
            <CharacterOffsetBegin>386</CharacterOffsetBegin>
            <CharacterOffsetEnd>393</CharacterOffsetEnd>
            <POS>VBG</POS>
            <deprel>acl</deprel>
            <depreal_head_id>16</depreal_head_id>
            <depreal_head_text>areas</depreal_head_text>
            <ner>O</ner>
          </token>
          <token id="18">
            <word>between</word>
            <lemma>between</lemma>
            <CharacterOffsetBegin>394</CharacterOffsetBegin>
            <CharacterOffsetEnd>401</CharacterOffsetEnd>
            <POS>IN</POS>
            <deprel>case</deprel>
            <depreal_head_id>20</depreal_head_id>
            <depreal_head_text>°C</depreal_head_text>
            <ner>O</ner>
          </token>
          <token id="19">
            <word>-25</word>
            <lemma>-25</lemma>
            <CharacterOffsetBegin>402</CharacterOffsetBegin>
            <CharacterOffsetEnd>405</CharacterOffsetEnd>
            <POS>CD</POS>
            <deprel>nummod</deprel>
            <depreal_head_id>20</depreal_head_id>
            <depreal_head_text>°C</depreal_head_text>
            <ner>B-CARDINAL</ner>
          </token>
          <token id="20">
            <word>°C</word>
            <lemma>OC</lemma>
            <CharacterOffsetBegin>405</CharacterOffsetBegin>
            <CharacterOffsetEnd>407</CharacterOffsetEnd>
            <POS>NNP</POS>
            <deprel>obl</deprel>
            <depreal_head_id>17</depreal_head_id>
            <depreal_head_text>ranging</depreal_head_text>
            <ner>E-CARDINAL</ner>
          </token>
          <token id="21">
            <word>and</word>
            <lemma>and</lemma>
            <CharacterOffsetBegin>408</CharacterOffsetBegin>
            <CharacterOffsetEnd>411</CharacterOffsetEnd>
            <POS>CC</POS>
            <deprel>cc</deprel>
            <depreal_head_id>22</depreal_head_id>
            <depreal_head_text>8°C</depreal_head_text>
            <ner>O</ner>
          </token>
          <token id="22">
            <word>8°C</word>
            <lemma>8°C</lemma>
            <CharacterOffsetBegin>412</CharacterOffsetBegin>
            <CharacterOffsetEnd>415</CharacterOffsetEnd>
            <POS>NNP</POS>
            <deprel>conj</deprel>
            <depreal_head_id>20</depreal_head_id>
            <depreal_head_text>°C</depreal_head_text>
            <ner>S-CARDINAL</ner>
          </token>
          <token id="23">
            <word>.</word>
            <lemma>.</lemma>
            <CharacterOffsetBegin>415</CharacterOffsetBegin>
            <CharacterOffsetEnd>416</CharacterOffsetEnd>
            <POS>.</POS>
            <deprel>punct</deprel>
            <depreal_head_id>4</depreal_head_id>
            <depreal_head_text>includes</depreal_head_text>
            <ner>O</ner>
          </token>
          <token id="24">
            <word>K+N</word>
            <lemma>K+N</lemma>
            <CharacterOffsetBegin>417</CharacterOffsetBegin>
            <CharacterOffsetEnd>420</CharacterOffsetEnd>
            <POS>NNP</POS>
            <deprel>nsubj</deprel>
            <depreal_head_id>26</depreal_head_id>
            <depreal_head_text>store</depreal_head_text>
            <ner>S-ORG</ner>
          </token>
          <token id="25">
            <word>will</word>
            <lemma>will</lemma>
            <CharacterOffsetBegin>421</CharacterOffsetBegin>
            <CharacterOffsetEnd>425</CharacterOffsetEnd>
            <POS>MD</POS>
            <deprel>aux</deprel>
            <depreal_head_id>26</depreal_head_id>
            <depreal_head_text>store</depreal_head_text>
            <ner>O</ner>
          </token>
          <token id="26">
            <word>store</word>
            <lemma>store</lemma>
            <CharacterOffsetBegin>426</CharacterOffsetBegin>
            <CharacterOffsetEnd>431</CharacterOffsetEnd>
            <POS>VB</POS>
            <deprel>conj</deprel>
            <depreal_head_id>4</depreal_head_id>
            <depreal_head_text>includes</depreal_head_text>
            <ner>O</ner>
          </token>
          <token id="27">
            <word>raw</word>
            <lemma>raw</lemma>
            <CharacterOffsetBegin>432</CharacterOffsetBegin>
            <CharacterOffsetEnd>435</CharacterOffsetEnd>
            <POS>JJ</POS>
            <deprel>amod</deprel>
            <depreal_head_id>28</depreal_head_id>
            <depreal_head_text>materials</depreal_head_text>
            <ner>O</ner>
          </token>
          <token id="28">
            <word>materials</word>
            <lemma>material</lemma>
            <CharacterOffsetBegin>436</CharacterOffsetBegin>
            <CharacterOffsetEnd>445</CharacterOffsetEnd>
            <POS>NNS</POS>
            <deprel>obj</deprel>
            <depreal_head_id>26</depreal_head_id>
            <depreal_head_text>store</depreal_head_text>
            <ner>O</ner>
          </token>
          <token id="29">
            <word>for</word>
            <lemma>for</lemma>
            <CharacterOffsetBegin>446</CharacterOffsetBegin>
            <CharacterOffsetEnd>449</CharacterOffsetEnd>
            <POS>IN</POS>
            <deprel>case</deprel>
            <depreal_head_id>33</depreal_head_id>
            <depreal_head_text>production</depreal_head_text>
            <ner>O</ner>
          </token>
          <token id="30">
            <word>Sanofi</word>
            <lemma>Sanofi</lemma>
            <CharacterOffsetBegin>450</CharacterOffsetBegin>
            <CharacterOffsetEnd>456</CharacterOffsetEnd>
            <POS>NNP</POS>
            <deprel>nmod:poss</deprel>
            <depreal_head_id>33</depreal_head_id>
            <depreal_head_text>production</depreal_head_text>
            <ner>S-ORG</ner>
          </token>
          <token id="31">
            <word>'s</word>
            <lemma>'s</lemma>
            <CharacterOffsetBegin>456</CharacterOffsetBegin>
            <CharacterOffsetEnd>458</CharacterOffsetEnd>
            <POS>POS</POS>
            <deprel>case</deprel>
            <depreal_head_id>30</depreal_head_id>
            <depreal_head_text>Sanofi</depreal_head_text>
            <ner>O</ner>
          </token>
          <token id="32">
            <word>pharmaceutical</word>
            <lemma>pharmaceutical</lemma>
            <CharacterOffsetBegin>459</CharacterOffsetBegin>
            <CharacterOffsetEnd>473</CharacterOffsetEnd>
            <POS>JJ</POS>
            <deprel>amod</deprel>
            <depreal_head_id>33</depreal_head_id>
            <depreal_head_text>production</depreal_head_text>
            <ner>O</ner>
          </token>
          <token id="33">
            <word>production</word>
            <lemma>production</lemma>
            <CharacterOffsetBegin>474</CharacterOffsetBegin>
            <CharacterOffsetEnd>484</CharacterOffsetEnd>
            <POS>NN</POS>
            <deprel>nmod</deprel>
            <depreal_head_id>28</depreal_head_id>
            <depreal_head_text>materials</depreal_head_text>
            <ner>O</ner>
          </token>
          <token id="34">
            <word>and</word>
            <lemma>and</lemma>
            <CharacterOffsetBegin>485</CharacterOffsetBegin>
            <CharacterOffsetEnd>488</CharacterOffsetEnd>
            <POS>CC</POS>
            <deprel>cc</deprel>
            <depreal_head_id>35</depreal_head_id>
            <depreal_head_text>installed</depreal_head_text>
            <ner>O</ner>
          </token>
          <token id="35">
            <word>installed</word>
            <lemma>install</lemma>
            <CharacterOffsetBegin>489</CharacterOffsetBegin>
            <CharacterOffsetEnd>498</CharacterOffsetEnd>
            <POS>VBN</POS>
            <deprel>conj</deprel>
            <depreal_head_id>26</depreal_head_id>
            <depreal_head_text>store</depreal_head_text>
            <ner>O</ner>
          </token>
          <token id="36">
            <word>a</word>
            <lemma>a</lemma>
            <CharacterOffsetBegin>499</CharacterOffsetBegin>
            <CharacterOffsetEnd>500</CharacterOffsetEnd>
            <POS>DT</POS>
            <deprel>det</deprel>
            <depreal_head_id>39</depreal_head_id>
            <depreal_head_text>protection</depreal_head_text>
            <ner>O</ner>
          </token>
          <token id="37">
            <word>special</word>
            <lemma>special</lemma>
            <CharacterOffsetBegin>501</CharacterOffsetBegin>
            <CharacterOffsetEnd>508</CharacterOffsetEnd>
            <POS>JJ</POS>
            <deprel>amod</deprel>
            <depreal_head_id>38</depreal_head_id>
            <depreal_head_text>fire</depreal_head_text>
            <ner>O</ner>
          </token>
          <token id="38">
            <word>fire</word>
            <lemma>fire</lemma>
            <CharacterOffsetBegin>509</CharacterOffsetBegin>
            <CharacterOffsetEnd>513</CharacterOffsetEnd>
            <POS>NN</POS>
            <deprel>compound</deprel>
            <depreal_head_id>39</depreal_head_id>
            <depreal_head_text>protection</depreal_head_text>
            <ner>O</ner>
          </token>
          <token id="39">
            <word>protection</word>
            <lemma>protection</lemma>
            <CharacterOffsetBegin>514</CharacterOffsetBegin>
            <CharacterOffsetEnd>524</CharacterOffsetEnd>
            <POS>NN</POS>
            <deprel>obj</deprel>
            <depreal_head_id>35</depreal_head_id>
            <depreal_head_text>installed</depreal_head_text>
            <ner>O</ner>
          </token>
          <token id="40">
            <word>zone</word>
            <lemma>zone</lemma>
            <CharacterOffsetBegin>525</CharacterOffsetBegin>
            <CharacterOffsetEnd>529</CharacterOffsetEnd>
            <POS>NN</POS>
            <deprel>obj</deprel>
            <depreal_head_id>35</depreal_head_id>
            <depreal_head_text>installed</depreal_head_text>
            <ner>O</ner>
          </token>
          <token id="41">
            <word>as</word>
            <lemma>as</lemma>
            <CharacterOffsetBegin>530</CharacterOffsetBegin>
            <CharacterOffsetEnd>532</CharacterOffsetEnd>
            <POS>RB</POS>
            <deprel>advmod</deprel>
            <depreal_head_id>47</depreal_head_id>
            <depreal_head_text>booth</depreal_head_text>
            <ner>O</ner>
          </token>
          <token id="42">
            <word>well</word>
            <lemma>well</lemma>
            <CharacterOffsetBegin>533</CharacterOffsetBegin>
            <CharacterOffsetEnd>537</CharacterOffsetEnd>
            <POS>RB</POS>
            <deprel>fixed</deprel>
            <depreal_head_id>41</depreal_head_id>
            <depreal_head_text>as</depreal_head_text>
            <ner>O</ner>
          </token>
          <token id="43">
            <word>as</word>
            <lemma>as</lemma>
            <CharacterOffsetBegin>538</CharacterOffsetBegin>
            <CharacterOffsetEnd>540</CharacterOffsetEnd>
            <POS>IN</POS>
            <deprel>fixed</deprel>
            <depreal_head_id>41</depreal_head_id>
            <depreal_head_text>as</depreal_head_text>
            <ner>O</ner>
          </token>
          <token id="44">
            <word>a</word>
            <lemma>a</lemma>
            <CharacterOffsetBegin>541</CharacterOffsetBegin>
            <CharacterOffsetEnd>542</CharacterOffsetEnd>
            <POS>DT</POS>
            <deprel>det</deprel>
            <depreal_head_id>47</depreal_head_id>
            <depreal_head_text>booth</depreal_head_text>
            <ner>O</ner>
          </token>
          <token id="45">
            <word>pressurized</word>
            <lemma>pressurize</lemma>
            <CharacterOffsetBegin>543</CharacterOffsetBegin>
            <CharacterOffsetEnd>554</CharacterOffsetEnd>
            <POS>VBN</POS>
            <deprel>compound</deprel>
            <depreal_head_id>47</depreal_head_id>
            <depreal_head_text>booth</depreal_head_text>
            <ner>O</ner>
          </token>
          <token id="46">
            <word>sample</word>
            <lemma>sample</lemma>
            <CharacterOffsetBegin>555</CharacterOffsetBegin>
            <CharacterOffsetEnd>561</CharacterOffsetEnd>
            <POS>NN</POS>
            <deprel>compound</deprel>
            <depreal_head_id>47</depreal_head_id>
            <depreal_head_text>booth</depreal_head_text>
            <ner>O</ner>
          </token>
          <token id="47">
            <word>booth</word>
            <lemma>booth</lemma>
            <CharacterOffsetBegin>562</CharacterOffsetBegin>
            <CharacterOffsetEnd>567</CharacterOffsetEnd>
            <POS>NN</POS>
            <deprel>nmod</deprel>
            <depreal_head_id>40</depreal_head_id>
            <depreal_head_text>zone</depreal_head_text>
            <ner>O</ner>
          </token>
          <token id="48">
            <word>–</word>
            <lemma>–</lemma>
            <CharacterOffsetBegin>568</CharacterOffsetBegin>
            <CharacterOffsetEnd>569</CharacterOffsetEnd>
            <POS>:</POS>
            <deprel>punct</deprel>
            <depreal_head_id>50</depreal_head_id>
            <depreal_head_text>provides</depreal_head_text>
            <ner>O</ner>
          </token>
          <token id="49">
            <word>which</word>
            <lemma>which</lemma>
            <CharacterOffsetBegin>570</CharacterOffsetBegin>
            <CharacterOffsetEnd>575</CharacterOffsetEnd>
            <POS>WDT</POS>
            <deprel>nsubj</deprel>
            <depreal_head_id>50</depreal_head_id>
            <depreal_head_text>provides</depreal_head_text>
            <ner>O</ner>
          </token>
          <token id="50">
            <word>provides</word>
            <lemma>provide</lemma>
            <CharacterOffsetBegin>576</CharacterOffsetBegin>
            <CharacterOffsetEnd>584</CharacterOffsetEnd>
            <POS>VBZ</POS>
            <deprel>acl:relcl</deprel>
            <depreal_head_id>47</depreal_head_id>
            <depreal_head_text>booth</depreal_head_text>
            <ner>O</ner>
          </token>
          <token id="51">
            <word>a</word>
            <lemma>a</lemma>
            <CharacterOffsetBegin>585</CharacterOffsetBegin>
            <CharacterOffsetEnd>586</CharacterOffsetEnd>
            <POS>DT</POS>
            <deprel>det</deprel>
            <depreal_head_id>53</depreal_head_id>
            <depreal_head_text>space</depreal_head_text>
            <ner>O</ner>
          </token>
          <token id="52">
            <word>cleanroom</word>
            <lemma>cleanroom</lemma>
            <CharacterOffsetBegin>587</CharacterOffsetBegin>
            <CharacterOffsetEnd>596</CharacterOffsetEnd>
            <POS>JJ</POS>
            <deprel>amod</deprel>
            <depreal_head_id>53</depreal_head_id>
            <depreal_head_text>space</depreal_head_text>
            <ner>O</ner>
          </token>
          <token id="53">
            <word>space</word>
            <lemma>space</lemma>
            <CharacterOffsetBegin>597</CharacterOffsetBegin>
            <CharacterOffsetEnd>602</CharacterOffsetEnd>
            <POS>NN</POS>
            <deprel>obj</deprel>
            <depreal_head_id>50</depreal_head_id>
            <depreal_head_text>provides</depreal_head_text>
            <ner>O</ner>
          </token>
          <token id="54">
            <word>to</word>
            <lemma>to</lemma>
            <CharacterOffsetBegin>603</CharacterOffsetBegin>
            <CharacterOffsetEnd>605</CharacterOffsetEnd>
            <POS>TO</POS>
            <deprel>mark</deprel>
            <depreal_head_id>55</depreal_head_id>
            <depreal_head_text>prevent</depreal_head_text>
            <ner>O</ner>
          </token>
          <token id="55">
            <word>prevent</word>
            <lemma>prevent</lemma>
            <CharacterOffsetBegin>606</CharacterOffsetBegin>
            <CharacterOffsetEnd>613</CharacterOffsetEnd>
            <POS>VB</POS>
            <deprel>acl</deprel>
            <depreal_head_id>53</depreal_head_id>
            <depreal_head_text>space</depreal_head_text>
            <ner>O</ner>
          </token>
          <token id="56">
            <word>cross-contamination</word>
            <lemma>cross-contamination</lemma>
            <CharacterOffsetBegin>614</CharacterOffsetBegin>
            <CharacterOffsetEnd>633</CharacterOffsetEnd>
            <POS>NN</POS>
            <deprel>obj</deprel>
            <depreal_head_id>55</depreal_head_id>
            <depreal_head_text>prevent</depreal_head_text>
            <ner>O</ner>
          </token>
          <token id="57">
            <word>between</word>
            <lemma>between</lemma>
            <CharacterOffsetBegin>634</CharacterOffsetBegin>
            <CharacterOffsetEnd>641</CharacterOffsetEnd>
            <POS>IN</POS>
            <deprel>case</deprel>
            <depreal_head_id>59</depreal_head_id>
            <depreal_head_text>materials</depreal_head_text>
            <ner>O</ner>
          </token>
          <token id="58">
            <word>the</word>
            <lemma>the</lemma>
            <CharacterOffsetBegin>642</CharacterOffsetBegin>
            <CharacterOffsetEnd>645</CharacterOffsetEnd>
            <POS>DT</POS>
            <deprel>det</deprel>
            <depreal_head_id>59</depreal_head_id>
            <depreal_head_text>materials</depreal_head_text>
            <ner>O</ner>
          </token>
          <token id="59">
            <word>materials</word>
            <lemma>material</lemma>
            <CharacterOffsetBegin>646</CharacterOffsetBegin>
            <CharacterOffsetEnd>655</CharacterOffsetEnd>
            <POS>NNS</POS>
            <deprel>nmod</deprel>
            <depreal_head_id>56</depreal_head_id>
            <depreal_head_text>cross-contamination</depreal_head_text>
            <ner>O</ner>
          </token>
          <token id="60">
            <word>and</word>
            <lemma>and</lemma>
            <CharacterOffsetBegin>656</CharacterOffsetBegin>
            <CharacterOffsetEnd>659</CharacterOffsetEnd>
            <POS>CC</POS>
            <deprel>cc</deprel>
            <depreal_head_id>63</depreal_head_id>
            <depreal_head_text>environment</depreal_head_text>
            <ner>O</ner>
          </token>
          <token id="61">
            <word>the</word>
            <lemma>the</lemma>
            <CharacterOffsetBegin>660</CharacterOffsetBegin>
            <CharacterOffsetEnd>663</CharacterOffsetEnd>
            <POS>DT</POS>
            <deprel>det</deprel>
            <depreal_head_id>63</depreal_head_id>
            <depreal_head_text>environment</depreal_head_text>
            <ner>O</ner>
          </token>
          <token id="62">
            <word>outside</word>
            <lemma>outside</lemma>
            <CharacterOffsetBegin>664</CharacterOffsetBegin>
            <CharacterOffsetEnd>671</CharacterOffsetEnd>
            <POS>JJ</POS>
            <deprel>amod</deprel>
            <depreal_head_id>63</depreal_head_id>
            <depreal_head_text>environment</depreal_head_text>
            <ner>O</ner>
          </token>
          <token id="63">
            <word>environment</word>
            <lemma>environment</lemma>
            <CharacterOffsetBegin>672</CharacterOffsetBegin>
            <CharacterOffsetEnd>683</CharacterOffsetEnd>
            <POS>NN</POS>
            <deprel>conj</deprel>
            <depreal_head_id>59</depreal_head_id>
            <depreal_head_text>materials</depreal_head_text>
            <ner>O</ner>
          </token>
          <token id="64">
            <word>–</word>
            <lemma>–</lemma>
            <CharacterOffsetBegin>684</CharacterOffsetBegin>
            <CharacterOffsetEnd>685</CharacterOffsetEnd>
            <POS>:</POS>
            <deprel>punct</deprel>
            <depreal_head_id>66</depreal_head_id>
            <depreal_head_text>meet</depreal_head_text>
            <ner>O</ner>
          </token>
          <token id="65">
            <word>to</word>
            <lemma>to</lemma>
            <CharacterOffsetBegin>686</CharacterOffsetBegin>
            <CharacterOffsetEnd>688</CharacterOffsetEnd>
            <POS>TO</POS>
            <deprel>mark</deprel>
            <depreal_head_id>66</depreal_head_id>
            <depreal_head_text>meet</depreal_head_text>
            <ner>O</ner>
          </token>
          <token id="66">
            <word>meet</word>
            <lemma>meet</lemma>
            <CharacterOffsetBegin>689</CharacterOffsetBegin>
            <CharacterOffsetEnd>693</CharacterOffsetEnd>
            <POS>VB</POS>
            <deprel>xcomp</deprel>
            <depreal_head_id>55</depreal_head_id>
            <depreal_head_text>prevent</depreal_head_text>
            <ner>O</ner>
          </token>
          <token id="67">
            <word>the</word>
            <lemma>the</lemma>
            <CharacterOffsetBegin>694</CharacterOffsetBegin>
            <CharacterOffsetEnd>697</CharacterOffsetEnd>
            <POS>DT</POS>
            <deprel>det</deprel>
            <depreal_head_id>69</depreal_head_id>
            <depreal_head_text>requirements</depreal_head_text>
            <ner>O</ner>
          </token>
          <token id="68">
            <word>storage</word>
            <lemma>storage</lemma>
            <CharacterOffsetBegin>698</CharacterOffsetBegin>
            <CharacterOffsetEnd>705</CharacterOffsetEnd>
            <POS>NN</POS>
            <deprel>compound</deprel>
            <depreal_head_id>69</depreal_head_id>
            <depreal_head_text>requirements</depreal_head_text>
            <ner>O</ner>
          </token>
          <token id="69">
            <word>requirements</word>
            <lemma>requirement</lemma>
            <CharacterOffsetBegin>706</CharacterOffsetBegin>
            <CharacterOffsetEnd>718</CharacterOffsetEnd>
            <POS>NNS</POS>
            <deprel>obj</deprel>
            <depreal_head_id>66</depreal_head_id>
            <depreal_head_text>meet</depreal_head_text>
            <ner>O</ner>
          </token>
          <token id="70">
            <word>.</word>
            <lemma>.</lemma>
            <CharacterOffsetBegin>718</CharacterOffsetBegin>
            <CharacterOffsetEnd>719</CharacterOffsetEnd>
            <POS>.</POS>
            <deprel>punct</deprel>
            <depreal_head_id>26</depreal_head_id>
            <depreal_head_text>store</depreal_head_text>
            <ner>O</ner>
          </token>
        </tokens>
      </sentence>
      <sentence section="content" type="bodyText" id="5">
        <tokens>
          <token id="1">
            <word>K</word>
            <lemma>K</lemma>
            <CharacterOffsetBegin>720</CharacterOffsetBegin>
            <CharacterOffsetEnd>721</CharacterOffsetEnd>
            <POS>NNP</POS>
            <deprel>nsubj</deprel>
            <depreal_head_id>5</depreal_head_id>
            <depreal_head_text>made</depreal_head_text>
            <ner>B-ORG</ner>
          </token>
          <token id="2">
            <word>+</word>
            <lemma>+</lemma>
            <CharacterOffsetBegin>721</CharacterOffsetBegin>
            <CharacterOffsetEnd>722</CharacterOffsetEnd>
            <POS>SYM</POS>
            <deprel>flat</deprel>
            <depreal_head_id>1</depreal_head_id>
            <depreal_head_text>K</depreal_head_text>
            <ner>I-ORG</ner>
          </token>
          <token id="3">
            <word>N</word>
            <lemma>N</lemma>
            <CharacterOffsetBegin>722</CharacterOffsetBegin>
            <CharacterOffsetEnd>723</CharacterOffsetEnd>
            <POS>NNP</POS>
            <deprel>nsubj</deprel>
            <depreal_head_id>5</depreal_head_id>
            <depreal_head_text>made</depreal_head_text>
            <ner>E-ORG</ner>
          </token>
          <token id="4">
            <word>has</word>
            <lemma>have</lemma>
            <CharacterOffsetBegin>724</CharacterOffsetBegin>
            <CharacterOffsetEnd>727</CharacterOffsetEnd>
            <POS>VBZ</POS>
            <deprel>aux</deprel>
            <depreal_head_id>5</depreal_head_id>
            <depreal_head_text>made</depreal_head_text>
            <ner>O</ner>
          </token>
          <token id="5">
            <word>made</word>
            <lemma>make</lemma>
            <CharacterOffsetBegin>728</CharacterOffsetBegin>
            <CharacterOffsetEnd>732</CharacterOffsetEnd>
            <POS>VBN</POS>
            <deprel>root</deprel>
            <depreal_head_id>0</depreal_head_id>
            <depreal_head_text>root</depreal_head_text>
            <ner>O</ner>
          </token>
          <token id="6">
            <word>a</word>
            <lemma>a</lemma>
            <CharacterOffsetBegin>733</CharacterOffsetBegin>
            <CharacterOffsetEnd>734</CharacterOffsetEnd>
            <POS>DT</POS>
            <deprel>det</deprel>
            <depreal_head_id>8</depreal_head_id>
            <depreal_head_text>push</depreal_head_text>
            <ner>O</ner>
          </token>
          <token id="7">
            <word>major</word>
            <lemma>major</lemma>
            <CharacterOffsetBegin>735</CharacterOffsetBegin>
            <CharacterOffsetEnd>740</CharacterOffsetEnd>
            <POS>JJ</POS>
            <deprel>amod</deprel>
            <depreal_head_id>8</depreal_head_id>
            <depreal_head_text>push</depreal_head_text>
            <ner>O</ner>
          </token>
          <token id="8">
            <word>push</word>
            <lemma>push</lemma>
            <CharacterOffsetBegin>741</CharacterOffsetBegin>
            <CharacterOffsetEnd>745</CharacterOffsetEnd>
            <POS>NN</POS>
            <deprel>obj</deprel>
            <depreal_head_id>5</depreal_head_id>
            <depreal_head_text>made</depreal_head_text>
            <ner>O</ner>
          </token>
          <token id="9">
            <word>to</word>
            <lemma>to</lemma>
            <CharacterOffsetBegin>746</CharacterOffsetBegin>
            <CharacterOffsetEnd>748</CharacterOffsetEnd>
            <POS>TO</POS>
            <deprel>mark</deprel>
            <depreal_head_id>10</depreal_head_id>
            <depreal_head_text>expand</depreal_head_text>
            <ner>O</ner>
          </token>
          <token id="10">
            <word>expand</word>
            <lemma>expand</lemma>
            <CharacterOffsetBegin>749</CharacterOffsetBegin>
            <CharacterOffsetEnd>755</CharacterOffsetEnd>
            <POS>VB</POS>
            <deprel>advcl</deprel>
            <depreal_head_id>5</depreal_head_id>
            <depreal_head_text>made</depreal_head_text>
            <ner>O</ner>
          </token>
          <token id="11">
            <word>its</word>
            <lemma>it</lemma>
            <CharacterOffsetBegin>756</CharacterOffsetBegin>
            <CharacterOffsetEnd>759</CharacterOffsetEnd>
            <POS>PRP$</POS>
            <deprel>nmod:poss</deprel>
            <depreal_head_id>13</depreal_head_id>
            <depreal_head_text>offerings</depreal_head_text>
            <ner>O</ner>
          </token>
          <token id="12">
            <word>cold-chain</word>
            <lemma>cold-chain</lemma>
            <CharacterOffsetBegin>760</CharacterOffsetBegin>
            <CharacterOffsetEnd>770</CharacterOffsetEnd>
            <POS>JJ</POS>
            <deprel>amod</deprel>
            <depreal_head_id>13</depreal_head_id>
            <depreal_head_text>offerings</depreal_head_text>
            <ner>O</ner>
          </token>
          <token id="13">
            <word>offerings</word>
            <lemma>offering</lemma>
            <CharacterOffsetBegin>771</CharacterOffsetBegin>
            <CharacterOffsetEnd>780</CharacterOffsetEnd>
            <POS>NNS</POS>
            <deprel>obj</deprel>
            <depreal_head_id>10</depreal_head_id>
            <depreal_head_text>expand</depreal_head_text>
            <ner>O</ner>
          </token>
          <token id="14">
            <word>for</word>
            <lemma>for</lemma>
            <CharacterOffsetBegin>781</CharacterOffsetBegin>
            <CharacterOffsetEnd>784</CharacterOffsetEnd>
            <POS>IN</POS>
            <deprel>case</deprel>
            <depreal_head_id>16</depreal_head_id>
            <depreal_head_text>products</depreal_head_text>
            <ner>O</ner>
          </token>
          <token id="15">
            <word>pharma</word>
            <lemma>pharma</lemma>
            <CharacterOffsetBegin>785</CharacterOffsetBegin>
            <CharacterOffsetEnd>791</CharacterOffsetEnd>
            <POS>NN</POS>
            <deprel>compound</deprel>
            <depreal_head_id>16</depreal_head_id>
            <depreal_head_text>products</depreal_head_text>
            <ner>O</ner>
          </token>
          <token id="16">
            <word>products</word>
            <lemma>product</lemma>
            <CharacterOffsetBegin>792</CharacterOffsetBegin>
            <CharacterOffsetEnd>800</CharacterOffsetEnd>
            <POS>NNS</POS>
            <deprel>nmod</deprel>
            <depreal_head_id>13</depreal_head_id>
            <depreal_head_text>offerings</depreal_head_text>
            <ner>O</ner>
          </token>
          <token id="17">
            <word>and</word>
            <lemma>and</lemma>
            <CharacterOffsetBegin>801</CharacterOffsetBegin>
            <CharacterOffsetEnd>804</CharacterOffsetEnd>
            <POS>CC</POS>
            <deprel>cc</deprel>
            <depreal_head_id>18</depreal_head_id>
            <depreal_head_text>perishables</depreal_head_text>
            <ner>O</ner>
          </token>
          <token id="18">
            <word>perishables</word>
            <lemma>perishable</lemma>
            <CharacterOffsetBegin>805</CharacterOffsetBegin>
            <CharacterOffsetEnd>816</CharacterOffsetEnd>
            <POS>NNS</POS>
            <deprel>conj</deprel>
            <depreal_head_id>16</depreal_head_id>
            <depreal_head_text>products</depreal_head_text>
            <ner>O</ner>
          </token>
          <token id="19">
            <word>during</word>
            <lemma>during</lemma>
            <CharacterOffsetBegin>817</CharacterOffsetBegin>
            <CharacterOffsetEnd>823</CharacterOffsetEnd>
            <POS>IN</POS>
            <deprel>case</deprel>
            <depreal_head_id>20</depreal_head_id>
            <depreal_head_text>2017</depreal_head_text>
            <ner>O</ner>
          </token>
          <token id="20">
            <word>2017</word>
            <lemma>2017</lemma>
            <CharacterOffsetBegin>824</CharacterOffsetBegin>
            <CharacterOffsetEnd>828</CharacterOffsetEnd>
            <POS>CD</POS>
            <deprel>nmod</deprel>
            <depreal_head_id>18</depreal_head_id>
            <depreal_head_text>perishables</depreal_head_text>
            <ner>S-DATE</ner>
          </token>
          <token id="21">
            <word>,</word>
            <lemma>,</lemma>
            <CharacterOffsetBegin>828</CharacterOffsetBegin>
            <CharacterOffsetEnd>829</CharacterOffsetEnd>
            <POS>,</POS>
            <deprel>punct</deprel>
            <depreal_head_id>5</depreal_head_id>
            <depreal_head_text>made</depreal_head_text>
            <ner>O</ner>
          </token>
          <token id="22">
            <word>and</word>
            <lemma>and</lemma>
            <CharacterOffsetBegin>830</CharacterOffsetBegin>
            <CharacterOffsetEnd>833</CharacterOffsetEnd>
            <POS>CC</POS>
            <deprel>cc</deprel>
            <depreal_head_id>24</depreal_head_id>
            <depreal_head_text>saw</depreal_head_text>
            <ner>O</ner>
          </token>
          <token id="23">
            <word>subsequently</word>
            <lemma>subsequently</lemma>
            <CharacterOffsetBegin>834</CharacterOffsetBegin>
            <CharacterOffsetEnd>846</CharacterOffsetEnd>
            <POS>RB</POS>
            <deprel>advmod</deprel>
            <depreal_head_id>24</depreal_head_id>
            <depreal_head_text>saw</depreal_head_text>
            <ner>O</ner>
          </token>
          <token id="24">
            <word>saw</word>
            <lemma>see</lemma>
            <CharacterOffsetBegin>847</CharacterOffsetBegin>
            <CharacterOffsetEnd>850</CharacterOffsetEnd>
            <POS>VBD</POS>
            <deprel>conj</deprel>
            <depreal_head_id>10</depreal_head_id>
            <depreal_head_text>expand</depreal_head_text>
            <ner>O</ner>
          </token>
          <token id="25">
            <word>a</word>
            <lemma>a</lemma>
            <CharacterOffsetBegin>851</CharacterOffsetBegin>
            <CharacterOffsetEnd>852</CharacterOffsetEnd>
            <POS>DT</POS>
            <deprel>det</deprel>
            <depreal_head_id>28</depreal_head_id>
            <depreal_head_text>half</depreal_head_text>
            <ner>O</ner>
          </token>
          <token id="26">
            <word>strong</word>
            <lemma>strong</lemma>
            <CharacterOffsetBegin>853</CharacterOffsetBegin>
            <CharacterOffsetEnd>859</CharacterOffsetEnd>
            <POS>JJ</POS>
            <deprel>amod</deprel>
            <depreal_head_id>28</depreal_head_id>
            <depreal_head_text>half</depreal_head_text>
            <ner>O</ner>
          </token>
          <token id="27">
            <word>first</word>
            <lemma>first</lemma>
            <CharacterOffsetBegin>860</CharacterOffsetBegin>
            <CharacterOffsetEnd>865</CharacterOffsetEnd>
            <POS>JJ</POS>
            <deprel>amod</deprel>
            <depreal_head_id>28</depreal_head_id>
            <depreal_head_text>half</depreal_head_text>
            <ner>S-ORDINAL</ner>
          </token>
          <token id="28">
            <word>half</word>
            <lemma>half</lemma>
            <CharacterOffsetBegin>866</CharacterOffsetBegin>
            <CharacterOffsetEnd>870</CharacterOffsetEnd>
            <POS>NN</POS>
            <deprel>obj</deprel>
            <depreal_head_id>24</depreal_head_id>
            <depreal_head_text>saw</depreal_head_text>
            <ner>O</ner>
          </token>
          <token id="29">
            <word>with</word>
            <lemma>with</lemma>
            <CharacterOffsetBegin>871</CharacterOffsetBegin>
            <CharacterOffsetEnd>875</CharacterOffsetEnd>
            <POS>IN</POS>
            <deprel>case</deprel>
            <depreal_head_id>32</depreal_head_id>
            <depreal_head_text>tonnes</depreal_head_text>
            <ner>O</ner>
          </token>
          <token id="30">
            <word>about</word>
            <lemma>about</lemma>
            <CharacterOffsetBegin>876</CharacterOffsetBegin>
            <CharacterOffsetEnd>881</CharacterOffsetEnd>
            <POS>RB</POS>
            <deprel>advmod</deprel>
            <depreal_head_id>31</depreal_head_id>
            <depreal_head_text>66,000</depreal_head_text>
            <ner>B-QUANTITY</ner>
          </token>
          <token id="31">
            <word>66,000</word>
            <lemma>66,000</lemma>
            <CharacterOffsetBegin>882</CharacterOffsetBegin>
            <CharacterOffsetEnd>888</CharacterOffsetEnd>
            <POS>CD</POS>
            <deprel>nummod</deprel>
            <depreal_head_id>32</depreal_head_id>
            <depreal_head_text>tonnes</depreal_head_text>
            <ner>I-QUANTITY</ner>
          </token>
          <token id="32">
            <word>tonnes</word>
            <lemma>tonne</lemma>
            <CharacterOffsetBegin>889</CharacterOffsetBegin>
            <CharacterOffsetEnd>895</CharacterOffsetEnd>
            <POS>NNS</POS>
            <deprel>nmod</deprel>
            <depreal_head_id>28</depreal_head_id>
            <depreal_head_text>half</depreal_head_text>
            <ner>E-QUANTITY</ner>
          </token>
          <token id="33">
            <word>of</word>
            <lemma>of</lemma>
            <CharacterOffsetBegin>896</CharacterOffsetBegin>
            <CharacterOffsetEnd>898</CharacterOffsetEnd>
            <POS>IN</POS>
            <deprel>mark</deprel>
            <depreal_head_id>35</depreal_head_id>
            <depreal_head_text>transported</depreal_head_text>
            <ner>O</ner>
          </token>
          <token id="34">
            <word>airfreight</word>
            <lemma>airfreight</lemma>
            <CharacterOffsetBegin>899</CharacterOffsetBegin>
            <CharacterOffsetEnd>909</CharacterOffsetEnd>
            <POS>NN</POS>
            <deprel>nsubj</deprel>
            <depreal_head_id>35</depreal_head_id>
            <depreal_head_text>transported</depreal_head_text>
            <ner>O</ner>
          </token>
          <token id="35">
            <word>transported</word>
            <lemma>transport</lemma>
            <CharacterOffsetBegin>910</CharacterOffsetBegin>
            <CharacterOffsetEnd>921</CharacterOffsetEnd>
            <POS>VBN</POS>
            <deprel>acl</deprel>
            <depreal_head_id>32</depreal_head_id>
            <depreal_head_text>tonnes</depreal_head_text>
            <ner>O</ner>
          </token>
          <token id="36">
            <word>.</word>
            <lemma>.</lemma>
            <CharacterOffsetBegin>921</CharacterOffsetBegin>
            <CharacterOffsetEnd>922</CharacterOffsetEnd>
            <POS>.</POS>
            <deprel>punct</deprel>
            <depreal_head_id>35</depreal_head_id>
            <depreal_head_text>transported</depreal_head_text>
            <ner>O</ner>
          </token>
          <token id="37">
            <word>The</word>
            <lemma>the</lemma>
            <CharacterOffsetBegin>923</CharacterOffsetBegin>
            <CharacterOffsetEnd>926</CharacterOffsetEnd>
            <POS>DT</POS>
            <deprel>det</deprel>
            <depreal_head_id>38</depreal_head_id>
            <depreal_head_text>company</depreal_head_text>
            <ner>O</ner>
          </token>
          <token id="38">
            <word>company</word>
            <lemma>company</lemma>
            <CharacterOffsetBegin>927</CharacterOffsetBegin>
            <CharacterOffsetEnd>934</CharacterOffsetEnd>
            <POS>NN</POS>
            <deprel>nsubj</deprel>
            <depreal_head_id>39</depreal_head_id>
            <depreal_head_text>added</depreal_head_text>
            <ner>O</ner>
          </token>
          <token id="39">
            <word>added</word>
            <lemma>add</lemma>
            <CharacterOffsetBegin>935</CharacterOffsetBegin>
            <CharacterOffsetEnd>940</CharacterOffsetEnd>
            <POS>VBD</POS>
            <deprel>parataxis</deprel>
            <depreal_head_id>5</depreal_head_id>
            <depreal_head_text>made</depreal_head_text>
            <ner>O</ner>
          </token>
          <token id="40">
            <word>about</word>
            <lemma>about</lemma>
            <CharacterOffsetBegin>941</CharacterOffsetBegin>
            <CharacterOffsetEnd>946</CharacterOffsetEnd>
            <POS>RB</POS>
            <deprel>compound:prt</deprel>
            <depreal_head_id>39</depreal_head_id>
            <depreal_head_text>added</depreal_head_text>
            <ner>B-QUANTITY</ner>
          </token>
          <token id="41">
            <word>540,000</word>
            <lemma>540,000</lemma>
            <CharacterOffsetBegin>947</CharacterOffsetBegin>
            <CharacterOffsetEnd>954</CharacterOffsetEnd>
            <POS>CD</POS>
            <deprel>nummod</deprel>
            <depreal_head_id>43</depreal_head_id>
            <depreal_head_text>meters</depreal_head_text>
            <ner>I-QUANTITY</ner>
          </token>
          <token id="42">
            <word>square</word>
            <lemma>square</lemma>
            <CharacterOffsetBegin>955</CharacterOffsetBegin>
            <CharacterOffsetEnd>961</CharacterOffsetEnd>
            <POS>JJ</POS>
            <deprel>amod</deprel>
            <depreal_head_id>43</depreal_head_id>
            <depreal_head_text>meters</depreal_head_text>
            <ner>I-QUANTITY</ner>
          </token>
          <token id="43">
            <word>meters</word>
            <lemma>meter</lemma>
            <CharacterOffsetBegin>962</CharacterOffsetBegin>
            <CharacterOffsetEnd>968</CharacterOffsetEnd>
            <POS>NNS</POS>
            <deprel>obj</deprel>
            <depreal_head_id>39</depreal_head_id>
            <depreal_head_text>added</depreal_head_text>
            <ner>E-QUANTITY</ner>
          </token>
          <token id="44">
            <word>of</word>
            <lemma>of</lemma>
            <CharacterOffsetBegin>969</CharacterOffsetBegin>
            <CharacterOffsetEnd>971</CharacterOffsetEnd>
            <POS>IN</POS>
            <deprel>case</deprel>
            <depreal_head_id>48</depreal_head_id>
            <depreal_head_text>space</depreal_head_text>
            <ner>O</ner>
          </token>
          <token id="45">
            <word>warehouse</word>
            <lemma>warehouse</lemma>
            <CharacterOffsetBegin>972</CharacterOffsetBegin>
            <CharacterOffsetEnd>981</CharacterOffsetEnd>
            <POS>NN</POS>
            <deprel>compound</deprel>
            <depreal_head_id>48</depreal_head_id>
            <depreal_head_text>space</depreal_head_text>
            <ner>O</ner>
          </token>
          <token id="46">
            <word>and</word>
            <lemma>and</lemma>
            <CharacterOffsetBegin>982</CharacterOffsetBegin>
            <CharacterOffsetEnd>985</CharacterOffsetEnd>
            <POS>CC</POS>
            <deprel>cc</deprel>
            <depreal_head_id>47</depreal_head_id>
            <depreal_head_text>logistics</depreal_head_text>
            <ner>O</ner>
          </token>
          <token id="47">
            <word>logistics</word>
            <lemma>logistics</lemma>
            <CharacterOffsetBegin>986</CharacterOffsetBegin>
            <CharacterOffsetEnd>995</CharacterOffsetEnd>
            <POS>NNS</POS>
            <deprel>conj</deprel>
            <depreal_head_id>45</depreal_head_id>
            <depreal_head_text>warehouse</depreal_head_text>
            <ner>O</ner>
          </token>
          <token id="48">
            <word>space</word>
            <lemma>space</lemma>
            <CharacterOffsetBegin>996</CharacterOffsetBegin>
            <CharacterOffsetEnd>1001</CharacterOffsetEnd>
            <POS>NN</POS>
            <deprel>nmod</deprel>
            <depreal_head_id>43</depreal_head_id>
            <depreal_head_text>meters</depreal_head_text>
            <ner>O</ner>
          </token>
          <token id="49">
            <word>over</word>
            <lemma>over</lemma>
            <CharacterOffsetBegin>1002</CharacterOffsetBegin>
            <CharacterOffsetEnd>1006</CharacterOffsetEnd>
            <POS>IN</POS>
            <deprel>case</deprel>
            <depreal_head_id>52</depreal_head_id>
            <depreal_head_text>half</depreal_head_text>
            <ner>O</ner>
          </token>
          <token id="50">
            <word>the</word>
            <lemma>the</lemma>
            <CharacterOffsetBegin>1007</CharacterOffsetBegin>
            <CharacterOffsetEnd>1010</CharacterOffsetEnd>
            <POS>DT</POS>
            <deprel>det</deprel>
            <depreal_head_id>52</depreal_head_id>
            <depreal_head_text>half</depreal_head_text>
            <ner>B-DATE</ner>
          </token>
          <token id="51">
            <word>first</word>
            <lemma>first</lemma>
            <CharacterOffsetBegin>1011</CharacterOffsetBegin>
            <CharacterOffsetEnd>1016</CharacterOffsetEnd>
            <POS>JJ</POS>
            <deprel>amod</deprel>
            <depreal_head_id>52</depreal_head_id>
            <depreal_head_text>half</depreal_head_text>
            <ner>I-DATE</ner>
          </token>
          <token id="52">
            <word>half</word>
            <lemma>half</lemma>
            <CharacterOffsetBegin>1017</CharacterOffsetBegin>
            <CharacterOffsetEnd>1021</CharacterOffsetEnd>
            <POS>NN</POS>
            <deprel>obl</deprel>
            <depreal_head_id>39</depreal_head_id>
            <depreal_head_text>added</depreal_head_text>
            <ner>I-DATE</ner>
          </token>
          <token id="53">
            <word>of</word>
            <lemma>of</lemma>
            <CharacterOffsetBegin>1022</CharacterOffsetBegin>
            <CharacterOffsetEnd>1024</CharacterOffsetEnd>
            <POS>IN</POS>
            <deprel>case</deprel>
            <depreal_head_id>54</depreal_head_id>
            <depreal_head_text>2017</depreal_head_text>
            <ner>I-DATE</ner>
          </token>
          <token id="54">
            <word>2017</word>
            <lemma>2017</lemma>
            <CharacterOffsetBegin>1025</CharacterOffsetBegin>
            <CharacterOffsetEnd>1029</CharacterOffsetEnd>
            <POS>CD</POS>
            <deprel>nummod</deprel>
            <depreal_head_id>52</depreal_head_id>
            <depreal_head_text>half</depreal_head_text>
            <ner>E-DATE</ner>
          </token>
          <token id="55">
            <word>.</word>
            <lemma>.</lemma>
            <CharacterOffsetBegin>1029</CharacterOffsetBegin>
            <CharacterOffsetEnd>1030</CharacterOffsetEnd>
            <POS>.</POS>
            <deprel>punct</deprel>
            <depreal_head_id>39</depreal_head_id>
            <depreal_head_text>added</depreal_head_text>
            <ner>O</ner>
          </token>
        </tokens>
      </sentence>
      <sentence section="content" type="bodyText" id="6">
        <tokens>
          <token id="1">
            <word>To</word>
            <lemma>to</lemma>
            <CharacterOffsetBegin>1031</CharacterOffsetBegin>
            <CharacterOffsetEnd>1033</CharacterOffsetEnd>
            <POS>TO</POS>
            <deprel>mark</deprel>
            <depreal_head_id>2</depreal_head_id>
            <depreal_head_text>learn</depreal_head_text>
            <ner>O</ner>
          </token>
          <token id="2">
            <word>learn</word>
            <lemma>learn</lemma>
            <CharacterOffsetBegin>1034</CharacterOffsetBegin>
            <CharacterOffsetEnd>1039</CharacterOffsetEnd>
            <POS>VB</POS>
            <deprel>advcl</deprel>
            <depreal_head_id>16</depreal_head_id>
            <depreal_head_text>join</depreal_head_text>
            <ner>O</ner>
          </token>
          <token id="3">
            <word>more</word>
            <lemma>much</lemma>
            <CharacterOffsetBegin>1040</CharacterOffsetBegin>
            <CharacterOffsetEnd>1044</CharacterOffsetEnd>
            <POS>JJR</POS>
            <deprel>xcomp</deprel>
            <depreal_head_id>2</depreal_head_id>
            <depreal_head_text>learn</depreal_head_text>
            <ner>O</ner>
          </token>
          <token id="4">
            <word>about</word>
            <lemma>about</lemma>
            <CharacterOffsetBegin>1045</CharacterOffsetBegin>
            <CharacterOffsetEnd>1050</CharacterOffsetEnd>
            <POS>IN</POS>
            <deprel>case</deprel>
            <depreal_head_id>6</depreal_head_id>
            <depreal_head_text>innovations</depreal_head_text>
            <ner>O</ner>
          </token>
          <token id="5">
            <word>future</word>
            <lemma>future</lemma>
            <CharacterOffsetBegin>1051</CharacterOffsetBegin>
            <CharacterOffsetEnd>1057</CharacterOffsetEnd>
            <POS>JJ</POS>
            <deprel>amod</deprel>
            <depreal_head_id>6</depreal_head_id>
            <depreal_head_text>innovations</depreal_head_text>
            <ner>O</ner>
          </token>
          <token id="6">
            <word>innovations</word>
            <lemma>innovation</lemma>
            <CharacterOffsetBegin>1058</CharacterOffsetBegin>
            <CharacterOffsetEnd>1069</CharacterOffsetEnd>
            <POS>NNS</POS>
            <deprel>nmod</deprel>
            <depreal_head_id>3</depreal_head_id>
            <depreal_head_text>more</depreal_head_text>
            <ner>O</ner>
          </token>
          <token id="7">
            <word>in</word>
            <lemma>in</lemma>
            <CharacterOffsetBegin>1070</CharacterOffsetBegin>
            <CharacterOffsetEnd>1072</CharacterOffsetEnd>
            <POS>IN</POS>
            <deprel>case</deprel>
            <depreal_head_id>9</depreal_head_id>
            <depreal_head_text>forwarding</depreal_head_text>
            <ner>O</ner>
          </token>
          <token id="8">
            <word>freight</word>
            <lemma>freight</lemma>
            <CharacterOffsetBegin>1073</CharacterOffsetBegin>
            <CharacterOffsetEnd>1080</CharacterOffsetEnd>
            <POS>NN</POS>
            <deprel>compound</deprel>
            <depreal_head_id>9</depreal_head_id>
            <depreal_head_text>forwarding</depreal_head_text>
            <ner>O</ner>
          </token>
          <token id="9">
            <word>forwarding</word>
            <lemma>forwarding</lemma>
            <CharacterOffsetBegin>1081</CharacterOffsetBegin>
            <CharacterOffsetEnd>1091</CharacterOffsetEnd>
            <POS>NN</POS>
            <deprel>nmod</deprel>
            <depreal_head_id>6</depreal_head_id>
            <depreal_head_text>innovations</depreal_head_text>
            <ner>O</ner>
          </token>
          <token id="10">
            <word>,</word>
            <lemma>,</lemma>
            <CharacterOffsetBegin>1091</CharacterOffsetBegin>
            <CharacterOffsetEnd>1092</CharacterOffsetEnd>
            <POS>,</POS>
            <deprel>punct</deprel>
            <depreal_head_id>2</depreal_head_id>
            <depreal_head_text>learn</depreal_head_text>
            <ner>O</ner>
          </token>
          <token id="11">
            <word>air</word>
            <lemma>air</lemma>
            <CharacterOffsetBegin>1093</CharacterOffsetBegin>
            <CharacterOffsetEnd>1096</CharacterOffsetEnd>
            <POS>NN</POS>
            <deprel>det</deprel>
            <depreal_head_id>12</depreal_head_id>
            <depreal_head_text>freight</depreal_head_text>
            <ner>O</ner>
          </token>
          <token id="12">
            <word>freight</word>
            <lemma>freight</lemma>
            <CharacterOffsetBegin>1097</CharacterOffsetBegin>
            <CharacterOffsetEnd>1104</CharacterOffsetEnd>
            <POS>NN</POS>
            <deprel>conj</deprel>
            <depreal_head_id>9</depreal_head_id>
            <depreal_head_text>forwarding</depreal_head_text>
            <ner>O</ner>
          </token>
          <token id="13">
            <word>and</word>
            <lemma>and</lemma>
            <CharacterOffsetBegin>1105</CharacterOffsetBegin>
            <CharacterOffsetEnd>1108</CharacterOffsetEnd>
            <POS>CC</POS>
            <deprel>cc</deprel>
            <depreal_head_id>14</depreal_head_id>
            <depreal_head_text>logistics</depreal_head_text>
            <ner>O</ner>
          </token>
          <token id="14">
            <word>logistics</word>
            <lemma>logistics</lemma>
            <CharacterOffsetBegin>1109</CharacterOffsetBegin>
            <CharacterOffsetEnd>1118</CharacterOffsetEnd>
            <POS>NNS</POS>
            <deprel>conj</deprel>
            <depreal_head_id>9</depreal_head_id>
            <depreal_head_text>forwarding</depreal_head_text>
            <ner>O</ner>
          </token>
          <token id="15">
            <word>,</word>
            <lemma>,</lemma>
            <CharacterOffsetBegin>1118</CharacterOffsetBegin>
            <CharacterOffsetEnd>1119</CharacterOffsetEnd>
            <POS>,</POS>
            <deprel>punct</deprel>
            <depreal_head_id>2</depreal_head_id>
            <depreal_head_text>learn</depreal_head_text>
            <ner>O</ner>
          </token>
          <token id="16">
            <word>join</word>
            <lemma>join</lemma>
            <CharacterOffsetBegin>1120</CharacterOffsetBegin>
            <CharacterOffsetEnd>1124</CharacterOffsetEnd>
            <POS>VB</POS>
            <deprel>root</deprel>
            <depreal_head_id>0</depreal_head_id>
            <depreal_head_text>root</depreal_head_text>
            <ner>O</ner>
          </token>
          <token id="17">
            <word>us</word>
            <lemma>we</lemma>
            <CharacterOffsetBegin>1125</CharacterOffsetBegin>
            <CharacterOffsetEnd>1127</CharacterOffsetEnd>
            <POS>PRP</POS>
            <deprel>obj</deprel>
            <depreal_head_id>16</depreal_head_id>
            <depreal_head_text>join</depreal_head_text>
            <ner>O</ner>
          </token>
          <token id="18">
            <word>at</word>
            <lemma>at</lemma>
            <CharacterOffsetBegin>1128</CharacterOffsetBegin>
            <CharacterOffsetEnd>1130</CharacterOffsetEnd>
            <POS>IN</POS>
            <deprel>case</deprel>
            <depreal_head_id>23</depreal_head_id>
            <depreal_head_text>ELEVATE</depreal_head_text>
            <ner>O</ner>
          </token>
          <token id="19">
            <word>Air</word>
            <lemma>Air</lemma>
            <CharacterOffsetBegin>1131</CharacterOffsetBegin>
            <CharacterOffsetEnd>1134</CharacterOffsetEnd>
            <POS>NNP</POS>
            <deprel>nmod:poss</deprel>
            <depreal_head_id>23</depreal_head_id>
            <depreal_head_text>ELEVATE</depreal_head_text>
            <ner>B-ORG</ner>
          </token>
          <token id="20">
            <word>Cargo</word>
            <lemma>cargo</lemma>
            <CharacterOffsetBegin>1135</CharacterOffsetBegin>
            <CharacterOffsetEnd>1140</CharacterOffsetEnd>
            <POS>NNP</POS>
            <deprel>flat</deprel>
            <depreal_head_id>21</depreal_head_id>
            <depreal_head_text>World</depreal_head_text>
            <ner>I-ORG</ner>
          </token>
          <token id="21">
            <word>World</word>
            <lemma>world</lemma>
            <CharacterOffsetBegin>1141</CharacterOffsetBegin>
            <CharacterOffsetEnd>1146</CharacterOffsetEnd>
            <POS>NNP</POS>
            <deprel>nmod</deprel>
            <depreal_head_id>23</depreal_head_id>
            <depreal_head_text>ELEVATE</depreal_head_text>
            <ner>I-ORG</ner>
          </token>
          <token id="22">
            <word>'s</word>
            <lemma>'s</lemma>
            <CharacterOffsetBegin>1146</CharacterOffsetBegin>
            <CharacterOffsetEnd>1148</CharacterOffsetEnd>
            <POS>POS</POS>
            <deprel>case</deprel>
            <depreal_head_id>21</depreal_head_id>
            <depreal_head_text>World</depreal_head_text>
            <ner>E-ORG</ner>
          </token>
          <token id="23">
            <word>ELEVATE</word>
            <lemma>ELEvate</lemma>
            <CharacterOffsetBegin>1149</CharacterOffsetBegin>
            <CharacterOffsetEnd>1156</CharacterOffsetEnd>
            <POS>NNP</POS>
            <deprel>obl</deprel>
            <depreal_head_id>16</depreal_head_id>
            <depreal_head_text>join</depreal_head_text>
            <ner>B-ORG</ner>
          </token>
          <token id="24">
            <word>Conference</word>
            <lemma>Conference</lemma>
            <CharacterOffsetBegin>1157</CharacterOffsetBegin>
            <CharacterOffsetEnd>1167</CharacterOffsetEnd>
            <POS>NNP</POS>
            <deprel>obl</deprel>
            <depreal_head_id>16</depreal_head_id>
            <depreal_head_text>join</depreal_head_text>
            <ner>E-ORG</ner>
          </token>
          <token id="25">
            <word>in</word>
            <lemma>in</lemma>
            <CharacterOffsetBegin>1168</CharacterOffsetBegin>
            <CharacterOffsetEnd>1170</CharacterOffsetEnd>
            <POS>IN</POS>
            <deprel>case</deprel>
            <depreal_head_id>26</depreal_head_id>
            <depreal_head_text>Miami</depreal_head_text>
            <ner>O</ner>
          </token>
          <token id="26">
            <word>Miami</word>
            <lemma>Miami</lemma>
            <CharacterOffsetBegin>1171</CharacterOffsetBegin>
            <CharacterOffsetEnd>1176</CharacterOffsetEnd>
            <POS>NNP</POS>
            <deprel>obl</deprel>
            <depreal_head_id>16</depreal_head_id>
            <depreal_head_text>join</depreal_head_text>
            <ner>S-GPE</ner>
          </token>
          <token id="27">
            <word>,</word>
            <lemma>,</lemma>
            <CharacterOffsetBegin>1176</CharacterOffsetBegin>
            <CharacterOffsetEnd>1177</CharacterOffsetEnd>
            <POS>,</POS>
            <deprel>punct</deprel>
            <depreal_head_id>28</depreal_head_id>
            <depreal_head_text>Oct.</depreal_head_text>
            <ner>O</ner>
          </token>
          <token id="28">
            <word>Oct.</word>
            <lemma>Oct.</lemma>
            <CharacterOffsetBegin>1178</CharacterOffsetBegin>
            <CharacterOffsetEnd>1182</CharacterOffsetEnd>
            <POS>NNP</POS>
            <deprel>conj</deprel>
            <depreal_head_id>26</depreal_head_id>
            <depreal_head_text>Miami</depreal_head_text>
            <ner>B-DATE</ner>
          </token>
          <token id="29">
            <word>2</word>
            <lemma>2</lemma>
            <CharacterOffsetBegin>1183</CharacterOffsetBegin>
            <CharacterOffsetEnd>1184</CharacterOffsetEnd>
            <POS>CD</POS>
            <deprel>nummod</deprel>
            <depreal_head_id>28</depreal_head_id>
            <depreal_head_text>Oct.</depreal_head_text>
            <ner>E-DATE</ner>
          </token>
          <token id="30">
            <word>.</word>
            <lemma>.</lemma>
            <CharacterOffsetBegin>1184</CharacterOffsetBegin>
            <CharacterOffsetEnd>1185</CharacterOffsetEnd>
            <POS>.</POS>
            <deprel>punct</deprel>
            <depreal_head_id>28</depreal_head_id>
            <depreal_head_text>Oct.</depreal_head_text>
            <ner>O</ner>
          </token>
          <token id="31">
            <word>Click</word>
            <lemma>click</lemma>
            <CharacterOffsetBegin>1186</CharacterOffsetBegin>
            <CharacterOffsetEnd>1191</CharacterOffsetEnd>
            <POS>VB</POS>
            <deprel>conj</deprel>
            <depreal_head_id>16</depreal_head_id>
            <depreal_head_text>join</depreal_head_text>
            <ner>O</ner>
          </token>
          <token id="32">
            <word>here</word>
            <lemma>here</lemma>
            <CharacterOffsetBegin>1192</CharacterOffsetBegin>
            <CharacterOffsetEnd>1196</CharacterOffsetEnd>
            <POS>RB</POS>
            <deprel>advmod</deprel>
            <depreal_head_id>31</depreal_head_id>
            <depreal_head_text>Click</depreal_head_text>
            <ner>O</ner>
          </token>
          <token id="33">
            <word>for</word>
            <lemma>for</lemma>
            <CharacterOffsetBegin>1197</CharacterOffsetBegin>
            <CharacterOffsetEnd>1200</CharacterOffsetEnd>
            <POS>IN</POS>
            <deprel>case</deprel>
            <depreal_head_id>35</depreal_head_id>
            <depreal_head_text>information</depreal_head_text>
            <ner>O</ner>
          </token>
          <token id="34">
            <word>registration</word>
            <lemma>registration</lemma>
            <CharacterOffsetBegin>1201</CharacterOffsetBegin>
            <CharacterOffsetEnd>1213</CharacterOffsetEnd>
            <POS>NN</POS>
            <deprel>compound</deprel>
            <depreal_head_id>35</depreal_head_id>
            <depreal_head_text>information</depreal_head_text>
            <ner>O</ner>
          </token>
          <token id="35">
            <word>information</word>
            <lemma>information</lemma>
            <CharacterOffsetBegin>1214</CharacterOffsetBegin>
            <CharacterOffsetEnd>1225</CharacterOffsetEnd>
            <POS>NN</POS>
            <deprel>obl</deprel>
            <depreal_head_id>31</depreal_head_id>
            <depreal_head_text>Click</depreal_head_text>
            <ner>O</ner>
          </token>
          <token id="36">
            <word>.</word>
            <lemma>.</lemma>
            <CharacterOffsetBegin>1225</CharacterOffsetBegin>
            <CharacterOffsetEnd>1226</CharacterOffsetEnd>
            <POS>.</POS>
            <deprel>punct</deprel>
            <depreal_head_id>31</depreal_head_id>
            <depreal_head_text>Click</depreal_head_text>
            <ner>O</ner>
          </token>
        </tokens>
      </sentence>
    </sentences>
  </document>
</root>
